BADANIE;Jednostka;Cena
RTG CITO;alfasochaczew;36
RTG CITO;bimed;32
RTG CITO;diamed;34
RTG CITO;domchojna2;38
RTG CITO;domchojna;38
RTG CITO;gz;37
RTG CITO;gzplonsk;37
RTG CITO;gzszczecin;37
RTG CITO;kamienpomorski;38
RTG CITO;kosmowroclaw;34
RTG CITO;medinet;38
RTG CITO;nrkrakow;36
RTG CITO;nzozevita;36
RTG CITO;powiatsredzki;42
RTG CITO;smtorun;36
RTG CITO;szpitalsiemiatycze;0
RTG CITO;tdallmedica;36
RTG CITO;tdcmbatorego;33
RTG CITO;tdcrir;0
RTG CITO;tdkoszalinmswia;33
RTG CITO;tdorzesze;0
RTG CITO;tdstalowawola;35
RTG CITO;tdtargowek;0
RTG CITO;tdzozwola;32
RTG CITO;wimed;38
RTG CITO;wss5;38
RTG CITO;bialogard;39
RTG CITO;brodnica;38
RTG CITO;brzesko;40
RTG CITO;cobydgoszcz;42
RTG CITO;dcmdolmed;38
RTG CITO;dzierzoniow;38
RTG CITO;faceclinic;0
RTG CITO;goleniow;45
RTG CITO;gorlice;36
RTG CITO;grajewo;38
RTG CITO;grodzisk;34
RTG CITO;kartuzy;38
RTG CITO;klodzko;36
RTG CITO;lapy;36
RTG CITO;lubaczow;42
RTG CITO;mswsiedlce;39
RTG CITO;nml;36
RTG CITO;ostrow;40
RTG CITO;pczotwock;37
RTG CITO;radiomedica;36
RTG CITO;rybnik;34
RTG CITO;scanmed;38
RTG CITO;sokolow;36
RTG CITO;spbochnia;29
RTG CITO;spzozlezajsk;0
RTG CITO;spzozmc;38
RTG CITO;spzozturek;0
RTG CITO;spzzozsierpc;40
RTG CITO;starachowice;38
RTG CITO;swk;42
RTG CITO;szpitaldzieciecy;40
RTG CITO;szpitallubartow;38
RTG CITO;szpitalopole;34
RTG CITO;szpitalzakopane;0
RTG CITO;szpitalzawiercie;38
RTG CITO;tdbelzyce;38
RTG CITO;tdblachownia;38
RTG CITO;tdbonifratrzy;39
RTG CITO;tdbrodnowski;34
RTG CITO;tdemcpiaseczno;39
RTG CITO;tdgammaknife;39
RTG CITO;tdgniezno;38
RTG CITO;tdipin;38
RTG CITO;tdkluczbork;0
RTG CITO;tdksskrakow;0
RTG CITO;tdneuromedyka;36
RTG CITO;tdnowomedica;0
RTG CITO;tdonkologiaradom;39
RTG CITO;tdparczew;37
RTG CITO;tdpionki;37
RTG CITO;tdpraski;36
RTG CITO;tdpoludniowy;32
RTG CITO;tdpyrzyce;36
RTG CITO;tdscanmedak5;0
RTG CITO;tdscanmedpila;0
RTG CITO;tdsmswinoujscie;36
RTG CITO;tdspectrum;0
RTG CITO;tdspzozkolo;34
RTG CITO;tdspzozsiedlce;35
RTG CITO;tdsulechowNOWY;36
RTG CITO;tdszpitalchelm;33
RTG CITO;tdszpitalkolno;39
RTG CITO;tdwszplock;0
RTG CITO;tdzoznidzica;38
RTG CITO;tdzozplonsk;0
RTG CITO;td7szmw;0
RTG CITO;tworki;0
RTG CITO;uskbialystok;0
RTG CITO;uskpoznan;35
RTG CITO;wlodawa;42
RTG CITO;zambrow;38
RTG CITO;zgorzelec;36
RTG CITO;zozbiala;37
RTG CITO;zozswietochlowice;39
RTG CITO;almed;36
RTG CITO;dabrowatarnowska;39
RTG CITO;grupazdrowie;37
RTG CITO;komed;37
RTG CITO;mswiapoznan;36
RTG CITO;poddebice2;34
RTG CITO;swp;39
RTG CITO;puszczykowo;39
RTG CITO;rodamed;39
RTG CITO;sm4gliwice;39
RTG CITO;spzozgrodzisk;39
RTG CITO;spzozswidnica;36
RTG CITO;szpitaljaslo;38
RTG CITO;szpitalrydygier;38
RTG CITO;tdmilicz;0
RTG CITO;tdsuchab;0
RTG CITO;tomograf;39
RTG CITO;wsswroclaw;38
RTG CITO;wysmaz;36
RTG CITO;zozbol;35,9
RTG CITO;zozboleslawiec;35,9
RTG CITO;zozsochaczew;42
RTG PILNE;alfasochaczew;30
RTG PILNE;diamed;33
RTG PILNE;domchojna2;33
RTG PILNE;domchojna;33
RTG PILNE;gz;33
RTG PILNE;gzplonsk;33
RTG PILNE;gzszczecin;33
RTG PILNE;kamienpomorski;33
RTG PILNE;kosmowroclaw;32
RTG PILNE;medinet;33
RTG PILNE;nrkrakow;34
RTG PILNE;nzozevita;34
RTG PILNE;powiatsredzki;36
RTG PILNE;smtorun;34
RTG PILNE;szpitalsiemiatycze;0
RTG PILNE;tdallmedica;32
RTG PILNE;tdcmbatorego;29
RTG PILNE;tdcrir;34
RTG PILNE;tdkoszalinmswia;28
RTG PILNE;tdorzesze;34
RTG PILNE;tdstalowawola;31
RTG PILNE;tdtargowek;34
RTG PILNE;tdzozwola;0
RTG PILNE;wegorzewo;0
RTG PILNE;wimed;33
RTG PILNE;wss5;34
RTG PILNE;bialogard;34
RTG PILNE;brodnica;32
RTG PILNE;brzesko;36
RTG PILNE;cobydgoszcz;36
RTG PILNE;dcmdolmed;34
RTG PILNE;dzierzoniow;34
RTG PILNE;faceclinic;0
RTG PILNE;goleniow;0
RTG PILNE;gorlice;0
RTG PILNE;grajewo;34
RTG PILNE;grodzisk;29
RTG PILNE;kartuzy;0
RTG PILNE;klodzko;32
RTG PILNE;lapy;34
RTG PILNE;lubaczow;35
RTG PILNE;mswsiedlce;35
RTG PILNE;nml;34
RTG PILNE;ostrow;36
RTG PILNE;pczotwock;33
RTG PILNE;radiomedica;31
RTG PILNE;rybnik;32
RTG PILNE;scanmed;36
RTG PILNE;sokolow;34
RTG PILNE;spbochnia;0
RTG PILNE;spzozlezajsk;0
RTG PILNE;spzozturek;0
RTG PILNE;spzzozsierpc;36
RTG PILNE;starachowice;36
RTG PILNE;swk;36
RTG PILNE;szpitaldzieciecy;36
RTG PILNE;szpitallubartow;34
RTG PILNE;szpitalopole;30
RTG PILNE;szpitalzakopane;32
RTG PILNE;szpitalzawiercie;36
RTG PILNE;tdbelzyce;36
RTG PILNE;tdblachownia;36
RTG PILNE;tdbonifratrzy;34
RTG PILNE;tdbrodnowski;29
RTG PILNE;tdemcpiaseczno;36
RTG PILNE;tdgammaknife;34
RTG PILNE;tdkluczbork;0
RTG PILNE;tdksskrakow;0
RTG PILNE;tdneuromedyka;34
RTG PILNE;tdnowomedica;0
RTG PILNE;tdonkologiaradom;34
RTG PILNE;tdparczew;32
RTG PILNE;tdpionki;33
RTG PILNE;tdpraski;34
RTG PILNE;tdpoludniowy;0
RTG PILNE;tdpyrzyce;34
RTG PILNE;tdscanmedak5;0
RTG PILNE;tdscanmedpila;0
RTG PILNE;tdsmswinoujscie;0
RTG PILNE;tdspectrum;0
RTG PILNE;tdspzozkolo;30
RTG PILNE;tdspzozsiedlce;0
RTG PILNE;tdsulechowNOWY;32
RTG PILNE;tdszpitalchelm;29
RTG PILNE;tdszpitalkolno;39
RTG PILNE;tdwszplock;0
RTG PILNE;tdzoznidzica;0
RTG PILNE;tdzozplonsk;0
RTG PILNE;td7szmw;0
RTG PILNE;tworki;0
RTG PILNE;uskbialystok;0
RTG PILNE;uskpoznan;0
RTG PILNE;wlodawa;38
RTG PILNE;zambrow;32
RTG PILNE;zgorzelec;34
RTG PILNE;zozbiala;32
RTG PILNE;zozswietochlowice;0
RTG PILNE;almed;33
RTG PILNE;dabrowatarnowska;34
RTG PILNE;grupazdrowie;33
RTG PILNE;komed;30
RTG PILNE;mswiapoznan;33
RTG PILNE;poddebice2;32
RTG PILNE;swp;36
RTG PILNE;puszczykowo;36
RTG PILNE;rodamed;34
RTG PILNE;sm4gliwice;34
RTG PILNE;spzozgrodzisk;35
RTG PILNE;spzozswidnica;34
RTG PILNE;szpitaljaslo;34
RTG PILNE;szpitalrydygier;36
RTG PILNE;tdmilicz;0
RTG PILNE;tdsuchab;0
RTG PILNE;tomograf;34
RTG PILNE;wsswroclaw;36
RTG PILNE;wysmaz;32
RTG PILNE;zozbol;29,9
RTG PILNE;zozboleslawiec;29,9
RTG PILNE;zozsochaczew;36
RTG PLANOWE;alfasochaczew;27
RTG PLANOWE;bimed;28
RTG PLANOWE;diamed;29
RTG PLANOWE;domchojna2;29
RTG PLANOWE;domchojna;29
RTG PLANOWE;gz;30
RTG PLANOWE;gzplonsk;30
RTG PLANOWE;gzszczecin;30
RTG PLANOWE;kamienpomorski;29
RTG PLANOWE;kosmowroclaw;29
RTG PLANOWE;medinet;29
RTG PLANOWE;nrkrakow;32
RTG PLANOWE;nzozevita;29
RTG PLANOWE;powiatsredzki;32
RTG PLANOWE;smtorun;30
RTG PLANOWE;szpitalsiemiatycze;0
RTG PLANOWE;tdallmedica;28
RTG PLANOWE;tdcmbatorego;25
RTG PLANOWE;tdcrir;29
RTG PLANOWE;tdkoszalinmswia;25
RTG PLANOWE;tdorzesze;30
RTG PLANOWE;tdstalowawola;29
RTG PLANOWE;tdtargowek;30
RTG PLANOWE;tdzozwola;28
RTG PLANOWE;wegorzewo;29
RTG PLANOWE;wimed;29
RTG PLANOWE;wss5;28
RTG PLANOWE;bialogard;30
RTG PLANOWE;brodnica;27
RTG PLANOWE;brzesko;32
RTG PLANOWE;cobydgoszcz;0
RTG PLANOWE;dcmdolmed;32
RTG PLANOWE;dzierzoniow;29
RTG PLANOWE;faceclinic;0
RTG PLANOWE;goleniow;34
RTG PLANOWE;gorlice;32
RTG PLANOWE;grajewo;32
RTG PLANOWE;grodzisk;26
RTG PLANOWE;kartuzy;28
RTG PLANOWE;klodzko;28
RTG PLANOWE;lapy;32
RTG PLANOWE;lubaczow;29
RTG PLANOWE;mswsiedlce;33
RTG PLANOWE;nml;29
RTG PLANOWE;ostrow;30
RTG PLANOWE;pczotwock;31
RTG PLANOWE;radiomedica;27
RTG PLANOWE;rybnik;29
RTG PLANOWE;scanmed;30,5
RTG PLANOWE;sokolow;30
RTG PLANOWE;spbochnia;0
RTG PLANOWE;spzozlezajsk;0
RTG PLANOWE;spzozmc;30
RTG PLANOWE;spzozturek;0
RTG PLANOWE;spzzozsierpc;30
RTG PLANOWE;starachowice;32
RTG PLANOWE;swk;32
RTG PLANOWE;szpitaldzieciecy;32
RTG PLANOWE;szpitallubartow;32
RTG PLANOWE;szpitalopole;28
RTG PLANOWE;szpitalzakopane;30
RTG PLANOWE;szpitalzawiercie;34
RTG PLANOWE;tdbelzyce;28
RTG PLANOWE;tdblachownia;30,5
RTG PLANOWE;tdbonifratrzy;32
RTG PLANOWE;tdbrodnowski;26
RTG PLANOWE;tdemcpiaseczno;0
RTG PLANOWE;tdgammaknife;32
RTG PLANOWE;tdgniezno;29
RTG PLANOWE;tdipin;30
RTG PLANOWE;tdkluczbork;0
RTG PLANOWE;tdksskrakow;0
RTG PLANOWE;tdneuromedyka;29
RTG PLANOWE;tdnowomedica;0
RTG PLANOWE;tdonkologiaradom;32
RTG PLANOWE;tdparczew;30
RTG PLANOWE;tdpionki;29
RTG PLANOWE;tdpraski;30
RTG PLANOWE;tdpoludniowy;27
RTG PLANOWE;tdpyrzyce;30
RTG PLANOWE;tdscanmedak5;0
RTG PLANOWE;tdscanmedpila;0
RTG PLANOWE;tdsmswinoujscie;29
RTG PLANOWE;tdspectrum;0
RTG PLANOWE;tdspzozkolo;28
RTG PLANOWE;tdspzozsiedlce;28
RTG PLANOWE;tdsulechowNOWY;28
RTG PLANOWE;tdszpitalchelm;25
RTG PLANOWE;tdszpitalkolno;32
RTG PLANOWE;tdwszplock;30
RTG PLANOWE;tdzoznidzica;0
RTG PLANOWE;tdzozplonsk;0
RTG PLANOWE;td7szmw;0
RTG PLANOWE;tworki;0
RTG PLANOWE;uskbialystok;0
RTG PLANOWE;uskpoznan;0
RTG PLANOWE;wlodawa;32
RTG PLANOWE;zambrow;30
RTG PLANOWE;zgorzelec;30
RTG PLANOWE;zozbiala;27
RTG PLANOWE;zozswietochlowice;0
RTG PLANOWE;almed;30
RTG PLANOWE;dabrowatarnowska;0
RTG PLANOWE;grupazdrowie;30
RTG PLANOWE;komed;27
RTG PLANOWE;mswiapoznan;27
RTG PLANOWE;poddebice2;29,5
RTG PLANOWE;swp;32
RTG PLANOWE;puszczykowo;32
RTG PLANOWE;rodamed;29
RTG PLANOWE;sm4gliwice;32
RTG PLANOWE;spzozgrodzisk;29
RTG PLANOWE;spzozswidnica;30
RTG PLANOWE;szpitaljaslo;30
RTG PLANOWE;szpitalrydygier;32
RTG PLANOWE;tdmilicz;0
RTG PLANOWE;tdsuchab;32
RTG PLANOWE;tomograf;32
RTG PLANOWE;wsswroclaw;32
RTG PLANOWE;wysmaz;28
RTG PLANOWE;zozbol;24,9
RTG PLANOWE;zozboleslawiec;24,9
RTG PLANOWE;zozsochaczew;32
TK CITO;alfasochaczew;0
TK CITO;diamed;0
TK CITO;domchojna2;0
TK CITO;domchojna;0
TK CITO;gz;0
TK CITO;gzplonsk;0
TK CITO;gzszczecin;0
TK CITO;kamienpomorski;0
TK CITO;kosmowroclaw;0
TK CITO;medinet;0
TK CITO;nrkrakow;0
TK CITO;nzozevita;0
TK CITO;powiatsredzki;0
TK CITO;smtorun;0
TK CITO;szpitalsiemiatycze;0
TK CITO;tdallmedica;0
TK CITO;tdcrir;0
TK CITO;tdkoszalinmswia;0
TK CITO;tdorzesze;0
TK CITO;tdstalowawola;0
TK CITO;tdtargowek;0
TK CITO;tdzozwola;0
TK CITO;wegorzewo;0
TK CITO;wimed;0
TK CITO;wss5;0
TK CITO;bialogard;235
TK CITO;brodnica;215
TK CITO;brzesko;220
TK CITO;cobydgoszcz;250
TK CITO;dcmdolmed;250
TK CITO;dzierzoniow;250
TK CITO;faceclinic;0
TK CITO;goleniow;320
TK CITO;gorlice;230
TK CITO;grajewo;240
TK CITO;grodzisk;190
TK CITO;kartuzy;210
TK CITO;klodzko;235
TK CITO;lapy;220
TK CITO;lubaczow;240
TK CITO;mswsiedlce;270
TK CITO;nml;240
TK CITO;ostrow;220
TK CITO;pczotwock;240
TK CITO;radiomedica;220
TK CITO;rybnik;210
TK CITO;scanmed;215
TK CITO;sokolow;210
TK CITO;spbochnia;195
TK CITO;spzozlezajsk;210
TK CITO;spzozmc;230
TK CITO;spzozturek;195
TK CITO;spzzozsierpc;220
TK CITO;starachowice;220
TK CITO;swk;240
TK CITO;szpitaldzieciecy;230
TK CITO;szpitallubartow;215
TK CITO;szpitalopole;260
TK CITO;szpitalzakopane;225
TK CITO;szpitalzawiercie;260
TK CITO;tdbelzyce;240
TK CITO;tdblachownia;215
TK CITO;tdbonifratrzy;240
TK CITO;tdbrodnowski;230
TK CITO;tdemcpiaseczno;240
TK CITO;tdgniezno;250
TK CITO;tdipin;230
TK CITO;tdkluczbork;0
TK CITO;tdkolbuszowa;230
TK CITO;tdksskrakow;230
TK CITO;tdneuromedyka;230
TK CITO;tdnowomedica;0
TK CITO;tdonkologiaradom;0
TK CITO;tdparczew;260
TK CITO;tdpionki;240
TK CITO;tdpraski;210
TK CITO;tdpoludniowy;220
TK CITO;tdpyrzyce;250
TK CITO;tdscanmedak5;0
TK CITO;tdscanmedpila;215
TK CITO;tdsmswinoujscie;270
TK CITO;tdspectrum;0
TK CITO;tdspzozkolo;195
TK CITO;tdspzozsiedlce;220
TK CITO;tdsulechowNOWY;230
TK CITO;tdszpitalchelm;240
TK CITO;tdszpitalkolno;230
TK CITO;tdwszplock;240
TK CITO;tdzoznidzica;210
TK CITO;tdzozplonsk;225
TK CITO;td7szmw;210
TK CITO;tworki;280
TK CITO;uskbialystok;230
TK CITO;uskpoznan;180
TK CITO;wlodawa;200
TK CITO;zambrow;210
TK CITO;zgorzelec;230
TK CITO;zozbiala;210
TK CITO;zozswietochlowice;260
TK CITO;almed;205
TK CITO;dabrowatarnowska;235
TK CITO;grupazdrowie;240
TK CITO;komed;250
TK CITO;mswiapoznan;220
TK CITO;poddebice2;215
TK CITO;swp;250
TK CITO;puszczykowo;250
TK CITO;rodamed;195
TK CITO;sm4gliwice;260
TK CITO;spzozgrodzisk;210
TK CITO;spzozswidnica;230
TK CITO;szpitaljaslo;250
TK CITO;szpitalrydygier;250
TK CITO;tdmilicz;270
TK CITO;tdsuchab;260
TK CITO;tomograf;260
TK CITO;wsswroclaw;250
TK CITO;wysmaz;220
TK CITO;zozbol;180,9
TK CITO;zozboleslawiec;180,9
TK CITO;zozsochaczew;210
TK PILNE;alfasochaczew;0
TK PILNE;diamed;0
TK PILNE;domchojna2;0
TK PILNE;domchojna;0
TK PILNE;gz;0
TK PILNE;gzplonsk;0
TK PILNE;gzszczecin;0
TK PILNE;kamienpomorski;0
TK PILNE;kosmowroclaw;0
TK PILNE;medinet;0
TK PILNE;nrkrakow;0
TK PILNE;nzozevita;0
TK PILNE;powiatsredzki;0
TK PILNE;smtorun;0
TK PILNE;szpitalsiemiatycze;0
TK PILNE;tdallmedica;0
TK PILNE;tdcrir;0
TK PILNE;tdkoszalinmswia;0
TK PILNE;tdorzesze;0
TK PILNE;tdstalowawola;0
TK PILNE;tdtargowek;0
TK PILNE;tdzozwola;0
TK PILNE;wegorzewo;0
TK PILNE;wimed;0
TK PILNE;wss5;0
TK PILNE;bialogard;210
TK PILNE;brodnica;185
TK PILNE;brzesko;210
TK PILNE;cobydgoszcz;230
TK PILNE;dcmdolmed;230
TK PILNE;dzierzoniow;230
TK PILNE;faceclinic;0
TK PILNE;goleniow;280
TK PILNE;gorlice;0
TK PILNE;grajewo;230
TK PILNE;grodzisk;175
TK PILNE;kartuzy;190
TK PILNE;klodzko;210
TK PILNE;lapy;210
TK PILNE;lubaczow;210
TK PILNE;mswsiedlce;250
TK PILNE;nml;225
TK PILNE;ostrow;210
TK PILNE;pczotwock;225
TK PILNE;radiomedica;200
TK PILNE;rybnik;190
TK PILNE;scanmed;195
TK PILNE;sokolow;200
TK PILNE;spbochnia;180
TK PILNE;spzozlezajsk;200
TK PILNE;spzozmc;210
TK PILNE;spzozturek;180
TK PILNE;spzzozsierpc;210
TK PILNE;starachowice;205
TK PILNE;swk;230
TK PILNE;szpitaldzieciecy;210
TK PILNE;szpitallubartow;195
TK PILNE;szpitalopole;230
TK PILNE;szpitalzakopane;215
TK PILNE;szpitalzawiercie;230
TK PILNE;tdbelzyce;0
TK PILNE;tdblachownia;195
TK PILNE;tdbonifratrzy;210
TK PILNE;tdbrodnowski;200
TK PILNE;tdemcpiaseczno;210
TK PILNE;tdgniezno;0
TK PILNE;tdipin;215
TK PILNE;tdkluczbork;0
TK PILNE;tdkolbuszowa;215
TK PILNE;tdksskrakow;190
TK PILNE;tdneuromedyka;210
TK PILNE;tdnowomedica;0
TK PILNE;tdonkologiaradom;0
TK PILNE;tdparczew;230
TK PILNE;tdpionki;210
TK PILNE;tdpraski;200
TK PILNE;tdpoludniowy;0
TK PILNE;tdpyrzyce;230
TK PILNE;tdscanmedak5;0
TK PILNE;tdscanmedpila;195
TK PILNE;tdsmswinoujscie;220
TK PILNE;tdspectrum;0
TK PILNE;tdspzozkolo;175
TK PILNE;tdspzozsiedlce;0
TK PILNE;tdsulechowNOWY;210
TK PILNE;tdszpitalchelm;0
TK PILNE;tdszpitalkolno;230
TK PILNE;tdwszplock;230
TK PILNE;tdzoznidzica;0
TK PILNE;tdzozplonsk;210
TK PILNE;td7szmw;0
TK PILNE;tworki;250
TK PILNE;uskbialystok;210
TK PILNE;wlodawa;190
TK PILNE;zambrow;195
TK PILNE;zgorzelec;210
TK PILNE;zozbiala;190
TK PILNE;zozswietochlowice;0
TK PILNE;almed;185
TK PILNE;dabrowatarnowska;215
TK PILNE;grupazdrowie;220
TK PILNE;komed;230
TK PILNE;mswiapoznan;220
TK PILNE;poddebice2;200
TK PILNE;swp;230
TK PILNE;puszczykowo;230
TK PILNE;rodamed;180
TK PILNE;sm4gliwice;230
TK PILNE;spzozgrodzisk;190
TK PILNE;spzozswidnica;210
TK PILNE;szpitaljaslo;230
TK PILNE;szpitalrydygier;230
TK PILNE;tdmilicz;230
TK PILNE;tdsuchab;240
TK PILNE;tomograf;230
TK PILNE;wsswroclaw;210
TK PILNE;wysmaz;210
TK PILNE;zozbol;150,9
TK PILNE;zozboleslawiec;150,9
TK PILNE;zozsochaczew;200
TK PLANOWE;alfasochaczew;0
TK PLANOWE;diamed;0
TK PLANOWE;domchojna2;0
TK PLANOWE;domchojna;0
TK PLANOWE;gz;0
TK PLANOWE;gzplonsk;0
TK PLANOWE;gzszczecin;0
TK PLANOWE;kamienpomorski;0
TK PLANOWE;kosmowroclaw;0
TK PLANOWE;medinet;0
TK PLANOWE;nrkrakow;0
TK PLANOWE;nzozevita;0
TK PLANOWE;powiatsredzki;0
TK PLANOWE;smtorun;0
TK PLANOWE;szpitalsiemiatycze;0
TK PLANOWE;tdallmedica;0
TK PLANOWE;tdcrir;0
TK PLANOWE;tdkoszalinmswia;0
TK PLANOWE;tdorzesze;0
TK PLANOWE;tdstalowawola;0
TK PLANOWE;tdtargowek;0
TK PLANOWE;tdzozwola;0
TK PLANOWE;wegorzewo;0
TK PLANOWE;wimed;0
TK PLANOWE;wss5;0
TK PLANOWE;bialogard;200
TK PLANOWE;brodnica;165
TK PLANOWE;brzesko;200
TK PLANOWE;cobydgoszcz;0
TK PLANOWE;dcmdolmed;210
TK PLANOWE;dzierzoniow;205
TK PLANOWE;faceclinic;0
TK PLANOWE;goleniow;210
TK PLANOWE;gorlice;200
TK PLANOWE;grajewo;215
TK PLANOWE;grodzisk;165
TK PLANOWE;kartuzy;180
TK PLANOWE;klodzko;200
TK PLANOWE;lapy;200
TK PLANOWE;lubaczow;200
TK PLANOWE;mswsiedlce;220
TK PLANOWE;nml;200
TK PLANOWE;ostrow;190
TK PLANOWE;pczotwock;215
TK PLANOWE;radiomedica;185
TK PLANOWE;rybnik;175
TK PLANOWE;scanmed;188
TK PLANOWE;sokolow;190
TK PLANOWE;spbochnia;0
TK PLANOWE;spzozlezajsk;190
TK PLANOWE;spzozmc;190
TK PLANOWE;spzozturek;165
TK PLANOWE;spzzozsierpc;200
TK PLANOWE;starachowice;190
TK PLANOWE;swk;210
TK PLANOWE;szpitaldzieciecy;200
TK PLANOWE;szpitallubartow;180
TK PLANOWE;szpitalopole;210
TK PLANOWE;szpitalzakopane;190
TK PLANOWE;szpitalzawiercie;210
TK PLANOWE;tdbelzyce;0
TK PLANOWE;tdblachownia;188
TK PLANOWE;tdbonifratrzy;190
TK PLANOWE;tdbrodnowski;180
TK PLANOWE;tdemcpiaseczno;0
TK PLANOWE;tdgniezno;230
TK PLANOWE;tdipin;200
TK PLANOWE;tdkluczbork;0
TK PLANOWE;tdkolbuszowa;200
TK PLANOWE;tdksskrakow;190
TK PLANOWE;tdneuromedyka;200
TK PLANOWE;tdnowomedica;0
TK PLANOWE;tdonkologiaradom;0
TK PLANOWE;tdparczew;205
TK PLANOWE;tdpionki;195
TK PLANOWE;tdpraski;190
TK PLANOWE;tdpoludniowy;0
TK PLANOWE;tdpyrzyce;210
TK PLANOWE;tdscanmedak5;0
TK PLANOWE;tdscanmedpila;188
TK PLANOWE;tdsmswinoujscie;190
TK PLANOWE;tdspectrum;0
TK PLANOWE;tdspzozkolo;160
TK PLANOWE;tdspzozsiedlce;160
TK PLANOWE;tdsulechowNOWY;180
TK PLANOWE;tdszpitalchelm;0
TK PLANOWE;tdszpitalkolno;180
TK PLANOWE;tdwszplock;210
TK PLANOWE;tdzoznidzica;0
TK PLANOWE;tdzozplonsk;190
TK PLANOWE;td7szmw;190
TK PLANOWE;tworki;230
TK PLANOWE;uskbialystok;190
TK PLANOWE;wlodawa;170
TK PLANOWE;zambrow;185
TK PLANOWE;zgorzelec;190
TK PLANOWE;zozbiala;170
TK PLANOWE;zozswietochlowice;0
TK PLANOWE;almed;180
TK PLANOWE;dabrowatarnowska;0
TK PLANOWE;grupazdrowie;210
TK PLANOWE;komed;195
TK PLANOWE;mswiapoznan;170
TK PLANOWE;poddebice2;180
TK PLANOWE;swp;210
TK PLANOWE;puszczykowo;210
TK PLANOWE;rodamed;170
TK PLANOWE;sm4gliwice;205
TK PLANOWE;spzozgrodzisk;180
TK PLANOWE;spzozswidnica;190
TK PLANOWE;szpitaljaslo;210
TK PLANOWE;szpitalrydygier;210
TK PLANOWE;tdmilicz;200
TK PLANOWE;tdsuchab;210
TK PLANOWE;tomograf;205
TK PLANOWE;wsswroclaw;190
TK PLANOWE;wysmaz;190
TK PLANOWE;zozbol;130,9
TK PLANOWE;zozboleslawiec;130,9
TK PLANOWE;zozsochaczew;190
TK ANGIO CITO;alfasochaczew;0
TK ANGIO CITO;bimed;0
TK ANGIO CITO;diamed;0
TK ANGIO CITO;domchojna2;0
TK ANGIO CITO;domchojna;0
TK ANGIO CITO;gz;0
TK ANGIO CITO;gzplonsk;0
TK ANGIO CITO;gzszczecin;0
TK ANGIO CITO;kamienpomorski;0
TK ANGIO CITO;kosmowroclaw;0
TK ANGIO CITO;medinet;0
TK ANGIO CITO;nrkrakow;0
TK ANGIO CITO;nzozevita;0
TK ANGIO CITO;powiatsredzki;0
TK ANGIO CITO;smtorun;0
TK ANGIO CITO;szpitalsiemiatycze;0
TK ANGIO CITO;tdallmedica;0
TK ANGIO CITO;tdcmbatorego;0
TK ANGIO CITO;tdcrir;0
TK ANGIO CITO;tdkoszalinmswia;0
TK ANGIO CITO;tdorzesze;0
TK ANGIO CITO;tdstalowawola;0
TK ANGIO CITO;tdtargowek;0
TK ANGIO CITO;tdzozwola;0
TK ANGIO CITO;wegorzewo;0
TK ANGIO CITO;wimed;0
TK ANGIO CITO;wss5;0
TK ANGIO CITO;bialogard;0
TK ANGIO CITO;brodnica;0
TK ANGIO CITO;brzesko;240
TK ANGIO CITO;cobydgoszcz;250
TK ANGIO CITO;dcmdolmed;0
TK ANGIO CITO;dzierzoniow;0
TK ANGIO CITO;faceclinic;0
TK ANGIO CITO;goleniow;0
TK ANGIO CITO;gorlice;0
TK ANGIO CITO;grajewo;0
TK ANGIO CITO;grodzisk;0
TK ANGIO CITO;kartuzy;0
TK ANGIO CITO;klodzko;0
TK ANGIO CITO;lapy;0
TK ANGIO CITO;lubaczow;0
TK ANGIO CITO;mswsiedlce;0
TK ANGIO CITO;nml;0
TK ANGIO CITO;ostrow;220
TK ANGIO CITO;pczotwock;0
TK ANGIO CITO;radiomedica;0
TK ANGIO CITO;rybnik;210
TK ANGIO CITO;scanmed;0
TK ANGIO CITO;sokolow;210
TK ANGIO CITO;spbochnia;0
TK ANGIO CITO;spzozlezajsk;0
TK ANGIO CITO;spzozmc;262,5
TK ANGIO CITO;spzozturek;0
TK ANGIO CITO;spzzozsierpc;0
TK ANGIO CITO;starachowice;0
TK ANGIO CITO;swk;0
TK ANGIO CITO;szpitaldzieciecy;0
TK ANGIO CITO;szpitallubartow;240
TK ANGIO CITO;szpitalopole;0
TK ANGIO CITO;szpitalzakopane;225
TK ANGIO CITO;szpitalzawiercie;0
TK ANGIO CITO;tdbelzyce;0
TK ANGIO CITO;tdblachownia;0
TK ANGIO CITO;tdbonifratrzy;0
TK ANGIO CITO;tdbrodnowski;0
TK ANGIO CITO;tdemcpiaseczno;0
TK ANGIO CITO;tdgammaknife;0
TK ANGIO CITO;tdgniezno;0
TK ANGIO CITO;tdipin;0
TK ANGIO CITO;tdkluczbork;0
TK ANGIO CITO;tdkolbuszowa;0
TK ANGIO CITO;tdksskrakow;0
TK ANGIO CITO;tdneuromedyka;0
TK ANGIO CITO;tdnowomedica;0
TK ANGIO CITO;tdonkologiaradom;0
TK ANGIO CITO;tdparczew;0
TK ANGIO CITO;tdpionki;0
TK ANGIO CITO;tdpraski;0
TK ANGIO CITO;tdpoludniowy;0
TK ANGIO CITO;tdpyrzyce;0
TK ANGIO CITO;tdscanmedak5;0
TK ANGIO CITO;tdscanmedpila;0
TK ANGIO CITO;tdsmswinoujscie;0
TK ANGIO CITO;tdspectrum;0
TK ANGIO CITO;tdspzozkolo;0
TK ANGIO CITO;tdspzozsiedlce;0
TK ANGIO CITO;tdsulechowNOWY;0
TK ANGIO CITO;tdszpitalchelm;300
TK ANGIO CITO;tdszpitalkolno;0
TK ANGIO CITO;tdwszplock;0
TK ANGIO CITO;tdzoznidzica;0
TK ANGIO CITO;tdzozplonsk;0
TK ANGIO CITO;td7szmw;210
TK ANGIO CITO;tworki;280
TK ANGIO CITO;uskbialystok;0
TK ANGIO CITO;uskpoznan;180
TK ANGIO CITO;wlodawa;0
TK ANGIO CITO;zambrow;0
TK ANGIO CITO;zgorzelec;0
TK ANGIO CITO;zozbiala;0
TK ANGIO CITO;zozswietochlowice;280
TK ANGIO CITO;almed;256,25
TK ANGIO CITO;dabrowatarnowska;282
TK ANGIO CITO;grupazdrowie;276
TK ANGIO CITO;komed;275
TK ANGIO CITO;mswiapoznan;260
TK ANGIO CITO;poddebice2;236,5
TK ANGIO CITO;swp;312,5
TK ANGIO CITO;puszczykowo;312,5
TK ANGIO CITO;rodamed;214,5
TK ANGIO CITO;sm4gliwice;325
TK ANGIO CITO;spzozgrodzisk;252
TK ANGIO CITO;spzozswidnica;276
TK ANGIO CITO;szpitaljaslo;250
TK ANGIO CITO;szpitalrydygier;275
TK ANGIO CITO;tdmilicz;297
TK ANGIO CITO;tdsuchab;325
TK ANGIO CITO;tomograf;325
TK ANGIO CITO;wsswroclaw;0
TK ANGIO CITO;wysmaz;242
TK ANGIO CITO;zozbol;235,17
TK ANGIO CITO;zozboleslawiec;235,17
TK ANGIO CITO;zozsochaczew;0
TK ANGIO PILNE;alfasochaczew;0
TK ANGIO PILNE;bimed;0
TK ANGIO PILNE;domchojna2;0
TK ANGIO PILNE;domchojna;0
TK ANGIO PILNE;gz;0
TK ANGIO PILNE;gzplonsk;0
TK ANGIO PILNE;gzszczecin;0
TK ANGIO PILNE;kamienpomorski;0
TK ANGIO PILNE;kosmowroclaw;0
TK ANGIO PILNE;medinet;0
TK ANGIO PILNE;nrkrakow;0
TK ANGIO PILNE;nzozevita;0
TK ANGIO PILNE;powiatsredzki;0
TK ANGIO PILNE;smtorun;0
TK ANGIO PILNE;szpitalsiemiatycze;0
TK ANGIO PILNE;tdallmedica;0
TK ANGIO PILNE;tdcmbatorego;0
TK ANGIO PILNE;tdcrir;0
TK ANGIO PILNE;tdkoszalinmswia;0
TK ANGIO PILNE;tdorzesze;0
TK ANGIO PILNE;tdstalowawola;0
TK ANGIO PILNE;tdtargowek;0
TK ANGIO PILNE;tdzozwola;0
TK ANGIO PILNE;wegorzewo;0
TK ANGIO PILNE;wimed;0
TK ANGIO PILNE;wss5;0
TK ANGIO PILNE;bialogard;0
TK ANGIO PILNE;brodnica;0
TK ANGIO PILNE;brzesko;0
TK ANGIO PILNE;cobydgoszcz;230
TK ANGIO PILNE;dcmdolmed;0
TK ANGIO PILNE;dzierzoniow;0
TK ANGIO PILNE;faceclinic;0
TK ANGIO PILNE;goleniow;0
TK ANGIO PILNE;gorlice;0
TK ANGIO PILNE;grajewo;0
TK ANGIO PILNE;grodzisk;0
TK ANGIO PILNE;kartuzy;0
TK ANGIO PILNE;klodzko;0
TK ANGIO PILNE;lapy;0
TK ANGIO PILNE;lubaczow;0
TK ANGIO PILNE;mswsiedlce;0
TK ANGIO PILNE;nml;0
TK ANGIO PILNE;ostrow;210
TK ANGIO PILNE;pczotwock;0
TK ANGIO PILNE;radiomedica;0
TK ANGIO PILNE;rybnik;190
TK ANGIO PILNE;scanmed;0
TK ANGIO PILNE;sokolow;200
TK ANGIO PILNE;spbochnia;0
TK ANGIO PILNE;spzozlezajsk;0
TK ANGIO PILNE;spzozmc;212,5
TK ANGIO PILNE;spzozturek;0
TK ANGIO PILNE;spzzozsierpc;0
TK ANGIO PILNE;starachowice;0
TK ANGIO PILNE;swk;0
TK ANGIO PILNE;szpitaldzieciecy;0
TK ANGIO PILNE;szpitallubartow;210
TK ANGIO PILNE;szpitalopole;0
TK ANGIO PILNE;szpitalzakopane;215
TK ANGIO PILNE;szpitalzawiercie;0
TK ANGIO PILNE;tdbelzyce;0
TK ANGIO PILNE;tdblachownia;0
TK ANGIO PILNE;tdbonifratrzy;0
TK ANGIO PILNE;tdbrodnowski;0
TK ANGIO PILNE;tdemcpiaseczno;0
TK ANGIO PILNE;tdgammaknife;0
TK ANGIO PILNE;tdgniezno;0
TK ANGIO PILNE;tdipin;0
TK ANGIO PILNE;tdkluczbork;0
TK ANGIO PILNE;tdkolbuszowa;0
TK ANGIO PILNE;tdksskrakow;0
TK ANGIO PILNE;tdneuromedyka;0
TK ANGIO PILNE;tdnowomedica;0
TK ANGIO PILNE;tdonkologiaradom;0
TK ANGIO PILNE;tdparczew;0
TK ANGIO PILNE;tdpionki;0
TK ANGIO PILNE;tdpraski;0
TK ANGIO PILNE;tdpoludniowy;0
TK ANGIO PILNE;tdpyrzyce;0
TK ANGIO PILNE;tdscanmedak5;0
TK ANGIO PILNE;tdscanmedpila;0
TK ANGIO PILNE;tdsmswinoujscie;0
TK ANGIO PILNE;tdspectrum;0
TK ANGIO PILNE;tdspzozkolo;0
TK ANGIO PILNE;tdspzozsiedlce;0
TK ANGIO PILNE;tdsulechowNOWY;0
TK ANGIO PILNE;tdszpitalchelm;0
TK ANGIO PILNE;tdszpitalkolno;0
TK ANGIO PILNE;tdwszplock;0
TK ANGIO PILNE;tdzoznidzica;0
TK ANGIO PILNE;tdzozplonsk;0
TK ANGIO PILNE;td7szmw;0
TK ANGIO PILNE;tworki;250
TK ANGIO PILNE;uskbialystok;0
TK ANGIO PILNE;uskpoznan;0
TK ANGIO PILNE;wlodawa;0
TK ANGIO PILNE;zambrow;0
TK ANGIO PILNE;zgorzelec;0
TK ANGIO PILNE;zozbiala;0
TK ANGIO PILNE;zozswietochlowice;0
TK ANGIO PILNE;almed;231,25
TK ANGIO PILNE;dabrowatarnowska;258
TK ANGIO PILNE;grupazdrowie;253
TK ANGIO PILNE;komed;253
TK ANGIO PILNE;mswiapoznan;260
TK ANGIO PILNE;poddebice2;220
TK ANGIO PILNE;swp;287,5
TK ANGIO PILNE;puszczykowo;287,5
TK ANGIO PILNE;rodamed;198
TK ANGIO PILNE;sm4gliwice;287,5
TK ANGIO PILNE;spzozgrodzisk;228
TK ANGIO PILNE;spzozswidnica;252
TK ANGIO PILNE;szpitaljaslo;230
TK ANGIO PILNE;szpitalrydygier;253
TK ANGIO PILNE;tdmilicz;253
TK ANGIO PILNE;tdsuchab;300
TK ANGIO PILNE;tomograf;287,5
TK ANGIO PILNE;wsswroclaw;0
TK ANGIO PILNE;wysmaz;231
TK ANGIO PILNE;zozbol;196,17
TK ANGIO PILNE;zozboleslawiec;196,17
TK ANGIO PILNE;zozsochaczew;0
TK ANGIO PLANOWE;alfasochaczew;0
TK ANGIO PLANOWE;bimed;0
TK ANGIO PLANOWE;diamed;0
TK ANGIO PLANOWE;domchojna2;0
TK ANGIO PLANOWE;domchojna;0
TK ANGIO PLANOWE;gz;0
TK ANGIO PLANOWE;gzplonsk;0
TK ANGIO PLANOWE;gzszczecin;0
TK ANGIO PLANOWE;kamienpomorski;0
TK ANGIO PLANOWE;kosmowroclaw;0
TK ANGIO PLANOWE;medinet;0
TK ANGIO PLANOWE;nrkrakow;0
TK ANGIO PLANOWE;nzozevita;0
TK ANGIO PLANOWE;powiatsredzki;0
TK ANGIO PLANOWE;smtorun;0
TK ANGIO PLANOWE;szpitalsiemiatycze;0
TK ANGIO PLANOWE;tdallmedica;0
TK ANGIO PLANOWE;tdcmbatorego;0
TK ANGIO PLANOWE;tdcrir;0
TK ANGIO PLANOWE;tdkoszalinmswia;0
TK ANGIO PLANOWE;tdorzesze;0
TK ANGIO PLANOWE;tdstalowawola;0
TK ANGIO PLANOWE;tdtargowek;0
TK ANGIO PLANOWE;tdzozwola;0
TK ANGIO PLANOWE;wegorzewo;0
TK ANGIO PLANOWE;wimed;0
TK ANGIO PLANOWE;wss5;0
TK ANGIO PLANOWE;bialogard;0
TK ANGIO PLANOWE;brodnica;0
TK ANGIO PLANOWE;brzesko;0
TK ANGIO PLANOWE;cobydgoszcz;0
TK ANGIO PLANOWE;dcmdolmed;0
TK ANGIO PLANOWE;dzierzoniow;0
TK ANGIO PLANOWE;faceclinic;0
TK ANGIO PLANOWE;goleniow;0
TK ANGIO PLANOWE;gorlice;0
TK ANGIO PLANOWE;grajewo;0
TK ANGIO PLANOWE;grodzisk;0
TK ANGIO PLANOWE;kartuzy;0
TK ANGIO PLANOWE;klodzko;0
TK ANGIO PLANOWE;lapy;0
TK ANGIO PLANOWE;lubaczow;0
TK ANGIO PLANOWE;mswsiedlce;0
TK ANGIO PLANOWE;nml;0
TK ANGIO PLANOWE;ostrow;190
TK ANGIO PLANOWE;pczotwock;0
TK ANGIO PLANOWE;radiomedica;0
TK ANGIO PLANOWE;rybnik;175
TK ANGIO PLANOWE;scanmed;0
TK ANGIO PLANOWE;sokolow;190
TK ANGIO PLANOWE;spbochnia;0
TK ANGIO PLANOWE;spzozlezajsk;0
TK ANGIO PLANOWE;spzozmc;175
TK ANGIO PLANOWE;spzozturek;0
TK ANGIO PLANOWE;spzzozsierpc;0
TK ANGIO PLANOWE;starachowice;0
TK ANGIO PLANOWE;swk;0
TK ANGIO PLANOWE;szpitaldzieciecy;0
TK ANGIO PLANOWE;szpitallubartow;190
TK ANGIO PLANOWE;szpitalopole;0
TK ANGIO PLANOWE;szpitalzakopane;190
TK ANGIO PLANOWE;szpitalzawiercie;0
TK ANGIO PLANOWE;tdbelzyce;0
TK ANGIO PLANOWE;tdblachownia;0
TK ANGIO PLANOWE;tdbonifratrzy;0
TK ANGIO PLANOWE;tdbrodnowski;0
TK ANGIO PLANOWE;tdemcpiaseczno;0
TK ANGIO PLANOWE;tdgammaknife;0
TK ANGIO PLANOWE;tdgniezno;0
TK ANGIO PLANOWE;tdipin;0
TK ANGIO PLANOWE;tdkluczbork;0
TK ANGIO PLANOWE;tdkolbuszowa;0
TK ANGIO PLANOWE;tdksskrakow;0
TK ANGIO PLANOWE;tdneuromedyka;0
TK ANGIO PLANOWE;tdnowomedica;0
TK ANGIO PLANOWE;tdonkologiaradom;0
TK ANGIO PLANOWE;tdparczew;0
TK ANGIO PLANOWE;tdpionki;0
TK ANGIO PLANOWE;tdpraski;0
TK ANGIO PLANOWE;tdpoludniowy;0
TK ANGIO PLANOWE;tdpyrzyce;0
TK ANGIO PLANOWE;tdscanmedak5;0
TK ANGIO PLANOWE;tdscanmedpila;0
TK ANGIO PLANOWE;tdsmswinoujscie;0
TK ANGIO PLANOWE;tdspectrum;0
TK ANGIO PLANOWE;tdspzozkolo;0
TK ANGIO PLANOWE;tdspzozsiedlce;0
TK ANGIO PLANOWE;tdsulechowNOWY;0
TK ANGIO PLANOWE;tdszpitalchelm;0
TK ANGIO PLANOWE;tdszpitalkolno;0
TK ANGIO PLANOWE;tdwszplock;0
TK ANGIO PLANOWE;tdzoznidzica;0
TK ANGIO PLANOWE;tdzozplonsk;0
TK ANGIO PLANOWE;td7szmw;190
TK ANGIO PLANOWE;tworki;230
TK ANGIO PLANOWE;uskbialystok;0
TK ANGIO PLANOWE;uskpoznan;0
TK ANGIO PLANOWE;wlodawa;0
TK ANGIO PLANOWE;zambrow;0
TK ANGIO PLANOWE;zgorzelec;0
TK ANGIO PLANOWE;zozbiala;0
TK ANGIO PLANOWE;zozswietochlowice;0
TK ANGIO PLANOWE;almed;225
TK ANGIO PLANOWE;dabrowatarnowska;0
TK ANGIO PLANOWE;grupazdrowie;241,5
TK ANGIO PLANOWE;komed;214,5
TK ANGIO PLANOWE;mswiapoznan;190
TK ANGIO PLANOWE;poddebice2;198
TK ANGIO PLANOWE;swp;262,5
TK ANGIO PLANOWE;puszczykowo;262,5
TK ANGIO PLANOWE;rodamed;187
TK ANGIO PLANOWE;sm4gliwice;256,25
TK ANGIO PLANOWE;spzozgrodzisk;216
TK ANGIO PLANOWE;spzozswidnica;228
TK ANGIO PLANOWE;szpitaljaslo;210
TK ANGIO PLANOWE;szpitalrydygier;231
TK ANGIO PLANOWE;tdmilicz;220
TK ANGIO PLANOWE;tdsuchab;262,5
TK ANGIO PLANOWE;tomograf;256,25
TK ANGIO PLANOWE;wsswroclaw;0
TK ANGIO PLANOWE;wysmaz;209
TK ANGIO PLANOWE;zozbol;170,17
TK ANGIO PLANOWE;zozboleslawiec;170,17
TK ANGIO PLANOWE;zozsochaczew;0
TK PORÓWNAWCZE CITO;alfasochaczew;0
TK PORÓWNAWCZE CITO;bimed;0
TK PORÓWNAWCZE CITO;diamed;0
TK PORÓWNAWCZE CITO;domchojna2;0
TK PORÓWNAWCZE CITO;domchojna;0
TK PORÓWNAWCZE CITO;gz;0
TK PORÓWNAWCZE CITO;gzplonsk;0
TK PORÓWNAWCZE CITO;gzszczecin;0
TK PORÓWNAWCZE CITO;kamienpomorski;0
TK PORÓWNAWCZE CITO;kosmowroclaw;0
TK PORÓWNAWCZE CITO;medinet;0
TK PORÓWNAWCZE CITO;nrkrakow;0
TK PORÓWNAWCZE CITO;nzozevita;0
TK PORÓWNAWCZE CITO;powiatsredzki;0
TK PORÓWNAWCZE CITO;smtorun;0
TK PORÓWNAWCZE CITO;szpitalsiemiatycze;0
TK PORÓWNAWCZE CITO;tdallmedica;0
TK PORÓWNAWCZE CITO;tdcmbatorego;0
TK PORÓWNAWCZE CITO;tdcrir;0
TK PORÓWNAWCZE CITO;tdkoszalinmswia;0
TK PORÓWNAWCZE CITO;tdorzesze;0
TK PORÓWNAWCZE CITO;tdstalowawola;0
TK PORÓWNAWCZE CITO;tdtargowek;0
TK PORÓWNAWCZE CITO;tdzozwola;0
TK PORÓWNAWCZE CITO;wegorzewo;0
TK PORÓWNAWCZE CITO;wimed;0
TK PORÓWNAWCZE CITO;wss5;0
TK PORÓWNAWCZE CITO;bialogard;0
TK PORÓWNAWCZE CITO;brodnica;0
TK PORÓWNAWCZE CITO;brzesko;0
TK PORÓWNAWCZE CITO;cobydgoszcz;250
TK PORÓWNAWCZE CITO;dcmdolmed;0
TK PORÓWNAWCZE CITO;dzierzoniow;0
TK PORÓWNAWCZE CITO;faceclinic;0
TK PORÓWNAWCZE CITO;goleniow;0
TK PORÓWNAWCZE CITO;gorlice;0
TK PORÓWNAWCZE CITO;grajewo;0
TK PORÓWNAWCZE CITO;grodzisk;0
TK PORÓWNAWCZE CITO;kartuzy;0
TK PORÓWNAWCZE CITO;klodzko;0
TK PORÓWNAWCZE CITO;lapy;0
TK PORÓWNAWCZE CITO;lubaczow;0
TK PORÓWNAWCZE CITO;mswsiedlce;0
TK PORÓWNAWCZE CITO;nml;0
TK PORÓWNAWCZE CITO;ostrow;0
TK PORÓWNAWCZE CITO;pczotwock;0
TK PORÓWNAWCZE CITO;radiomedica;0
TK PORÓWNAWCZE CITO;rybnik;30
TK PORÓWNAWCZE CITO;scanmed;0
TK PORÓWNAWCZE CITO;sokolow;0
TK PORÓWNAWCZE CITO;spbochnia;0
TK PORÓWNAWCZE CITO;spzozlezajsk;0
TK PORÓWNAWCZE CITO;spzozmc;0
TK PORÓWNAWCZE CITO;spzozturek;0
TK PORÓWNAWCZE CITO;spzzozsierpc;0
TK PORÓWNAWCZE CITO;starachowice;0
TK PORÓWNAWCZE CITO;swk;80
TK PORÓWNAWCZE CITO;szpitaldzieciecy;0
TK PORÓWNAWCZE CITO;szpitallubartow;0
TK PORÓWNAWCZE CITO;szpitalopole;0
TK PORÓWNAWCZE CITO;szpitalzakopane;0
TK PORÓWNAWCZE CITO;szpitalzawiercie;0
TK PORÓWNAWCZE CITO;tdbelzyce;0
TK PORÓWNAWCZE CITO;tdblachownia;0
TK PORÓWNAWCZE CITO;tdbonifratrzy;0
TK PORÓWNAWCZE CITO;tdbrodnowski;0
TK PORÓWNAWCZE CITO;tdemcpiaseczno;0
TK PORÓWNAWCZE CITO;tdgammaknife;0
TK PORÓWNAWCZE CITO;tdgniezno;0
TK PORÓWNAWCZE CITO;tdipin;0
TK PORÓWNAWCZE CITO;tdkluczbork;0
TK PORÓWNAWCZE CITO;tdkolbuszowa;0
TK PORÓWNAWCZE CITO;tdksskrakow;0
TK PORÓWNAWCZE CITO;tdneuromedyka;0
TK PORÓWNAWCZE CITO;tdnowomedica;0
TK PORÓWNAWCZE CITO;tdonkologiaradom;0
TK PORÓWNAWCZE CITO;tdparczew;0
TK PORÓWNAWCZE CITO;tdpionki;0
TK PORÓWNAWCZE CITO;tdpraski;0
TK PORÓWNAWCZE CITO;tdpoludniowy;0
TK PORÓWNAWCZE CITO;tdpyrzyce;0
TK PORÓWNAWCZE CITO;tdscanmedak5;0
TK PORÓWNAWCZE CITO;tdscanmedpila;0
TK PORÓWNAWCZE CITO;tdsmswinoujscie;0
TK PORÓWNAWCZE CITO;tdspectrum;0
TK PORÓWNAWCZE CITO;tdspzozkolo;0
TK PORÓWNAWCZE CITO;tdspzozsiedlce;100
TK PORÓWNAWCZE CITO;tdsulechowNOWY;0
TK PORÓWNAWCZE CITO;tdszpitalchelm;0
TK PORÓWNAWCZE CITO;tdszpitalkolno;0
TK PORÓWNAWCZE CITO;tdwszplock;0
TK PORÓWNAWCZE CITO;tdzoznidzica;0
TK PORÓWNAWCZE CITO;tdzozplonsk;0
TK PORÓWNAWCZE CITO;td7szmw;0
TK PORÓWNAWCZE CITO;tworki;0
TK PORÓWNAWCZE CITO;uskbialystok;0
TK PORÓWNAWCZE CITO;uskpoznan;0
TK PORÓWNAWCZE CITO;wlodawa;0
TK PORÓWNAWCZE CITO;zambrow;0
TK PORÓWNAWCZE CITO;zgorzelec;0
TK PORÓWNAWCZE CITO;zozbiala;0
TK PORÓWNAWCZE CITO;zozswietochlowice;0
TK PORÓWNAWCZE CITO;almed;82
TK PORÓWNAWCZE CITO;dabrowatarnowska;47
TK PORÓWNAWCZE CITO;grupazdrowie;36
TK PORÓWNAWCZE CITO;komed;62,5
TK PORÓWNAWCZE CITO;poddebice2;43
TK PORÓWNAWCZE CITO;swp;125
TK PORÓWNAWCZE CITO;puszczykowo;125
TK PORÓWNAWCZE CITO;rodamed;19,5
TK PORÓWNAWCZE CITO;sm4gliwice;130
TK PORÓWNAWCZE CITO;spzozgrodzisk;84
TK PORÓWNAWCZE CITO;spzozswidnica;69
TK PORÓWNAWCZE CITO;szpitaljaslo;0
TK PORÓWNAWCZE CITO;szpitalrydygier;50
TK PORÓWNAWCZE CITO;tdmilicz;54
TK PORÓWNAWCZE CITO;tdsuchab;130
TK PORÓWNAWCZE CITO;tomograf;130
TK PORÓWNAWCZE CITO;wsswroclaw;62,5
TK PORÓWNAWCZE CITO;wysmaz;55
TK PORÓWNAWCZE CITO;zozbol;144,72
TK PORÓWNAWCZE CITO;zozboleslawiec;144,72
TK PORÓWNAWCZE CITO;zozsochaczew;0
TK PORÓWNAWCZE PILNE;alfasochaczew;0
TK PORÓWNAWCZE PILNE;bimed;0
TK PORÓWNAWCZE PILNE;diamed;0
TK PORÓWNAWCZE PILNE;domchojna2;0
TK PORÓWNAWCZE PILNE;domchojna;0
TK PORÓWNAWCZE PILNE;gz;0
TK PORÓWNAWCZE PILNE;gzplonsk;0
TK PORÓWNAWCZE PILNE;gzszczecin;0
TK PORÓWNAWCZE PILNE;kamienpomorski;0
TK PORÓWNAWCZE PILNE;kosmowroclaw;0
TK PORÓWNAWCZE PILNE;medinet;0
TK PORÓWNAWCZE PILNE;nrkrakow;0
TK PORÓWNAWCZE PILNE;nzozevita;0
TK PORÓWNAWCZE PILNE;powiatsredzki;0
TK PORÓWNAWCZE PILNE;smtorun;0
TK PORÓWNAWCZE PILNE;szpitalsiemiatycze;0
TK PORÓWNAWCZE PILNE;tdallmedica;0
TK PORÓWNAWCZE PILNE;tdcmbatorego;0
TK PORÓWNAWCZE PILNE;tdcrir;0
TK PORÓWNAWCZE PILNE;tdkoszalinmswia;0
TK PORÓWNAWCZE PILNE;tdorzesze;0
TK PORÓWNAWCZE PILNE;tdstalowawola;0
TK PORÓWNAWCZE PILNE;tdtargowek;0
TK PORÓWNAWCZE PILNE;tdzozwola;0
TK PORÓWNAWCZE PILNE;wegorzewo;0
TK PORÓWNAWCZE PILNE;wimed;0
TK PORÓWNAWCZE PILNE;wss5;0
TK PORÓWNAWCZE PILNE;bialogard;0
TK PORÓWNAWCZE PILNE;brodnica;0
TK PORÓWNAWCZE PILNE;brzesko;0
TK PORÓWNAWCZE PILNE;cobydgoszcz;230
TK PORÓWNAWCZE PILNE;dcmdolmed;0
TK PORÓWNAWCZE PILNE;dzierzoniow;0
TK PORÓWNAWCZE PILNE;faceclinic;0
TK PORÓWNAWCZE PILNE;goleniow;0
TK PORÓWNAWCZE PILNE;gorlice;0
TK PORÓWNAWCZE PILNE;grajewo;0
TK PORÓWNAWCZE PILNE;grodzisk;0
TK PORÓWNAWCZE PILNE;kartuzy;0
TK PORÓWNAWCZE PILNE;klodzko;0
TK PORÓWNAWCZE PILNE;lapy;0
TK PORÓWNAWCZE PILNE;lubaczow;0
TK PORÓWNAWCZE PILNE;mswsiedlce;0
TK PORÓWNAWCZE PILNE;nml;0
TK PORÓWNAWCZE PILNE;ostrow;0
TK PORÓWNAWCZE PILNE;pczotwock;0
TK PORÓWNAWCZE PILNE;radiomedica;0
TK PORÓWNAWCZE PILNE;rybnik;30
TK PORÓWNAWCZE PILNE;scanmed;0
TK PORÓWNAWCZE PILNE;sokolow;0
TK PORÓWNAWCZE PILNE;spbochnia;0
TK PORÓWNAWCZE PILNE;spzozlezajsk;0
TK PORÓWNAWCZE PILNE;spzozmc;0
TK PORÓWNAWCZE PILNE;spzozturek;0
TK PORÓWNAWCZE PILNE;spzzozsierpc;0
TK PORÓWNAWCZE PILNE;starachowice;0
TK PORÓWNAWCZE PILNE;swk;80
TK PORÓWNAWCZE PILNE;szpitaldzieciecy;0
TK PORÓWNAWCZE PILNE;szpitallubartow;0
TK PORÓWNAWCZE PILNE;szpitalopole;0
TK PORÓWNAWCZE PILNE;szpitalzakopane;0
TK PORÓWNAWCZE PILNE;szpitalzawiercie;0
TK PORÓWNAWCZE PILNE;tdbelzyce;0
TK PORÓWNAWCZE PILNE;tdblachownia;0
TK PORÓWNAWCZE PILNE;tdbonifratrzy;0
TK PORÓWNAWCZE PILNE;tdbrodnowski;0
TK PORÓWNAWCZE PILNE;tdemcpiaseczno;0
TK PORÓWNAWCZE PILNE;tdgammaknife;0
TK PORÓWNAWCZE PILNE;tdgniezno;0
TK PORÓWNAWCZE PILNE;tdipin;0
TK PORÓWNAWCZE PILNE;tdkluczbork;0
TK PORÓWNAWCZE PILNE;tdkolbuszowa;0
TK PORÓWNAWCZE PILNE;tdksskrakow;0
TK PORÓWNAWCZE PILNE;tdneuromedyka;0
TK PORÓWNAWCZE PILNE;tdnowomedica;0
TK PORÓWNAWCZE PILNE;tdonkologiaradom;0
TK PORÓWNAWCZE PILNE;tdparczew;0
TK PORÓWNAWCZE PILNE;tdpionki;0
TK PORÓWNAWCZE PILNE;tdpraski;0
TK PORÓWNAWCZE PILNE;tdpoludniowy;0
TK PORÓWNAWCZE PILNE;tdpyrzyce;0
TK PORÓWNAWCZE PILNE;tdscanmedak5;0
TK PORÓWNAWCZE PILNE;tdscanmedpila;0
TK PORÓWNAWCZE PILNE;tdsmswinoujscie;0
TK PORÓWNAWCZE PILNE;tdspectrum;0
TK PORÓWNAWCZE PILNE;tdspzozkolo;0
TK PORÓWNAWCZE PILNE;tdspzozsiedlce;100
TK PORÓWNAWCZE PILNE;tdsulechowNOWY;0
TK PORÓWNAWCZE PILNE;tdszpitalchelm;0
TK PORÓWNAWCZE PILNE;tdszpitalkolno;0
TK PORÓWNAWCZE PILNE;tdwszplock;50
TK PORÓWNAWCZE PILNE;tdzoznidzica;0
TK PORÓWNAWCZE PILNE;tdzozplonsk;0
TK PORÓWNAWCZE PILNE;td7szmw;0
TK PORÓWNAWCZE PILNE;tworki;0
TK PORÓWNAWCZE PILNE;uskbialystok;0
TK PORÓWNAWCZE PILNE;uskpoznan;0
TK PORÓWNAWCZE PILNE;wlodawa;0
TK PORÓWNAWCZE PILNE;zambrow;0
TK PORÓWNAWCZE PILNE;zgorzelec;0
TK PORÓWNAWCZE PILNE;zozbiala;0
TK PORÓWNAWCZE PILNE;zozswietochlowice;0
TK PORÓWNAWCZE PILNE;almed;74
TK PORÓWNAWCZE PILNE;dabrowatarnowska;43
TK PORÓWNAWCZE PILNE;grupazdrowie;33
TK PORÓWNAWCZE PILNE;komed;57,5
TK PORÓWNAWCZE PILNE;poddebice2;40
TK PORÓWNAWCZE PILNE;swp;115
TK PORÓWNAWCZE PILNE;puszczykowo;115
TK PORÓWNAWCZE PILNE;rodamed;18
TK PORÓWNAWCZE PILNE;sm4gliwice;115
TK PORÓWNAWCZE PILNE;spzozgrodzisk;76
TK PORÓWNAWCZE PILNE;spzozswidnica;63
TK PORÓWNAWCZE PILNE;szpitaljaslo;0
TK PORÓWNAWCZE PILNE;szpitalrydygier;46
TK PORÓWNAWCZE PILNE;tdmilicz;46
TK PORÓWNAWCZE PILNE;tdsuchab;120
TK PORÓWNAWCZE PILNE;tomograf;115
TK PORÓWNAWCZE PILNE;wsswroclaw;52,5
TK PORÓWNAWCZE PILNE;wysmaz;52,5
TK PORÓWNAWCZE PILNE;zozbol;120,72
TK PORÓWNAWCZE PILNE;zozboleslawiec;120,72
TK PORÓWNAWCZE PILNE;zozsochaczew;0
TK PORÓWNAWCZE PLANOWE;alfasochaczew;0
TK PORÓWNAWCZE PLANOWE;bimed;0
TK PORÓWNAWCZE PLANOWE;diamed;0
TK PORÓWNAWCZE PLANOWE;domchojna2;0
TK PORÓWNAWCZE PLANOWE;domchojna;0
TK PORÓWNAWCZE PLANOWE;gz;0
TK PORÓWNAWCZE PLANOWE;gzplonsk;0
TK PORÓWNAWCZE PLANOWE;gzszczecin;0
TK PORÓWNAWCZE PLANOWE;kamienpomorski;0
TK PORÓWNAWCZE PLANOWE;kosmowroclaw;0
TK PORÓWNAWCZE PLANOWE;medinet;0
TK PORÓWNAWCZE PLANOWE;nrkrakow;0
TK PORÓWNAWCZE PLANOWE;nzozevita;0
TK PORÓWNAWCZE PLANOWE;powiatsredzki;0
TK PORÓWNAWCZE PLANOWE;smtorun;0
TK PORÓWNAWCZE PLANOWE;szpitalsiemiatycze;0
TK PORÓWNAWCZE PLANOWE;tdallmedica;0
TK PORÓWNAWCZE PLANOWE;tdcmbatorego;0
TK PORÓWNAWCZE PLANOWE;tdcrir;0
TK PORÓWNAWCZE PLANOWE;tdkoszalinmswia;0
TK PORÓWNAWCZE PLANOWE;tdorzesze;0
TK PORÓWNAWCZE PLANOWE;tdstalowawola;0
TK PORÓWNAWCZE PLANOWE;tdtargowek;0
TK PORÓWNAWCZE PLANOWE;tdzozwola;0
TK PORÓWNAWCZE PLANOWE;wegorzewo;0
TK PORÓWNAWCZE PLANOWE;wimed;0
TK PORÓWNAWCZE PLANOWE;wss5;0
TK PORÓWNAWCZE PLANOWE;bialogard;0
TK PORÓWNAWCZE PLANOWE;brodnica;0
TK PORÓWNAWCZE PLANOWE;brzesko;0
TK PORÓWNAWCZE PLANOWE;cobydgoszcz;0
TK PORÓWNAWCZE PLANOWE;dcmdolmed;0
TK PORÓWNAWCZE PLANOWE;dzierzoniow;0
TK PORÓWNAWCZE PLANOWE;faceclinic;0
TK PORÓWNAWCZE PLANOWE;goleniow;0
TK PORÓWNAWCZE PLANOWE;gorlice;0
TK PORÓWNAWCZE PLANOWE;grajewo;0
TK PORÓWNAWCZE PLANOWE;grodzisk;0
TK PORÓWNAWCZE PLANOWE;kartuzy;180
TK PORÓWNAWCZE PLANOWE;klodzko;0
TK PORÓWNAWCZE PLANOWE;lapy;0
TK PORÓWNAWCZE PLANOWE;lubaczow;0
TK PORÓWNAWCZE PLANOWE;mswsiedlce;0
TK PORÓWNAWCZE PLANOWE;nml;0
TK PORÓWNAWCZE PLANOWE;ostrow;0
TK PORÓWNAWCZE PLANOWE;pczotwock;0
TK PORÓWNAWCZE PLANOWE;radiomedica;0
TK PORÓWNAWCZE PLANOWE;rybnik;30
TK PORÓWNAWCZE PLANOWE;scanmed;0
TK PORÓWNAWCZE PLANOWE;sokolow;0
TK PORÓWNAWCZE PLANOWE;spbochnia;0
TK PORÓWNAWCZE PLANOWE;spzozlezajsk;0
TK PORÓWNAWCZE PLANOWE;spzozmc;0
TK PORÓWNAWCZE PLANOWE;spzozturek;0
TK PORÓWNAWCZE PLANOWE;spzzozsierpc;0
TK PORÓWNAWCZE PLANOWE;starachowice;0
TK PORÓWNAWCZE PLANOWE;swk;80
TK PORÓWNAWCZE PLANOWE;szpitaldzieciecy;0
TK PORÓWNAWCZE PLANOWE;szpitallubartow;0
TK PORÓWNAWCZE PLANOWE;szpitalopole;0
TK PORÓWNAWCZE PLANOWE;szpitalzakopane;0
TK PORÓWNAWCZE PLANOWE;szpitalzawiercie;0
TK PORÓWNAWCZE PLANOWE;tdbelzyce;0
TK PORÓWNAWCZE PLANOWE;tdblachownia;0
TK PORÓWNAWCZE PLANOWE;tdbonifratrzy;0
TK PORÓWNAWCZE PLANOWE;tdbrodnowski;0
TK PORÓWNAWCZE PLANOWE;tdemcpiaseczno;0
TK PORÓWNAWCZE PLANOWE;tdgammaknife;0
TK PORÓWNAWCZE PLANOWE;tdgniezno;0
TK PORÓWNAWCZE PLANOWE;tdipin;0
TK PORÓWNAWCZE PLANOWE;tdkluczbork;0
TK PORÓWNAWCZE PLANOWE;tdkolbuszowa;0
TK PORÓWNAWCZE PLANOWE;tdksskrakow;0
TK PORÓWNAWCZE PLANOWE;tdneuromedyka;0
TK PORÓWNAWCZE PLANOWE;tdnowomedica;0
TK PORÓWNAWCZE PLANOWE;tdonkologiaradom;0
TK PORÓWNAWCZE PLANOWE;tdparczew;0
TK PORÓWNAWCZE PLANOWE;tdpionki;0
TK PORÓWNAWCZE PLANOWE;tdpraski;0
TK PORÓWNAWCZE PLANOWE;tdpoludniowy;0
TK PORÓWNAWCZE PLANOWE;tdpyrzyce;0
TK PORÓWNAWCZE PLANOWE;tdscanmedak5;0
TK PORÓWNAWCZE PLANOWE;tdscanmedpila;0
TK PORÓWNAWCZE PLANOWE;tdsmswinoujscie;0
TK PORÓWNAWCZE PLANOWE;tdspectrum;0
TK PORÓWNAWCZE PLANOWE;tdspzozkolo;0
TK PORÓWNAWCZE PLANOWE;tdspzozsiedlce;100
TK PORÓWNAWCZE PLANOWE;tdsulechowNOWY;0
TK PORÓWNAWCZE PLANOWE;tdszpitalchelm;0
TK PORÓWNAWCZE PLANOWE;tdszpitalkolno;0
TK PORÓWNAWCZE PLANOWE;tdwszplock;50
TK PORÓWNAWCZE PLANOWE;tdzoznidzica;0
TK PORÓWNAWCZE PLANOWE;tdzozplonsk;0
TK PORÓWNAWCZE PLANOWE;td7szmw;0
TK PORÓWNAWCZE PLANOWE;tworki;0
TK PORÓWNAWCZE PLANOWE;uskbialystok;0
TK PORÓWNAWCZE PLANOWE;uskpoznan;0
TK PORÓWNAWCZE PLANOWE;wlodawa;0
TK PORÓWNAWCZE PLANOWE;zambrow;0
TK PORÓWNAWCZE PLANOWE;zgorzelec;0
TK PORÓWNAWCZE PLANOWE;zozbiala;0
TK PORÓWNAWCZE PLANOWE;zozswietochlowice;0
TK PORÓWNAWCZE PLANOWE;almed;72
TK PORÓWNAWCZE PLANOWE;dabrowatarnowska;0
TK PORÓWNAWCZE PLANOWE;grupazdrowie;31,5
TK PORÓWNAWCZE PLANOWE;komed;48,75
TK PORÓWNAWCZE PLANOWE;poddebice2;36
TK PORÓWNAWCZE PLANOWE;swp;105
TK PORÓWNAWCZE PLANOWE;puszczykowo;105
TK PORÓWNAWCZE PLANOWE;rodamed;17
TK PORÓWNAWCZE PLANOWE;sm4gliwice;102,5
TK PORÓWNAWCZE PLANOWE;spzozgrodzisk;72
TK PORÓWNAWCZE PLANOWE;spzozswidnica;57
TK PORÓWNAWCZE PLANOWE;szpitaljaslo;0
TK PORÓWNAWCZE PLANOWE;szpitalrydygier;42
TK PORÓWNAWCZE PLANOWE;tdmilicz;40
TK PORÓWNAWCZE PLANOWE;tdsuchab;105
TK PORÓWNAWCZE PLANOWE;tomograf;102,5
TK PORÓWNAWCZE PLANOWE;wsswroclaw;47,5
TK PORÓWNAWCZE PLANOWE;wysmaz;47,5
TK PORÓWNAWCZE PLANOWE;zozbol;104,72
TK PORÓWNAWCZE PLANOWE;zozboleslawiec;104,72
TK PORÓWNAWCZE PLANOWE;zozsochaczew;0
TK PORÓWNAWCZE CITO ANGIO;alfasochaczew;0
TK PORÓWNAWCZE CITO ANGIO;bimed;0
TK PORÓWNAWCZE CITO ANGIO;diamed;0
TK PORÓWNAWCZE CITO ANGIO;domchojna2;0
TK PORÓWNAWCZE CITO ANGIO;domchojna;0
TK PORÓWNAWCZE CITO ANGIO;gz;0
TK PORÓWNAWCZE CITO ANGIO;gzplonsk;0
TK PORÓWNAWCZE CITO ANGIO;gzszczecin;0
TK PORÓWNAWCZE CITO ANGIO;kamienpomorski;0
TK PORÓWNAWCZE CITO ANGIO;kosmowroclaw;0
TK PORÓWNAWCZE CITO ANGIO;medinet;0
TK PORÓWNAWCZE CITO ANGIO;nrkrakow;0
TK PORÓWNAWCZE CITO ANGIO;nzozevita;0
TK PORÓWNAWCZE CITO ANGIO;powiatsredzki;0
TK PORÓWNAWCZE CITO ANGIO;smtorun;0
TK PORÓWNAWCZE CITO ANGIO;szpitalsiemiatycze;0
TK PORÓWNAWCZE CITO ANGIO;tdallmedica;0
TK PORÓWNAWCZE CITO ANGIO;tdcmbatorego;0
TK PORÓWNAWCZE CITO ANGIO;tdcrir;0
TK PORÓWNAWCZE CITO ANGIO;tdkoszalinmswia;0
TK PORÓWNAWCZE CITO ANGIO;tdorzesze;0
TK PORÓWNAWCZE CITO ANGIO;tdstalowawola;0
TK PORÓWNAWCZE CITO ANGIO;tdtargowek;0
TK PORÓWNAWCZE CITO ANGIO;tdzozwola;0
TK PORÓWNAWCZE CITO ANGIO;wegorzewo;0
TK PORÓWNAWCZE CITO ANGIO;wimed;0
TK PORÓWNAWCZE CITO ANGIO;wss5;0
TK PORÓWNAWCZE CITO ANGIO;bialogard;0
TK PORÓWNAWCZE CITO ANGIO;brodnica;0
TK PORÓWNAWCZE CITO ANGIO;brzesko;0
TK PORÓWNAWCZE CITO ANGIO;cobydgoszcz;0
TK PORÓWNAWCZE CITO ANGIO;dcmdolmed;0
TK PORÓWNAWCZE CITO ANGIO;dzierzoniow;0
TK PORÓWNAWCZE CITO ANGIO;faceclinic;0
TK PORÓWNAWCZE CITO ANGIO;goleniow;0
TK PORÓWNAWCZE CITO ANGIO;gorlice;0
TK PORÓWNAWCZE CITO ANGIO;grajewo;0
TK PORÓWNAWCZE CITO ANGIO;grodzisk;0
TK PORÓWNAWCZE CITO ANGIO;kartuzy;0
TK PORÓWNAWCZE CITO ANGIO;klodzko;0
TK PORÓWNAWCZE CITO ANGIO;lapy;0
TK PORÓWNAWCZE CITO ANGIO;lubaczow;0
TK PORÓWNAWCZE CITO ANGIO;mswsiedlce;0
TK PORÓWNAWCZE CITO ANGIO;nml;0
TK PORÓWNAWCZE CITO ANGIO;ostrow;0
TK PORÓWNAWCZE CITO ANGIO;pczotwock;0
TK PORÓWNAWCZE CITO ANGIO;radiomedica;0
TK PORÓWNAWCZE CITO ANGIO;rybnik;30
TK PORÓWNAWCZE CITO ANGIO;scanmed;0
TK PORÓWNAWCZE CITO ANGIO;sokolow;0
TK PORÓWNAWCZE CITO ANGIO;spbochnia;0
TK PORÓWNAWCZE CITO ANGIO;spzozlezajsk;0
TK PORÓWNAWCZE CITO ANGIO;spzozmc;0
TK PORÓWNAWCZE CITO ANGIO;spzozturek;0
TK PORÓWNAWCZE CITO ANGIO;spzzozsierpc;0
TK PORÓWNAWCZE CITO ANGIO;starachowice;0
TK PORÓWNAWCZE CITO ANGIO;swk;0
TK PORÓWNAWCZE CITO ANGIO;szpitaldzieciecy;0
TK PORÓWNAWCZE CITO ANGIO;szpitallubartow;0
TK PORÓWNAWCZE CITO ANGIO;szpitalopole;0
TK PORÓWNAWCZE CITO ANGIO;szpitalzakopane;0
TK PORÓWNAWCZE CITO ANGIO;szpitalzawiercie;0
TK PORÓWNAWCZE CITO ANGIO;tdbelzyce;0
TK PORÓWNAWCZE CITO ANGIO;tdblachownia;0
TK PORÓWNAWCZE CITO ANGIO;tdbonifratrzy;0
TK PORÓWNAWCZE CITO ANGIO;tdbrodnowski;0
TK PORÓWNAWCZE CITO ANGIO;tdemcpiaseczno;0
TK PORÓWNAWCZE CITO ANGIO;tdgammaknife;0
TK PORÓWNAWCZE CITO ANGIO;tdgniezno;0
TK PORÓWNAWCZE CITO ANGIO;tdipin;0
TK PORÓWNAWCZE CITO ANGIO;tdkluczbork;0
TK PORÓWNAWCZE CITO ANGIO;tdkolbuszowa;0
TK PORÓWNAWCZE CITO ANGIO;tdksskrakow;0
TK PORÓWNAWCZE CITO ANGIO;tdneuromedyka;0
TK PORÓWNAWCZE CITO ANGIO;tdnowomedica;0
TK PORÓWNAWCZE CITO ANGIO;tdonkologiaradom;0
TK PORÓWNAWCZE CITO ANGIO;tdparczew;0
TK PORÓWNAWCZE CITO ANGIO;tdpionki;0
TK PORÓWNAWCZE CITO ANGIO;tdpraski;0
TK PORÓWNAWCZE CITO ANGIO;tdpoludniowy;0
TK PORÓWNAWCZE CITO ANGIO;tdpyrzyce;0
TK PORÓWNAWCZE CITO ANGIO;tdscanmedak5;0
TK PORÓWNAWCZE CITO ANGIO;tdscanmedpila;0
TK PORÓWNAWCZE CITO ANGIO;tdsmswinoujscie;0
TK PORÓWNAWCZE CITO ANGIO;tdspectrum;0
TK PORÓWNAWCZE CITO ANGIO;tdspzozkolo;0
TK PORÓWNAWCZE CITO ANGIO;tdspzozsiedlce;0
TK PORÓWNAWCZE CITO ANGIO;tdsulechowNOWY;0
TK PORÓWNAWCZE CITO ANGIO;tdszpitalchelm;0
TK PORÓWNAWCZE CITO ANGIO;tdszpitalkolno;0
TK PORÓWNAWCZE CITO ANGIO;tdwszplock;0
TK PORÓWNAWCZE CITO ANGIO;tdzoznidzica;0
TK PORÓWNAWCZE CITO ANGIO;tdzozplonsk;0
TK PORÓWNAWCZE CITO ANGIO;td7szmw;0
TK PORÓWNAWCZE CITO ANGIO;tworki;0
TK PORÓWNAWCZE CITO ANGIO;uskbialystok;0
TK PORÓWNAWCZE CITO ANGIO;uskpoznan;0
TK PORÓWNAWCZE CITO ANGIO;wlodawa;0
TK PORÓWNAWCZE CITO ANGIO;zambrow;0
TK PORÓWNAWCZE CITO ANGIO;zgorzelec;0
TK PORÓWNAWCZE CITO ANGIO;zozbiala;0
TK PORÓWNAWCZE CITO ANGIO;zozswietochlowice;0
TK PORÓWNAWCZE CITO ANGIO;almed;102,5
TK PORÓWNAWCZE CITO ANGIO;dabrowatarnowska;56,4
TK PORÓWNAWCZE CITO ANGIO;grupazdrowie;41,4
TK PORÓWNAWCZE CITO ANGIO;komed;68,75
TK PORÓWNAWCZE CITO ANGIO;poddebice2;47,3
TK PORÓWNAWCZE CITO ANGIO;swp;156,25
TK PORÓWNAWCZE CITO ANGIO;puszczykowo;156,25
TK PORÓWNAWCZE CITO ANGIO;rodamed;21,45
TK PORÓWNAWCZE CITO ANGIO;sm4gliwice;162,5
TK PORÓWNAWCZE CITO ANGIO;spzozgrodzisk;100,8
TK PORÓWNAWCZE CITO ANGIO;spzozswidnica;82,8
TK PORÓWNAWCZE CITO ANGIO;szpitaljaslo;0
TK PORÓWNAWCZE CITO ANGIO;szpitalrydygier;55
TK PORÓWNAWCZE CITO ANGIO;tdmilicz;59,4
TK PORÓWNAWCZE CITO ANGIO;tdsuchab;162,5
TK PORÓWNAWCZE CITO ANGIO;tomograf;162,5
TK PORÓWNAWCZE CITO ANGIO;wsswroclaw;0
TK PORÓWNAWCZE CITO ANGIO;wysmaz;60,5
TK PORÓWNAWCZE CITO ANGIO;zozbol;188,136
TK PORÓWNAWCZE CITO ANGIO;zozboleslawiec;188,136
TK PORÓWNAWCZE CITO ANGIO;zozsochaczew;0
TK PORÓWNAWCZE PILNE ANGIO;alfasochaczew;0
TK PORÓWNAWCZE PILNE ANGIO;bimed;0
TK PORÓWNAWCZE PILNE ANGIO;diamed;0
TK PORÓWNAWCZE PILNE ANGIO;domchojna2;0
TK PORÓWNAWCZE PILNE ANGIO;domchojna;0
TK PORÓWNAWCZE PILNE ANGIO;gz;0
TK PORÓWNAWCZE PILNE ANGIO;gzplonsk;0
TK PORÓWNAWCZE PILNE ANGIO;gzszczecin;0
TK PORÓWNAWCZE PILNE ANGIO;kamienpomorski;0
TK PORÓWNAWCZE PILNE ANGIO;kosmowroclaw;0
TK PORÓWNAWCZE PILNE ANGIO;medinet;0
TK PORÓWNAWCZE PILNE ANGIO;nrkrakow;0
TK PORÓWNAWCZE PILNE ANGIO;nzozevita;0
TK PORÓWNAWCZE PILNE ANGIO;powiatsredzki;0
TK PORÓWNAWCZE PILNE ANGIO;smtorun;0
TK PORÓWNAWCZE PILNE ANGIO;szpitalsiemiatycze;0
TK PORÓWNAWCZE PILNE ANGIO;tdallmedica;0
TK PORÓWNAWCZE PILNE ANGIO;tdcmbatorego;0
TK PORÓWNAWCZE PILNE ANGIO;tdcrir;0
TK PORÓWNAWCZE PILNE ANGIO;tdkoszalinmswia;0
TK PORÓWNAWCZE PILNE ANGIO;tdorzesze;0
TK PORÓWNAWCZE PILNE ANGIO;tdstalowawola;0
TK PORÓWNAWCZE PILNE ANGIO;tdtargowek;0
TK PORÓWNAWCZE PILNE ANGIO;tdzozwola;0
TK PORÓWNAWCZE PILNE ANGIO;wegorzewo;0
TK PORÓWNAWCZE PILNE ANGIO;wimed;0
TK PORÓWNAWCZE PILNE ANGIO;wss5;0
TK PORÓWNAWCZE PILNE ANGIO;bialogard;0
TK PORÓWNAWCZE PILNE ANGIO;brodnica;0
TK PORÓWNAWCZE PILNE ANGIO;brzesko;0
TK PORÓWNAWCZE PILNE ANGIO;cobydgoszcz;0
TK PORÓWNAWCZE PILNE ANGIO;dcmdolmed;0
TK PORÓWNAWCZE PILNE ANGIO;dzierzoniow;0
TK PORÓWNAWCZE PILNE ANGIO;faceclinic;0
TK PORÓWNAWCZE PILNE ANGIO;goleniow;0
TK PORÓWNAWCZE PILNE ANGIO;gorlice;0
TK PORÓWNAWCZE PILNE ANGIO;grajewo;0
TK PORÓWNAWCZE PILNE ANGIO;grodzisk;0
TK PORÓWNAWCZE PILNE ANGIO;kartuzy;0
TK PORÓWNAWCZE PILNE ANGIO;klodzko;0
TK PORÓWNAWCZE PILNE ANGIO;lapy;0
TK PORÓWNAWCZE PILNE ANGIO;lubaczow;0
TK PORÓWNAWCZE PILNE ANGIO;mswsiedlce;0
TK PORÓWNAWCZE PILNE ANGIO;nml;0
TK PORÓWNAWCZE PILNE ANGIO;ostrow;0
TK PORÓWNAWCZE PILNE ANGIO;pczotwock;0
TK PORÓWNAWCZE PILNE ANGIO;radiomedica;0
TK PORÓWNAWCZE PILNE ANGIO;rybnik;30
TK PORÓWNAWCZE PILNE ANGIO;scanmed;0
TK PORÓWNAWCZE PILNE ANGIO;sokolow;0
TK PORÓWNAWCZE PILNE ANGIO;spbochnia;0
TK PORÓWNAWCZE PILNE ANGIO;spzozlezajsk;0
TK PORÓWNAWCZE PILNE ANGIO;spzozmc;0
TK PORÓWNAWCZE PILNE ANGIO;spzozturek;0
TK PORÓWNAWCZE PILNE ANGIO;spzzozsierpc;0
TK PORÓWNAWCZE PILNE ANGIO;starachowice;0
TK PORÓWNAWCZE PILNE ANGIO;swk;0
TK PORÓWNAWCZE PILNE ANGIO;szpitaldzieciecy;0
TK PORÓWNAWCZE PILNE ANGIO;szpitallubartow;0
TK PORÓWNAWCZE PILNE ANGIO;szpitalopole;0
TK PORÓWNAWCZE PILNE ANGIO;szpitalzakopane;0
TK PORÓWNAWCZE PILNE ANGIO;szpitalzawiercie;0
TK PORÓWNAWCZE PILNE ANGIO;tdbelzyce;0
TK PORÓWNAWCZE PILNE ANGIO;tdblachownia;0
TK PORÓWNAWCZE PILNE ANGIO;tdbonifratrzy;0
TK PORÓWNAWCZE PILNE ANGIO;tdbrodnowski;0
TK PORÓWNAWCZE PILNE ANGIO;tdemcpiaseczno;0
TK PORÓWNAWCZE PILNE ANGIO;tdgammaknife;0
TK PORÓWNAWCZE PILNE ANGIO;tdgniezno;0
TK PORÓWNAWCZE PILNE ANGIO;tdipin;0
TK PORÓWNAWCZE PILNE ANGIO;tdkluczbork;0
TK PORÓWNAWCZE PILNE ANGIO;tdkolbuszowa;0
TK PORÓWNAWCZE PILNE ANGIO;tdksskrakow;0
TK PORÓWNAWCZE PILNE ANGIO;tdneuromedyka;0
TK PORÓWNAWCZE PILNE ANGIO;tdnowomedica;0
TK PORÓWNAWCZE PILNE ANGIO;tdonkologiaradom;0
TK PORÓWNAWCZE PILNE ANGIO;tdparczew;0
TK PORÓWNAWCZE PILNE ANGIO;tdpionki;0
TK PORÓWNAWCZE PILNE ANGIO;tdpraski;0
TK PORÓWNAWCZE PILNE ANGIO;tdpoludniowy;0
TK PORÓWNAWCZE PILNE ANGIO;tdpyrzyce;0
TK PORÓWNAWCZE PILNE ANGIO;tdscanmedak5;0
TK PORÓWNAWCZE PILNE ANGIO;tdscanmedpila;0
TK PORÓWNAWCZE PILNE ANGIO;tdsmswinoujscie;0
TK PORÓWNAWCZE PILNE ANGIO;tdspectrum;0
TK PORÓWNAWCZE PILNE ANGIO;tdspzozkolo;0
TK PORÓWNAWCZE PILNE ANGIO;tdspzozsiedlce;0
TK PORÓWNAWCZE PILNE ANGIO;tdsulechowNOWY;0
TK PORÓWNAWCZE PILNE ANGIO;tdszpitalchelm;0
TK PORÓWNAWCZE PILNE ANGIO;tdszpitalkolno;0
TK PORÓWNAWCZE PILNE ANGIO;tdwszplock;0
TK PORÓWNAWCZE PILNE ANGIO;tdzoznidzica;0
TK PORÓWNAWCZE PILNE ANGIO;tdzozplonsk;0
TK PORÓWNAWCZE PILNE ANGIO;td7szmw;0
TK PORÓWNAWCZE PILNE ANGIO;tworki;0
TK PORÓWNAWCZE PILNE ANGIO;uskbialystok;0
TK PORÓWNAWCZE PILNE ANGIO;uskpoznan;0
TK PORÓWNAWCZE PILNE ANGIO;wlodawa;0
TK PORÓWNAWCZE PILNE ANGIO;zambrow;0
TK PORÓWNAWCZE PILNE ANGIO;zgorzelec;0
TK PORÓWNAWCZE PILNE ANGIO;zozbiala;0
TK PORÓWNAWCZE PILNE ANGIO;zozswietochlowice;0
TK PORÓWNAWCZE PILNE ANGIO;almed;92,5
TK PORÓWNAWCZE PILNE ANGIO;dabrowatarnowska;51,6
TK PORÓWNAWCZE PILNE ANGIO;grupazdrowie;37,95
TK PORÓWNAWCZE PILNE ANGIO;komed;63,25
TK PORÓWNAWCZE PILNE ANGIO;poddebice2;44
TK PORÓWNAWCZE PILNE ANGIO;swp;143,75
TK PORÓWNAWCZE PILNE ANGIO;puszczykowo;143,75
TK PORÓWNAWCZE PILNE ANGIO;rodamed;19,8
TK PORÓWNAWCZE PILNE ANGIO;sm4gliwice;143,75
TK PORÓWNAWCZE PILNE ANGIO;spzozgrodzisk;91,2
TK PORÓWNAWCZE PILNE ANGIO;spzozswidnica;75,6
TK PORÓWNAWCZE PILNE ANGIO;szpitaljaslo;0
TK PORÓWNAWCZE PILNE ANGIO;szpitalrydygier;50,6
TK PORÓWNAWCZE PILNE ANGIO;tdmilicz;50,6
TK PORÓWNAWCZE PILNE ANGIO;tdsuchab;150
TK PORÓWNAWCZE PILNE ANGIO;tomograf;143,75
TK PORÓWNAWCZE PILNE ANGIO;wsswroclaw;0
TK PORÓWNAWCZE PILNE ANGIO;wysmaz;57,75
TK PORÓWNAWCZE PILNE ANGIO;zozbol;156,936
TK PORÓWNAWCZE PILNE ANGIO;zozboleslawiec;156,936
TK PORÓWNAWCZE PILNE ANGIO;zozsochaczew;0
TK PORÓWNAWCZE PLANOWE ANGIO ;alfasochaczew;0
TK PORÓWNAWCZE PLANOWE ANGIO ;bimed;0
TK PORÓWNAWCZE PLANOWE ANGIO ;diamed;0
TK PORÓWNAWCZE PLANOWE ANGIO ;domchojna2;0
TK PORÓWNAWCZE PLANOWE ANGIO ;domchojna;0
TK PORÓWNAWCZE PLANOWE ANGIO ;gz;0
TK PORÓWNAWCZE PLANOWE ANGIO ;gzplonsk;0
TK PORÓWNAWCZE PLANOWE ANGIO ;gzszczecin;0
TK PORÓWNAWCZE PLANOWE ANGIO ;kamienpomorski;0
TK PORÓWNAWCZE PLANOWE ANGIO ;kosmowroclaw;0
TK PORÓWNAWCZE PLANOWE ANGIO ;medinet;0
TK PORÓWNAWCZE PLANOWE ANGIO ;nrkrakow;0
TK PORÓWNAWCZE PLANOWE ANGIO ;nzozevita;0
TK PORÓWNAWCZE PLANOWE ANGIO ;powiatsredzki;0
TK PORÓWNAWCZE PLANOWE ANGIO ;smtorun;0
TK PORÓWNAWCZE PLANOWE ANGIO ;szpitalsiemiatycze;0
TK PORÓWNAWCZE PLANOWE ANGIO ;tdallmedica;0
TK PORÓWNAWCZE PLANOWE ANGIO ;tdcmbatorego;0
TK PORÓWNAWCZE PLANOWE ANGIO ;tdcrir;0
TK PORÓWNAWCZE PLANOWE ANGIO ;tdkoszalinmswia;0
TK PORÓWNAWCZE PLANOWE ANGIO ;tdorzesze;0
TK PORÓWNAWCZE PLANOWE ANGIO ;tdstalowawola;0
TK PORÓWNAWCZE PLANOWE ANGIO ;tdtargowek;0
TK PORÓWNAWCZE PLANOWE ANGIO ;tdzozwola;0
TK PORÓWNAWCZE PLANOWE ANGIO ;wegorzewo;0
TK PORÓWNAWCZE PLANOWE ANGIO ;wimed;0
TK PORÓWNAWCZE PLANOWE ANGIO ;wss5;0
TK PORÓWNAWCZE PLANOWE ANGIO ;bialogard;0
TK PORÓWNAWCZE PLANOWE ANGIO ;brodnica;0
TK PORÓWNAWCZE PLANOWE ANGIO ;brzesko;0
TK PORÓWNAWCZE PLANOWE ANGIO ;cobydgoszcz;0
TK PORÓWNAWCZE PLANOWE ANGIO ;dcmdolmed;0
TK PORÓWNAWCZE PLANOWE ANGIO ;dzierzoniow;0
TK PORÓWNAWCZE PLANOWE ANGIO ;faceclinic;0
TK PORÓWNAWCZE PLANOWE ANGIO ;goleniow;0
TK PORÓWNAWCZE PLANOWE ANGIO ;gorlice;0
TK PORÓWNAWCZE PLANOWE ANGIO ;grajewo;0
TK PORÓWNAWCZE PLANOWE ANGIO ;grodzisk;0
TK PORÓWNAWCZE PLANOWE ANGIO ;kartuzy;0
TK PORÓWNAWCZE PLANOWE ANGIO ;klodzko;0
TK PORÓWNAWCZE PLANOWE ANGIO ;lapy;0
TK PORÓWNAWCZE PLANOWE ANGIO ;lubaczow;0
TK PORÓWNAWCZE PLANOWE ANGIO ;mswsiedlce;0
TK PORÓWNAWCZE PLANOWE ANGIO ;nml;0
TK PORÓWNAWCZE PLANOWE ANGIO ;ostrow;0
TK PORÓWNAWCZE PLANOWE ANGIO ;pczotwock;0
TK PORÓWNAWCZE PLANOWE ANGIO ;radiomedica;0
TK PORÓWNAWCZE PLANOWE ANGIO ;rybnik;30
TK PORÓWNAWCZE PLANOWE ANGIO ;scanmed;0
TK PORÓWNAWCZE PLANOWE ANGIO ;sokolow;0
TK PORÓWNAWCZE PLANOWE ANGIO ;spbochnia;0
TK PORÓWNAWCZE PLANOWE ANGIO ;spzozlezajsk;0
TK PORÓWNAWCZE PLANOWE ANGIO ;spzozmc;0
TK PORÓWNAWCZE PLANOWE ANGIO ;spzozturek;0
TK PORÓWNAWCZE PLANOWE ANGIO ;spzzozsierpc;0
TK PORÓWNAWCZE PLANOWE ANGIO ;starachowice;0
TK PORÓWNAWCZE PLANOWE ANGIO ;swk;0
TK PORÓWNAWCZE PLANOWE ANGIO ;szpitaldzieciecy;0
TK PORÓWNAWCZE PLANOWE ANGIO ;szpitallubartow;0
TK PORÓWNAWCZE PLANOWE ANGIO ;szpitalopole;0
TK PORÓWNAWCZE PLANOWE ANGIO ;szpitalzakopane;0
TK PORÓWNAWCZE PLANOWE ANGIO ;szpitalzawiercie;0
TK PORÓWNAWCZE PLANOWE ANGIO ;tdbelzyce;0
TK PORÓWNAWCZE PLANOWE ANGIO ;tdblachownia;0
TK PORÓWNAWCZE PLANOWE ANGIO ;tdbonifratrzy;0
TK PORÓWNAWCZE PLANOWE ANGIO ;tdbrodnowski;0
TK PORÓWNAWCZE PLANOWE ANGIO ;tdemcpiaseczno;0
TK PORÓWNAWCZE PLANOWE ANGIO ;tdgammaknife;0
TK PORÓWNAWCZE PLANOWE ANGIO ;tdgniezno;0
TK PORÓWNAWCZE PLANOWE ANGIO ;tdipin;0
TK PORÓWNAWCZE PLANOWE ANGIO ;tdkluczbork;0
TK PORÓWNAWCZE PLANOWE ANGIO ;tdkolbuszowa;0
TK PORÓWNAWCZE PLANOWE ANGIO ;tdksskrakow;0
TK PORÓWNAWCZE PLANOWE ANGIO ;tdneuromedyka;0
TK PORÓWNAWCZE PLANOWE ANGIO ;tdnowomedica;0
TK PORÓWNAWCZE PLANOWE ANGIO ;tdonkologiaradom;0
TK PORÓWNAWCZE PLANOWE ANGIO ;tdparczew;0
TK PORÓWNAWCZE PLANOWE ANGIO ;tdpionki;0
TK PORÓWNAWCZE PLANOWE ANGIO ;tdpraski;0
TK PORÓWNAWCZE PLANOWE ANGIO ;tdpoludniowy;0
TK PORÓWNAWCZE PLANOWE ANGIO ;tdpyrzyce;0
TK PORÓWNAWCZE PLANOWE ANGIO ;tdscanmedak5;0
TK PORÓWNAWCZE PLANOWE ANGIO ;tdscanmedpila;0
TK PORÓWNAWCZE PLANOWE ANGIO ;tdsmswinoujscie;0
TK PORÓWNAWCZE PLANOWE ANGIO ;tdspectrum;0
TK PORÓWNAWCZE PLANOWE ANGIO ;tdspzozkolo;0
TK PORÓWNAWCZE PLANOWE ANGIO ;tdspzozsiedlce;0
TK PORÓWNAWCZE PLANOWE ANGIO ;tdsulechowNOWY;0
TK PORÓWNAWCZE PLANOWE ANGIO ;tdszpitalchelm;0
TK PORÓWNAWCZE PLANOWE ANGIO ;tdszpitalkolno;0
TK PORÓWNAWCZE PLANOWE ANGIO ;tdwszplock;0
TK PORÓWNAWCZE PLANOWE ANGIO ;tdzoznidzica;0
TK PORÓWNAWCZE PLANOWE ANGIO ;tdzozplonsk;0
TK PORÓWNAWCZE PLANOWE ANGIO ;td7szmw;0
TK PORÓWNAWCZE PLANOWE ANGIO ;tworki;0
TK PORÓWNAWCZE PLANOWE ANGIO ;uskbialystok;0
TK PORÓWNAWCZE PLANOWE ANGIO ;uskpoznan;0
TK PORÓWNAWCZE PLANOWE ANGIO ;wlodawa;0
TK PORÓWNAWCZE PLANOWE ANGIO ;zambrow;0
TK PORÓWNAWCZE PLANOWE ANGIO ;zgorzelec;0
TK PORÓWNAWCZE PLANOWE ANGIO ;zozbiala;0
TK PORÓWNAWCZE PLANOWE ANGIO ;zozswietochlowice;0
TK PORÓWNAWCZE PLANOWE ANGIO ;almed;90
TK PORÓWNAWCZE PLANOWE ANGIO ;dabrowatarnowska;0
TK PORÓWNAWCZE PLANOWE ANGIO ;grupazdrowie;36,225
TK PORÓWNAWCZE PLANOWE ANGIO ;komed;53,625
TK PORÓWNAWCZE PLANOWE ANGIO ;poddebice2;39,6
TK PORÓWNAWCZE PLANOWE ANGIO ;swp;131,25
TK PORÓWNAWCZE PLANOWE ANGIO ;puszczykowo;131,25
TK PORÓWNAWCZE PLANOWE ANGIO ;rodamed;18,7
TK PORÓWNAWCZE PLANOWE ANGIO ;sm4gliwice;128,125
TK PORÓWNAWCZE PLANOWE ANGIO ;spzozgrodzisk;86,4
TK PORÓWNAWCZE PLANOWE ANGIO ;spzozswidnica;68,4
TK PORÓWNAWCZE PLANOWE ANGIO ;szpitaljaslo;0
TK PORÓWNAWCZE PLANOWE ANGIO ;szpitalrydygier;46,2
TK PORÓWNAWCZE PLANOWE ANGIO ;tdmilicz;44
TK PORÓWNAWCZE PLANOWE ANGIO ;tdsuchab;131,25
TK PORÓWNAWCZE PLANOWE ANGIO ;tomograf;128,125
TK PORÓWNAWCZE PLANOWE ANGIO ;wsswroclaw;0
TK PORÓWNAWCZE PLANOWE ANGIO ;wysmaz;52,25
TK PORÓWNAWCZE PLANOWE ANGIO ;zozbol;136,136
TK PORÓWNAWCZE PLANOWE ANGIO ;zozboleslawiec;136,136
TK PORÓWNAWCZE PLANOWE ANGIO ;zozsochaczew;0
TK CITO ONKO;alfasochaczew;0
TK CITO ONKO;bimed;0
TK CITO ONKO;diamed;0
TK CITO ONKO;domchojna2;0
TK CITO ONKO;domchojna;0
TK CITO ONKO;gz;0
TK CITO ONKO;gzplonsk;0
TK CITO ONKO;gzszczecin;0
TK CITO ONKO;kamienpomorski;0
TK CITO ONKO;kosmowroclaw;0
TK CITO ONKO;medinet;0
TK CITO ONKO;nrkrakow;0
TK CITO ONKO;nzozevita;0
TK CITO ONKO;powiatsredzki;0
TK CITO ONKO;smtorun;0
TK CITO ONKO;szpitalsiemiatycze;0
TK CITO ONKO;tdallmedica;0
TK CITO ONKO;tdcmbatorego;0
TK CITO ONKO;tdcrir;0
TK CITO ONKO;tdkoszalinmswia;0
TK CITO ONKO;tdorzesze;0
TK CITO ONKO;tdstalowawola;0
TK CITO ONKO;tdtargowek;0
TK CITO ONKO;tdzozwola;0
TK CITO ONKO;wegorzewo;0
TK CITO ONKO;wimed;0
TK CITO ONKO;wss5;0
TK CITO ONKO;bialogard;0
TK CITO ONKO;brodnica;0
TK CITO ONKO;brzesko;0
TK CITO ONKO;cobydgoszcz;0
TK CITO ONKO;dcmdolmed;0
TK CITO ONKO;dzierzoniow;0
TK CITO ONKO;faceclinic;0
TK CITO ONKO;goleniow;0
TK CITO ONKO;gorlice;0
TK CITO ONKO;grajewo;0
TK CITO ONKO;grodzisk;0
TK CITO ONKO;kartuzy;0
TK CITO ONKO;klodzko;0
TK CITO ONKO;lapy;0
TK CITO ONKO;lubaczow;0
TK CITO ONKO;mswsiedlce;0
TK CITO ONKO;nml;0
TK CITO ONKO;ostrow;220
TK CITO ONKO;pczotwock;0
TK CITO ONKO;radiomedica;0
TK CITO ONKO;rybnik;0
TK CITO ONKO;scanmed;0
TK CITO ONKO;sokolow;0
TK CITO ONKO;spbochnia;0
TK CITO ONKO;spzozlezajsk;0
TK CITO ONKO;spzozmc;0
TK CITO ONKO;spzozturek;0
TK CITO ONKO;spzzozsierpc;0
TK CITO ONKO;starachowice;0
TK CITO ONKO;swk;0
TK CITO ONKO;szpitaldzieciecy;0
TK CITO ONKO;szpitallubartow;0
TK CITO ONKO;szpitalopole;0
TK CITO ONKO;szpitalzakopane;0
TK CITO ONKO;szpitalzawiercie;0
TK CITO ONKO;tdbelzyce;0
TK CITO ONKO;tdblachownia;0
TK CITO ONKO;tdbonifratrzy;0
TK CITO ONKO;tdbrodnowski;0
TK CITO ONKO;tdemcpiaseczno;0
TK CITO ONKO;tdgammaknife;0
TK CITO ONKO;tdgniezno;0
TK CITO ONKO;tdipin;0
TK CITO ONKO;tdkluczbork;0
TK CITO ONKO;tdkolbuszowa;0
TK CITO ONKO;tdksskrakow;0
TK CITO ONKO;tdneuromedyka;0
TK CITO ONKO;tdnowomedica;0
TK CITO ONKO;tdonkologiaradom;0
TK CITO ONKO;tdparczew;0
TK CITO ONKO;tdpionki;0
TK CITO ONKO;tdpraski;0
TK CITO ONKO;tdpoludniowy;0
TK CITO ONKO;tdpyrzyce;0
TK CITO ONKO;tdscanmedak5;0
TK CITO ONKO;tdscanmedpila;0
TK CITO ONKO;tdsmswinoujscie;0
TK CITO ONKO;tdspectrum;0
TK CITO ONKO;tdspzozkolo;0
TK CITO ONKO;tdspzozsiedlce;0
TK CITO ONKO;tdsulechowNOWY;0
TK CITO ONKO;tdszpitalchelm;0
TK CITO ONKO;tdszpitalkolno;0
TK CITO ONKO;tdwszplock;0
TK CITO ONKO;tdzoznidzica;0
TK CITO ONKO;tdzozplonsk;0
TK CITO ONKO;td7szmw;210
TK CITO ONKO;tworki;0
TK CITO ONKO;uskbialystok;0
TK CITO ONKO;uskpoznan;0
TK CITO ONKO;wlodawa;0
TK CITO ONKO;zambrow;0
TK CITO ONKO;zgorzelec;0
TK CITO ONKO;zozbiala;0
TK CITO ONKO;zozswietochlowice;0
TK CITO ONKO;almed;287
TK CITO ONKO;dabrowatarnowska;282
TK CITO ONKO;grupazdrowie;276
TK CITO ONKO;komed;312,5
TK CITO ONKO;poddebice2;258
TK CITO ONKO;swp;375
TK CITO ONKO;puszczykowo;375
TK CITO ONKO;rodamed;214,5
TK CITO ONKO;sm4gliwice;390
TK CITO ONKO;spzozgrodzisk;294
TK CITO ONKO;spzozswidnica;299
TK CITO ONKO;szpitaljaslo;250
TK CITO ONKO;szpitalrydygier;300
TK CITO ONKO;tdmilicz;324
TK CITO ONKO;tdsuchab;390
TK CITO ONKO;tomograf;390
TK CITO ONKO;wsswroclaw;312,5
TK CITO ONKO;wysmaz;275
TK CITO ONKO;zozbol;325,62
TK CITO ONKO;zozboleslawiec;325,62
TK CITO ONKO;zozsochaczew;0
TK PILNE ONKO;alfasochaczew;0
TK PILNE ONKO;bimed;0
TK PILNE ONKO;diamed;0
TK PILNE ONKO;domchojna2;0
TK PILNE ONKO;domchojna;0
TK PILNE ONKO;gz;0
TK PILNE ONKO;gzplonsk;0
TK PILNE ONKO;gzszczecin;0
TK PILNE ONKO;kamienpomorski;0
TK PILNE ONKO;kosmowroclaw;0
TK PILNE ONKO;medinet;0
TK PILNE ONKO;nrkrakow;0
TK PILNE ONKO;nzozevita;0
TK PILNE ONKO;powiatsredzki;0
TK PILNE ONKO;smtorun;0
TK PILNE ONKO;szpitalsiemiatycze;0
TK PILNE ONKO;tdallmedica;0
TK PILNE ONKO;tdcmbatorego;0
TK PILNE ONKO;tdcrir;0
TK PILNE ONKO;tdkoszalinmswia;0
TK PILNE ONKO;tdorzesze;0
TK PILNE ONKO;tdstalowawola;0
TK PILNE ONKO;tdtargowek;0
TK PILNE ONKO;tdzozwola;0
TK PILNE ONKO;wegorzewo;0
TK PILNE ONKO;wimed;0
TK PILNE ONKO;wss5;0
TK PILNE ONKO;bialogard;0
TK PILNE ONKO;brodnica;0
TK PILNE ONKO;brzesko;0
TK PILNE ONKO;cobydgoszcz;0
TK PILNE ONKO;dcmdolmed;0
TK PILNE ONKO;dzierzoniow;0
TK PILNE ONKO;faceclinic;0
TK PILNE ONKO;goleniow;0
TK PILNE ONKO;gorlice;0
TK PILNE ONKO;grajewo;0
TK PILNE ONKO;grodzisk;0
TK PILNE ONKO;kartuzy;0
TK PILNE ONKO;klodzko;0
TK PILNE ONKO;lapy;0
TK PILNE ONKO;lubaczow;0
TK PILNE ONKO;mswsiedlce;0
TK PILNE ONKO;nml;0
TK PILNE ONKO;ostrow;210
TK PILNE ONKO;pczotwock;0
TK PILNE ONKO;radiomedica;0
TK PILNE ONKO;rybnik;0
TK PILNE ONKO;scanmed;0
TK PILNE ONKO;sokolow;0
TK PILNE ONKO;spbochnia;0
TK PILNE ONKO;spzozlezajsk;0
TK PILNE ONKO;spzozmc;0
TK PILNE ONKO;spzozturek;0
TK PILNE ONKO;spzzozsierpc;0
TK PILNE ONKO;starachowice;0
TK PILNE ONKO;swk;0
TK PILNE ONKO;szpitaldzieciecy;0
TK PILNE ONKO;szpitallubartow;0
TK PILNE ONKO;szpitalopole;0
TK PILNE ONKO;szpitalzakopane;0
TK PILNE ONKO;szpitalzawiercie;0
TK PILNE ONKO;tdbelzyce;0
TK PILNE ONKO;tdblachownia;0
TK PILNE ONKO;tdbonifratrzy;0
TK PILNE ONKO;tdbrodnowski;0
TK PILNE ONKO;tdemcpiaseczno;0
TK PILNE ONKO;tdgammaknife;0
TK PILNE ONKO;tdgniezno;0
TK PILNE ONKO;tdipin;0
TK PILNE ONKO;tdkluczbork;0
TK PILNE ONKO;tdkolbuszowa;0
TK PILNE ONKO;tdksskrakow;0
TK PILNE ONKO;tdneuromedyka;0
TK PILNE ONKO;tdnowomedica;0
TK PILNE ONKO;tdonkologiaradom;0
TK PILNE ONKO;tdparczew;0
TK PILNE ONKO;tdpionki;0
TK PILNE ONKO;tdpraski;0
TK PILNE ONKO;tdpoludniowy;0
TK PILNE ONKO;tdpyrzyce;0
TK PILNE ONKO;tdscanmedak5;0
TK PILNE ONKO;tdscanmedpila;0
TK PILNE ONKO;tdsmswinoujscie;0
TK PILNE ONKO;tdspectrum;0
TK PILNE ONKO;tdspzozkolo;0
TK PILNE ONKO;tdspzozsiedlce;0
TK PILNE ONKO;tdsulechowNOWY;0
TK PILNE ONKO;tdszpitalchelm;0
TK PILNE ONKO;tdszpitalkolno;0
TK PILNE ONKO;tdwszplock;0
TK PILNE ONKO;tdzoznidzica;0
TK PILNE ONKO;tdzozplonsk;0
TK PILNE ONKO;td7szmw;0
TK PILNE ONKO;tworki;0
TK PILNE ONKO;uskbialystok;0
TK PILNE ONKO;uskpoznan;0
TK PILNE ONKO;wlodawa;0
TK PILNE ONKO;zambrow;0
TK PILNE ONKO;zgorzelec;0
TK PILNE ONKO;zozbiala;0
TK PILNE ONKO;zozswietochlowice;0
TK PILNE ONKO;almed;259
TK PILNE ONKO;dabrowatarnowska;258
TK PILNE ONKO;grupazdrowie;253
TK PILNE ONKO;komed;287,5
TK PILNE ONKO;poddebice2;240
TK PILNE ONKO;swp;345
TK PILNE ONKO;puszczykowo;345
TK PILNE ONKO;rodamed;198
TK PILNE ONKO;sm4gliwice;345
TK PILNE ONKO;spzozgrodzisk;266
TK PILNE ONKO;spzozswidnica;273
TK PILNE ONKO;szpitaljaslo;230
TK PILNE ONKO;szpitalrydygier;276
TK PILNE ONKO;tdmilicz;276
TK PILNE ONKO;tdsuchab;360
TK PILNE ONKO;tomograf;345
TK PILNE ONKO;wsswroclaw;262,5
TK PILNE ONKO;wysmaz;262,5
TK PILNE ONKO;zozbol;271,62
TK PILNE ONKO;zozboleslawiec;271,62
TK PILNE ONKO;zozsochaczew;0
TK PLANOWE ONKO;alfasochaczew;0
TK PLANOWE ONKO;bimed;0
TK PLANOWE ONKO;diamed;0
TK PLANOWE ONKO;domchojna2;0
TK PLANOWE ONKO;domchojna;0
TK PLANOWE ONKO;gz;0
TK PLANOWE ONKO;gzplonsk;0
TK PLANOWE ONKO;gzszczecin;0
TK PLANOWE ONKO;kamienpomorski;0
TK PLANOWE ONKO;kosmowroclaw;0
TK PLANOWE ONKO;medinet;0
TK PLANOWE ONKO;nrkrakow;0
TK PLANOWE ONKO;nzozevita;0
TK PLANOWE ONKO;powiatsredzki;0
TK PLANOWE ONKO;smtorun;0
TK PLANOWE ONKO;szpitalsiemiatycze;0
TK PLANOWE ONKO;tdallmedica;0
TK PLANOWE ONKO;tdcmbatorego;0
TK PLANOWE ONKO;tdcrir;0
TK PLANOWE ONKO;tdkoszalinmswia;0
TK PLANOWE ONKO;tdorzesze;0
TK PLANOWE ONKO;tdstalowawola;0
TK PLANOWE ONKO;tdtargowek;0
TK PLANOWE ONKO;tdzozwola;0
TK PLANOWE ONKO;wegorzewo;0
TK PLANOWE ONKO;wimed;0
TK PLANOWE ONKO;wss5;0
TK PLANOWE ONKO;bialogard;0
TK PLANOWE ONKO;brodnica;0
TK PLANOWE ONKO;brzesko;0
TK PLANOWE ONKO;cobydgoszcz;0
TK PLANOWE ONKO;dcmdolmed;0
TK PLANOWE ONKO;dzierzoniow;0
TK PLANOWE ONKO;faceclinic;0
TK PLANOWE ONKO;goleniow;0
TK PLANOWE ONKO;gorlice;0
TK PLANOWE ONKO;grajewo;0
TK PLANOWE ONKO;grodzisk;0
TK PLANOWE ONKO;kartuzy;0
TK PLANOWE ONKO;klodzko;0
TK PLANOWE ONKO;lapy;0
TK PLANOWE ONKO;lubaczow;0
TK PLANOWE ONKO;mswsiedlce;0
TK PLANOWE ONKO;nml;0
TK PLANOWE ONKO;ostrow;190
TK PLANOWE ONKO;pczotwock;0
TK PLANOWE ONKO;radiomedica;0
TK PLANOWE ONKO;rybnik;0
TK PLANOWE ONKO;scanmed;0
TK PLANOWE ONKO;sokolow;0
TK PLANOWE ONKO;spbochnia;0
TK PLANOWE ONKO;spzozlezajsk;0
TK PLANOWE ONKO;spzozmc;0
TK PLANOWE ONKO;spzozturek;0
TK PLANOWE ONKO;spzzozsierpc;0
TK PLANOWE ONKO;starachowice;0
TK PLANOWE ONKO;swk;0
TK PLANOWE ONKO;szpitaldzieciecy;0
TK PLANOWE ONKO;szpitallubartow;0
TK PLANOWE ONKO;szpitalopole;0
TK PLANOWE ONKO;szpitalzakopane;0
TK PLANOWE ONKO;szpitalzawiercie;0
TK PLANOWE ONKO;tdbelzyce;0
TK PLANOWE ONKO;tdblachownia;0
TK PLANOWE ONKO;tdbonifratrzy;0
TK PLANOWE ONKO;tdbrodnowski;0
TK PLANOWE ONKO;tdemcpiaseczno;0
TK PLANOWE ONKO;tdgammaknife;0
TK PLANOWE ONKO;tdgniezno;0
TK PLANOWE ONKO;tdipin;0
TK PLANOWE ONKO;tdkluczbork;0
TK PLANOWE ONKO;tdkolbuszowa;0
TK PLANOWE ONKO;tdksskrakow;0
TK PLANOWE ONKO;tdneuromedyka;0
TK PLANOWE ONKO;tdnowomedica;0
TK PLANOWE ONKO;tdonkologiaradom;0
TK PLANOWE ONKO;tdparczew;0
TK PLANOWE ONKO;tdpionki;0
TK PLANOWE ONKO;tdpraski;0
TK PLANOWE ONKO;tdpoludniowy;0
TK PLANOWE ONKO;tdpyrzyce;0
TK PLANOWE ONKO;tdscanmedak5;0
TK PLANOWE ONKO;tdscanmedpila;0
TK PLANOWE ONKO;tdsmswinoujscie;0
TK PLANOWE ONKO;tdspectrum;0
TK PLANOWE ONKO;tdspzozkolo;0
TK PLANOWE ONKO;tdspzozsiedlce;0
TK PLANOWE ONKO;tdsulechowNOWY;0
TK PLANOWE ONKO;tdszpitalchelm;0
TK PLANOWE ONKO;tdszpitalkolno;0
TK PLANOWE ONKO;tdwszplock;0
TK PLANOWE ONKO;tdzoznidzica;0
TK PLANOWE ONKO;tdzozplonsk;0
TK PLANOWE ONKO;td7szmw;190
TK PLANOWE ONKO;tworki;0
TK PLANOWE ONKO;uskbialystok;0
TK PLANOWE ONKO;uskpoznan;0
TK PLANOWE ONKO;wlodawa;0
TK PLANOWE ONKO;zambrow;0
TK PLANOWE ONKO;zgorzelec;0
TK PLANOWE ONKO;zozbiala;0
TK PLANOWE ONKO;zozswietochlowice;0
TK PLANOWE ONKO;almed;252
TK PLANOWE ONKO;dabrowatarnowska;0
TK PLANOWE ONKO;grupazdrowie;241,5
TK PLANOWE ONKO;komed;243,75
TK PLANOWE ONKO;poddebice2;216
TK PLANOWE ONKO;swp;315
TK PLANOWE ONKO;puszczykowo;315
TK PLANOWE ONKO;rodamed;187
TK PLANOWE ONKO;sm4gliwice;307,5
TK PLANOWE ONKO;spzozgrodzisk;252
TK PLANOWE ONKO;spzozswidnica;247
TK PLANOWE ONKO;szpitaljaslo;210
TK PLANOWE ONKO;szpitalrydygier;252
TK PLANOWE ONKO;tdmilicz;240
TK PLANOWE ONKO;tdsuchab;315
TK PLANOWE ONKO;tomograf;307,5
TK PLANOWE ONKO;wsswroclaw;237,5
TK PLANOWE ONKO;wysmaz;237,5
TK PLANOWE ONKO;zozbol;235,62
TK PLANOWE ONKO;zozboleslawiec;235,62
TK PLANOWE ONKO;zozsochaczew;0
TK PORÓWNAWCZE CITO ONKO;alfasochaczew;0
TK PORÓWNAWCZE CITO ONKO;bimed;0
TK PORÓWNAWCZE CITO ONKO;diamed;0
TK PORÓWNAWCZE CITO ONKO;domchojna2;0
TK PORÓWNAWCZE CITO ONKO;domchojna;0
TK PORÓWNAWCZE CITO ONKO;gz;0
TK PORÓWNAWCZE CITO ONKO;gzplonsk;0
TK PORÓWNAWCZE CITO ONKO;gzszczecin;0
TK PORÓWNAWCZE CITO ONKO;kamienpomorski;0
TK PORÓWNAWCZE CITO ONKO;kosmowroclaw;0
TK PORÓWNAWCZE CITO ONKO;medinet;0
TK PORÓWNAWCZE CITO ONKO;nrkrakow;0
TK PORÓWNAWCZE CITO ONKO;nzozevita;0
TK PORÓWNAWCZE CITO ONKO;powiatsredzki;0
TK PORÓWNAWCZE CITO ONKO;smtorun;0
TK PORÓWNAWCZE CITO ONKO;szpitalsiemiatycze;0
TK PORÓWNAWCZE CITO ONKO;tdallmedica;0
TK PORÓWNAWCZE CITO ONKO;tdcmbatorego;0
TK PORÓWNAWCZE CITO ONKO;tdcrir;0
TK PORÓWNAWCZE CITO ONKO;tdkoszalinmswia;0
TK PORÓWNAWCZE CITO ONKO;tdorzesze;0
TK PORÓWNAWCZE CITO ONKO;tdstalowawola;0
TK PORÓWNAWCZE CITO ONKO;tdtargowek;0
TK PORÓWNAWCZE CITO ONKO;tdzozwola;0
TK PORÓWNAWCZE CITO ONKO;wegorzewo;0
TK PORÓWNAWCZE CITO ONKO;wimed;0
TK PORÓWNAWCZE CITO ONKO;wss5;0
TK PORÓWNAWCZE CITO ONKO;bialogard;0
TK PORÓWNAWCZE CITO ONKO;brodnica;0
TK PORÓWNAWCZE CITO ONKO;brzesko;0
TK PORÓWNAWCZE CITO ONKO;cobydgoszcz;0
TK PORÓWNAWCZE CITO ONKO;dcmdolmed;0
TK PORÓWNAWCZE CITO ONKO;dzierzoniow;0
TK PORÓWNAWCZE CITO ONKO;faceclinic;0
TK PORÓWNAWCZE CITO ONKO;goleniow;0
TK PORÓWNAWCZE CITO ONKO;gorlice;0
TK PORÓWNAWCZE CITO ONKO;grajewo;0
TK PORÓWNAWCZE CITO ONKO;grodzisk;0
TK PORÓWNAWCZE CITO ONKO;kartuzy;0
TK PORÓWNAWCZE CITO ONKO;klodzko;0
TK PORÓWNAWCZE CITO ONKO;lapy;0
TK PORÓWNAWCZE CITO ONKO;lubaczow;0
TK PORÓWNAWCZE CITO ONKO;mswsiedlce;0
TK PORÓWNAWCZE CITO ONKO;nml;0
TK PORÓWNAWCZE CITO ONKO;ostrow;0
TK PORÓWNAWCZE CITO ONKO;pczotwock;0
TK PORÓWNAWCZE CITO ONKO;radiomedica;0
TK PORÓWNAWCZE CITO ONKO;rybnik;0
TK PORÓWNAWCZE CITO ONKO;scanmed;0
TK PORÓWNAWCZE CITO ONKO;sokolow;0
TK PORÓWNAWCZE CITO ONKO;spbochnia;0
TK PORÓWNAWCZE CITO ONKO;spzozlezajsk;0
TK PORÓWNAWCZE CITO ONKO;spzozmc;0
TK PORÓWNAWCZE CITO ONKO;spzozturek;0
TK PORÓWNAWCZE CITO ONKO;spzzozsierpc;0
TK PORÓWNAWCZE CITO ONKO;starachowice;0
TK PORÓWNAWCZE CITO ONKO;swk;0
TK PORÓWNAWCZE CITO ONKO;szpitaldzieciecy;0
TK PORÓWNAWCZE CITO ONKO;szpitallubartow;0
TK PORÓWNAWCZE CITO ONKO;szpitalopole;0
TK PORÓWNAWCZE CITO ONKO;szpitalzakopane;0
TK PORÓWNAWCZE CITO ONKO;szpitalzawiercie;0
TK PORÓWNAWCZE CITO ONKO;tdbelzyce;0
TK PORÓWNAWCZE CITO ONKO;tdblachownia;0
TK PORÓWNAWCZE CITO ONKO;tdbonifratrzy;0
TK PORÓWNAWCZE CITO ONKO;tdbrodnowski;0
TK PORÓWNAWCZE CITO ONKO;tdemcpiaseczno;0
TK PORÓWNAWCZE CITO ONKO;tdgammaknife;0
TK PORÓWNAWCZE CITO ONKO;tdgniezno;0
TK PORÓWNAWCZE CITO ONKO;tdipin;0
TK PORÓWNAWCZE CITO ONKO;tdkluczbork;0
TK PORÓWNAWCZE CITO ONKO;tdkolbuszowa;0
TK PORÓWNAWCZE CITO ONKO;tdksskrakow;0
TK PORÓWNAWCZE CITO ONKO;tdneuromedyka;0
TK PORÓWNAWCZE CITO ONKO;tdnowomedica;0
TK PORÓWNAWCZE CITO ONKO;tdonkologiaradom;0
TK PORÓWNAWCZE CITO ONKO;tdparczew;0
TK PORÓWNAWCZE CITO ONKO;tdpionki;0
TK PORÓWNAWCZE CITO ONKO;tdpraski;0
TK PORÓWNAWCZE CITO ONKO;tdpoludniowy;0
TK PORÓWNAWCZE CITO ONKO;tdpyrzyce;0
TK PORÓWNAWCZE CITO ONKO;tdscanmedak5;0
TK PORÓWNAWCZE CITO ONKO;tdscanmedpila;0
TK PORÓWNAWCZE CITO ONKO;tdsmswinoujscie;0
TK PORÓWNAWCZE CITO ONKO;tdspectrum;0
TK PORÓWNAWCZE CITO ONKO;tdspzozkolo;0
TK PORÓWNAWCZE CITO ONKO;tdspzozsiedlce;0
TK PORÓWNAWCZE CITO ONKO;tdsulechowNOWY;0
TK PORÓWNAWCZE CITO ONKO;tdszpitalchelm;0
TK PORÓWNAWCZE CITO ONKO;tdszpitalkolno;0
TK PORÓWNAWCZE CITO ONKO;tdwszplock;0
TK PORÓWNAWCZE CITO ONKO;tdzoznidzica;0
TK PORÓWNAWCZE CITO ONKO;tdzozplonsk;0
TK PORÓWNAWCZE CITO ONKO;td7szmw;0
TK PORÓWNAWCZE CITO ONKO;tworki;0
TK PORÓWNAWCZE CITO ONKO;uskbialystok;0
TK PORÓWNAWCZE CITO ONKO;uskpoznan;0
TK PORÓWNAWCZE CITO ONKO;wlodawa;0
TK PORÓWNAWCZE CITO ONKO;zambrow;0
TK PORÓWNAWCZE CITO ONKO;zgorzelec;0
TK PORÓWNAWCZE CITO ONKO;zozbiala;0
TK PORÓWNAWCZE CITO ONKO;zozswietochlowice;0
TK PORÓWNAWCZE CITO ONKO;almed;114,8
TK PORÓWNAWCZE CITO ONKO;dabrowatarnowska;56,4
TK PORÓWNAWCZE CITO ONKO;grupazdrowie;41,4
TK PORÓWNAWCZE CITO ONKO;komed;78,125
TK PORÓWNAWCZE CITO ONKO;poddebice2;51,6
TK PORÓWNAWCZE CITO ONKO;swp;187,5
TK PORÓWNAWCZE CITO ONKO;puszczykowo;187,5
TK PORÓWNAWCZE CITO ONKO;rodamed;21,45
TK PORÓWNAWCZE CITO ONKO;sm4gliwice;195
TK PORÓWNAWCZE CITO ONKO;spzozgrodzisk;117,6
TK PORÓWNAWCZE CITO ONKO;spzozswidnica;89,7
TK PORÓWNAWCZE CITO ONKO;szpitaljaslo;250
TK PORÓWNAWCZE CITO ONKO;szpitalrydygier;60
TK PORÓWNAWCZE CITO ONKO;tdmilicz;64,8
TK PORÓWNAWCZE CITO ONKO;tdsuchab;195
TK PORÓWNAWCZE CITO ONKO;tomograf;195
TK PORÓWNAWCZE CITO ONKO;wsswroclaw;78,125
TK PORÓWNAWCZE CITO ONKO;wysmaz;68,75
TK PORÓWNAWCZE CITO ONKO;zozbol;260,496
TK PORÓWNAWCZE CITO ONKO;zozboleslawiec;260,496
TK PORÓWNAWCZE CITO ONKO;zozsochaczew;0
TK PORÓWNAWCZE PILNE ONKO;alfasochaczew;0
TK PORÓWNAWCZE PILNE ONKO;bimed;0
TK PORÓWNAWCZE PILNE ONKO;diamed;0
TK PORÓWNAWCZE PILNE ONKO;domchojna2;0
TK PORÓWNAWCZE PILNE ONKO;domchojna;0
TK PORÓWNAWCZE PILNE ONKO;gz;0
TK PORÓWNAWCZE PILNE ONKO;gzplonsk;0
TK PORÓWNAWCZE PILNE ONKO;gzszczecin;0
TK PORÓWNAWCZE PILNE ONKO;kamienpomorski;0
TK PORÓWNAWCZE PILNE ONKO;kosmowroclaw;0
TK PORÓWNAWCZE PILNE ONKO;medinet;0
TK PORÓWNAWCZE PILNE ONKO;nrkrakow;0
TK PORÓWNAWCZE PILNE ONKO;nzozevita;0
TK PORÓWNAWCZE PILNE ONKO;powiatsredzki;0
TK PORÓWNAWCZE PILNE ONKO;smtorun;0
TK PORÓWNAWCZE PILNE ONKO;szpitalsiemiatycze;0
TK PORÓWNAWCZE PILNE ONKO;tdallmedica;0
TK PORÓWNAWCZE PILNE ONKO;tdcmbatorego;0
TK PORÓWNAWCZE PILNE ONKO;tdcrir;0
TK PORÓWNAWCZE PILNE ONKO;tdkoszalinmswia;0
TK PORÓWNAWCZE PILNE ONKO;tdorzesze;0
TK PORÓWNAWCZE PILNE ONKO;tdstalowawola;0
TK PORÓWNAWCZE PILNE ONKO;tdtargowek;0
TK PORÓWNAWCZE PILNE ONKO;tdzozwola;0
TK PORÓWNAWCZE PILNE ONKO;wegorzewo;0
TK PORÓWNAWCZE PILNE ONKO;wimed;0
TK PORÓWNAWCZE PILNE ONKO;wss5;0
TK PORÓWNAWCZE PILNE ONKO;bialogard;0
TK PORÓWNAWCZE PILNE ONKO;brodnica;0
TK PORÓWNAWCZE PILNE ONKO;brzesko;0
TK PORÓWNAWCZE PILNE ONKO;cobydgoszcz;0
TK PORÓWNAWCZE PILNE ONKO;dcmdolmed;0
TK PORÓWNAWCZE PILNE ONKO;dzierzoniow;0
TK PORÓWNAWCZE PILNE ONKO;faceclinic;0
TK PORÓWNAWCZE PILNE ONKO;goleniow;0
TK PORÓWNAWCZE PILNE ONKO;gorlice;0
TK PORÓWNAWCZE PILNE ONKO;grajewo;0
TK PORÓWNAWCZE PILNE ONKO;grodzisk;0
TK PORÓWNAWCZE PILNE ONKO;kartuzy;0
TK PORÓWNAWCZE PILNE ONKO;klodzko;0
TK PORÓWNAWCZE PILNE ONKO;lapy;0
TK PORÓWNAWCZE PILNE ONKO;lubaczow;0
TK PORÓWNAWCZE PILNE ONKO;mswsiedlce;0
TK PORÓWNAWCZE PILNE ONKO;nml;0
TK PORÓWNAWCZE PILNE ONKO;ostrow;0
TK PORÓWNAWCZE PILNE ONKO;pczotwock;0
TK PORÓWNAWCZE PILNE ONKO;radiomedica;0
TK PORÓWNAWCZE PILNE ONKO;rybnik;0
TK PORÓWNAWCZE PILNE ONKO;scanmed;0
TK PORÓWNAWCZE PILNE ONKO;sokolow;0
TK PORÓWNAWCZE PILNE ONKO;spbochnia;0
TK PORÓWNAWCZE PILNE ONKO;spzozlezajsk;0
TK PORÓWNAWCZE PILNE ONKO;spzozmc;0
TK PORÓWNAWCZE PILNE ONKO;spzozturek;0
TK PORÓWNAWCZE PILNE ONKO;spzzozsierpc;0
TK PORÓWNAWCZE PILNE ONKO;starachowice;0
TK PORÓWNAWCZE PILNE ONKO;swk;0
TK PORÓWNAWCZE PILNE ONKO;szpitaldzieciecy;0
TK PORÓWNAWCZE PILNE ONKO;szpitallubartow;0
TK PORÓWNAWCZE PILNE ONKO;szpitalopole;0
TK PORÓWNAWCZE PILNE ONKO;szpitalzakopane;0
TK PORÓWNAWCZE PILNE ONKO;szpitalzawiercie;0
TK PORÓWNAWCZE PILNE ONKO;tdbelzyce;0
TK PORÓWNAWCZE PILNE ONKO;tdblachownia;0
TK PORÓWNAWCZE PILNE ONKO;tdbonifratrzy;0
TK PORÓWNAWCZE PILNE ONKO;tdbrodnowski;0
TK PORÓWNAWCZE PILNE ONKO;tdemcpiaseczno;0
TK PORÓWNAWCZE PILNE ONKO;tdgammaknife;0
TK PORÓWNAWCZE PILNE ONKO;tdgniezno;0
TK PORÓWNAWCZE PILNE ONKO;tdipin;0
TK PORÓWNAWCZE PILNE ONKO;tdkluczbork;0
TK PORÓWNAWCZE PILNE ONKO;tdkolbuszowa;0
TK PORÓWNAWCZE PILNE ONKO;tdksskrakow;0
TK PORÓWNAWCZE PILNE ONKO;tdneuromedyka;0
TK PORÓWNAWCZE PILNE ONKO;tdnowomedica;0
TK PORÓWNAWCZE PILNE ONKO;tdonkologiaradom;0
TK PORÓWNAWCZE PILNE ONKO;tdparczew;0
TK PORÓWNAWCZE PILNE ONKO;tdpionki;0
TK PORÓWNAWCZE PILNE ONKO;tdpraski;0
TK PORÓWNAWCZE PILNE ONKO;tdpoludniowy;0
TK PORÓWNAWCZE PILNE ONKO;tdpyrzyce;0
TK PORÓWNAWCZE PILNE ONKO;tdscanmedak5;0
TK PORÓWNAWCZE PILNE ONKO;tdscanmedpila;0
TK PORÓWNAWCZE PILNE ONKO;tdsmswinoujscie;0
TK PORÓWNAWCZE PILNE ONKO;tdspectrum;0
TK PORÓWNAWCZE PILNE ONKO;tdspzozkolo;0
TK PORÓWNAWCZE PILNE ONKO;tdspzozsiedlce;0
TK PORÓWNAWCZE PILNE ONKO;tdsulechowNOWY;0
TK PORÓWNAWCZE PILNE ONKO;tdszpitalchelm;0
TK PORÓWNAWCZE PILNE ONKO;tdszpitalkolno;0
TK PORÓWNAWCZE PILNE ONKO;tdwszplock;0
TK PORÓWNAWCZE PILNE ONKO;tdzoznidzica;0
TK PORÓWNAWCZE PILNE ONKO;tdzozplonsk;0
TK PORÓWNAWCZE PILNE ONKO;td7szmw;0
TK PORÓWNAWCZE PILNE ONKO;tworki;0
TK PORÓWNAWCZE PILNE ONKO;uskbialystok;0
TK PORÓWNAWCZE PILNE ONKO;uskpoznan;0
TK PORÓWNAWCZE PILNE ONKO;wlodawa;0
TK PORÓWNAWCZE PILNE ONKO;zambrow;0
TK PORÓWNAWCZE PILNE ONKO;zgorzelec;0
TK PORÓWNAWCZE PILNE ONKO;zozbiala;0
TK PORÓWNAWCZE PILNE ONKO;zozswietochlowice;0
TK PORÓWNAWCZE PILNE ONKO;almed;103,6
TK PORÓWNAWCZE PILNE ONKO;dabrowatarnowska;51,6
TK PORÓWNAWCZE PILNE ONKO;grupazdrowie;37,95
TK PORÓWNAWCZE PILNE ONKO;komed;71,875
TK PORÓWNAWCZE PILNE ONKO;poddebice2;48
TK PORÓWNAWCZE PILNE ONKO;swp;172,5
TK PORÓWNAWCZE PILNE ONKO;puszczykowo;172,5
TK PORÓWNAWCZE PILNE ONKO;rodamed;19,8
TK PORÓWNAWCZE PILNE ONKO;sm4gliwice;172,5
TK PORÓWNAWCZE PILNE ONKO;spzozgrodzisk;106,4
TK PORÓWNAWCZE PILNE ONKO;spzozswidnica;81,9
TK PORÓWNAWCZE PILNE ONKO;szpitaljaslo;230
TK PORÓWNAWCZE PILNE ONKO;szpitalrydygier;55,2
TK PORÓWNAWCZE PILNE ONKO;tdmilicz;55,2
TK PORÓWNAWCZE PILNE ONKO;tdsuchab;180
TK PORÓWNAWCZE PILNE ONKO;tomograf;172,5
TK PORÓWNAWCZE PILNE ONKO;wsswroclaw;65,625
TK PORÓWNAWCZE PILNE ONKO;wysmaz;65,625
TK PORÓWNAWCZE PILNE ONKO;zozbol;217,296
TK PORÓWNAWCZE PILNE ONKO;zozboleslawiec;217,296
TK PORÓWNAWCZE PILNE ONKO;zozsochaczew;0
TK PORÓWNAWCZE PLANOWE ONKO;alfasochaczew;0
TK PORÓWNAWCZE PLANOWE ONKO;bimed;0
TK PORÓWNAWCZE PLANOWE ONKO;diamed;0
TK PORÓWNAWCZE PLANOWE ONKO;domchojna2;0
TK PORÓWNAWCZE PLANOWE ONKO;domchojna;0
TK PORÓWNAWCZE PLANOWE ONKO;gz;0
TK PORÓWNAWCZE PLANOWE ONKO;gzplonsk;0
TK PORÓWNAWCZE PLANOWE ONKO;gzszczecin;0
TK PORÓWNAWCZE PLANOWE ONKO;kamienpomorski;0
TK PORÓWNAWCZE PLANOWE ONKO;kosmowroclaw;0
TK PORÓWNAWCZE PLANOWE ONKO;medinet;0
TK PORÓWNAWCZE PLANOWE ONKO;nrkrakow;0
TK PORÓWNAWCZE PLANOWE ONKO;nzozevita;0
TK PORÓWNAWCZE PLANOWE ONKO;powiatsredzki;0
TK PORÓWNAWCZE PLANOWE ONKO;smtorun;0
TK PORÓWNAWCZE PLANOWE ONKO;szpitalsiemiatycze;0
TK PORÓWNAWCZE PLANOWE ONKO;tdallmedica;0
TK PORÓWNAWCZE PLANOWE ONKO;tdcmbatorego;0
TK PORÓWNAWCZE PLANOWE ONKO;tdcrir;0
TK PORÓWNAWCZE PLANOWE ONKO;tdkoszalinmswia;0
TK PORÓWNAWCZE PLANOWE ONKO;tdorzesze;0
TK PORÓWNAWCZE PLANOWE ONKO;tdstalowawola;0
TK PORÓWNAWCZE PLANOWE ONKO;tdtargowek;0
TK PORÓWNAWCZE PLANOWE ONKO;tdzozwola;0
TK PORÓWNAWCZE PLANOWE ONKO;wegorzewo;0
TK PORÓWNAWCZE PLANOWE ONKO;wimed;0
TK PORÓWNAWCZE PLANOWE ONKO;wss5;0
TK PORÓWNAWCZE PLANOWE ONKO;bialogard;0
TK PORÓWNAWCZE PLANOWE ONKO;brodnica;0
TK PORÓWNAWCZE PLANOWE ONKO;brzesko;0
TK PORÓWNAWCZE PLANOWE ONKO;cobydgoszcz;0
TK PORÓWNAWCZE PLANOWE ONKO;dcmdolmed;0
TK PORÓWNAWCZE PLANOWE ONKO;dzierzoniow;0
TK PORÓWNAWCZE PLANOWE ONKO;faceclinic;0
TK PORÓWNAWCZE PLANOWE ONKO;goleniow;0
TK PORÓWNAWCZE PLANOWE ONKO;gorlice;0
TK PORÓWNAWCZE PLANOWE ONKO;grajewo;0
TK PORÓWNAWCZE PLANOWE ONKO;grodzisk;0
TK PORÓWNAWCZE PLANOWE ONKO;kartuzy;0
TK PORÓWNAWCZE PLANOWE ONKO;klodzko;0
TK PORÓWNAWCZE PLANOWE ONKO;lapy;0
TK PORÓWNAWCZE PLANOWE ONKO;lubaczow;0
TK PORÓWNAWCZE PLANOWE ONKO;mswsiedlce;0
TK PORÓWNAWCZE PLANOWE ONKO;nml;0
TK PORÓWNAWCZE PLANOWE ONKO;ostrow;0
TK PORÓWNAWCZE PLANOWE ONKO;pczotwock;0
TK PORÓWNAWCZE PLANOWE ONKO;radiomedica;0
TK PORÓWNAWCZE PLANOWE ONKO;rybnik;0
TK PORÓWNAWCZE PLANOWE ONKO;scanmed;0
TK PORÓWNAWCZE PLANOWE ONKO;sokolow;0
TK PORÓWNAWCZE PLANOWE ONKO;spbochnia;0
TK PORÓWNAWCZE PLANOWE ONKO;spzozlezajsk;0
TK PORÓWNAWCZE PLANOWE ONKO;spzozmc;0
TK PORÓWNAWCZE PLANOWE ONKO;spzozturek;0
TK PORÓWNAWCZE PLANOWE ONKO;spzzozsierpc;0
TK PORÓWNAWCZE PLANOWE ONKO;starachowice;0
TK PORÓWNAWCZE PLANOWE ONKO;swk;0
TK PORÓWNAWCZE PLANOWE ONKO;szpitaldzieciecy;0
TK PORÓWNAWCZE PLANOWE ONKO;szpitallubartow;0
TK PORÓWNAWCZE PLANOWE ONKO;szpitalopole;0
TK PORÓWNAWCZE PLANOWE ONKO;szpitalzakopane;0
TK PORÓWNAWCZE PLANOWE ONKO;szpitalzawiercie;0
TK PORÓWNAWCZE PLANOWE ONKO;tdbelzyce;0
TK PORÓWNAWCZE PLANOWE ONKO;tdblachownia;0
TK PORÓWNAWCZE PLANOWE ONKO;tdbonifratrzy;0
TK PORÓWNAWCZE PLANOWE ONKO;tdbrodnowski;0
TK PORÓWNAWCZE PLANOWE ONKO;tdemcpiaseczno;0
TK PORÓWNAWCZE PLANOWE ONKO;tdgammaknife;0
TK PORÓWNAWCZE PLANOWE ONKO;tdgniezno;0
TK PORÓWNAWCZE PLANOWE ONKO;tdipin;0
TK PORÓWNAWCZE PLANOWE ONKO;tdkluczbork;0
TK PORÓWNAWCZE PLANOWE ONKO;tdkolbuszowa;0
TK PORÓWNAWCZE PLANOWE ONKO;tdksskrakow;0
TK PORÓWNAWCZE PLANOWE ONKO;tdneuromedyka;0
TK PORÓWNAWCZE PLANOWE ONKO;tdnowomedica;0
TK PORÓWNAWCZE PLANOWE ONKO;tdonkologiaradom;0
TK PORÓWNAWCZE PLANOWE ONKO;tdparczew;0
TK PORÓWNAWCZE PLANOWE ONKO;tdpionki;0
TK PORÓWNAWCZE PLANOWE ONKO;tdpraski;0
TK PORÓWNAWCZE PLANOWE ONKO;tdpoludniowy;0
TK PORÓWNAWCZE PLANOWE ONKO;tdpyrzyce;0
TK PORÓWNAWCZE PLANOWE ONKO;tdscanmedak5;0
TK PORÓWNAWCZE PLANOWE ONKO;tdscanmedpila;0
TK PORÓWNAWCZE PLANOWE ONKO;tdsmswinoujscie;0
TK PORÓWNAWCZE PLANOWE ONKO;tdspectrum;0
TK PORÓWNAWCZE PLANOWE ONKO;tdspzozkolo;0
TK PORÓWNAWCZE PLANOWE ONKO;tdspzozsiedlce;0
TK PORÓWNAWCZE PLANOWE ONKO;tdsulechowNOWY;0
TK PORÓWNAWCZE PLANOWE ONKO;tdszpitalchelm;0
TK PORÓWNAWCZE PLANOWE ONKO;tdszpitalkolno;0
TK PORÓWNAWCZE PLANOWE ONKO;tdwszplock;0
TK PORÓWNAWCZE PLANOWE ONKO;tdzoznidzica;0
TK PORÓWNAWCZE PLANOWE ONKO;tdzozplonsk;0
TK PORÓWNAWCZE PLANOWE ONKO;td7szmw;0
TK PORÓWNAWCZE PLANOWE ONKO;tworki;0
TK PORÓWNAWCZE PLANOWE ONKO;uskbialystok;0
TK PORÓWNAWCZE PLANOWE ONKO;uskpoznan;0
TK PORÓWNAWCZE PLANOWE ONKO;wlodawa;0
TK PORÓWNAWCZE PLANOWE ONKO;zambrow;0
TK PORÓWNAWCZE PLANOWE ONKO;zgorzelec;0
TK PORÓWNAWCZE PLANOWE ONKO;zozbiala;0
TK PORÓWNAWCZE PLANOWE ONKO;zozswietochlowice;0
TK PORÓWNAWCZE PLANOWE ONKO;almed;100,8
TK PORÓWNAWCZE PLANOWE ONKO;dabrowatarnowska;0
TK PORÓWNAWCZE PLANOWE ONKO;grupazdrowie;36,225
TK PORÓWNAWCZE PLANOWE ONKO;komed;60,9375
TK PORÓWNAWCZE PLANOWE ONKO;poddebice2;43,2
TK PORÓWNAWCZE PLANOWE ONKO;swp;157,5
TK PORÓWNAWCZE PLANOWE ONKO;puszczykowo;157,5
TK PORÓWNAWCZE PLANOWE ONKO;rodamed;18,7
TK PORÓWNAWCZE PLANOWE ONKO;sm4gliwice;153,75
TK PORÓWNAWCZE PLANOWE ONKO;spzozgrodzisk;100,8
TK PORÓWNAWCZE PLANOWE ONKO;spzozswidnica;74,1
TK PORÓWNAWCZE PLANOWE ONKO;szpitaljaslo;210
TK PORÓWNAWCZE PLANOWE ONKO;szpitalrydygier;50,4
TK PORÓWNAWCZE PLANOWE ONKO;tdmilicz;48
TK PORÓWNAWCZE PLANOWE ONKO;tdsuchab;157,5
TK PORÓWNAWCZE PLANOWE ONKO;tomograf;153,75
TK PORÓWNAWCZE PLANOWE ONKO;wsswroclaw;59,375
TK PORÓWNAWCZE PLANOWE ONKO;wysmaz;59,375
TK PORÓWNAWCZE PLANOWE ONKO;zozbol;188,496
TK PORÓWNAWCZE PLANOWE ONKO;zozboleslawiec;188,496
TK PORÓWNAWCZE PLANOWE ONKO;zozsochaczew;0
MR PLANOWE GŁ/KRG;alfasochaczew;0
MR PLANOWE GŁ/KRG;diamed;0
MR PLANOWE GŁ/KRG;domchojna2;0
MR PLANOWE GŁ/KRG;domchojna;0
MR PLANOWE GŁ/KRG;gz;0
MR PLANOWE GŁ/KRG;gzplonsk;0
MR PLANOWE GŁ/KRG;gzszczecin;0
MR PLANOWE GŁ/KRG;kamienpomorski;0
MR PLANOWE GŁ/KRG;kosmowroclaw;0
MR PLANOWE GŁ/KRG;medinet;0
MR PLANOWE GŁ/KRG;nrkrakow;0
MR PLANOWE GŁ/KRG;nzozevita;0
MR PLANOWE GŁ/KRG;powiatsredzki;0
MR PLANOWE GŁ/KRG;smtorun;0
MR PLANOWE GŁ/KRG;szpitalsiemiatycze;0
MR PLANOWE GŁ/KRG;tdallmedica;0
MR PLANOWE GŁ/KRG;tdcrir;0
MR PLANOWE GŁ/KRG;tdkoszalinmswia;0
MR PLANOWE GŁ/KRG;tdorzesze;0
MR PLANOWE GŁ/KRG;tdstalowawola;0
MR PLANOWE GŁ/KRG;tdtargowek;0
MR PLANOWE GŁ/KRG;tdzozwola;0
MR PLANOWE GŁ/KRG;wegorzewo;0
MR PLANOWE GŁ/KRG;wimed;0
MR PLANOWE GŁ/KRG;wss5;0
MR PLANOWE GŁ/KRG;bialogard;0
MR PLANOWE GŁ/KRG;brodnica;0
MR PLANOWE GŁ/KRG;brzesko;0
MR PLANOWE GŁ/KRG;cobydgoszcz;0
MR PLANOWE GŁ/KRG;dcmdolmed;220
MR PLANOWE GŁ/KRG;dzierzoniow;0
MR PLANOWE GŁ/KRG;faceclinic;210
MR PLANOWE GŁ/KRG;goleniow;0
MR PLANOWE GŁ/KRG;gorlice;0
MR PLANOWE GŁ/KRG;grajewo;0
MR PLANOWE GŁ/KRG;grodzisk;180
MR PLANOWE GŁ/KRG;kartuzy;220
MR PLANOWE GŁ/KRG;klodzko;210
MR PLANOWE GŁ/KRG;lapy;0
MR PLANOWE GŁ/KRG;lubaczow;0
MR PLANOWE GŁ/KRG;mswsiedlce;230
MR PLANOWE GŁ/KRG;nml;0
MR PLANOWE GŁ/KRG;ostrow;0
MR PLANOWE GŁ/KRG;pczotwock;0
MR PLANOWE GŁ/KRG;radiomedica;200
MR PLANOWE GŁ/KRG;rybnik;190
MR PLANOWE GŁ/KRG;scanmed;198
MR PLANOWE GŁ/KRG;sokolow;200
MR PLANOWE GŁ/KRG;spbochnia;0
MR PLANOWE GŁ/KRG;spzozlezajsk;207
MR PLANOWE GŁ/KRG;spzozmc;0
MR PLANOWE GŁ/KRG;spzozturek;0
MR PLANOWE GŁ/KRG;spzzozsierpc;0
MR PLANOWE GŁ/KRG;starachowice;210
MR PLANOWE GŁ/KRG;swk;0
MR PLANOWE GŁ/KRG;szpitaldzieciecy;0
MR PLANOWE GŁ/KRG;szpitallubartow;215
MR PLANOWE GŁ/KRG;szpitalopole;0
MR PLANOWE GŁ/KRG;szpitalzakopane;0
MR PLANOWE GŁ/KRG;szpitalzawiercie;0
MR PLANOWE GŁ/KRG;tdbelzyce;0
MR PLANOWE GŁ/KRG;tdblachownia;0
MR PLANOWE GŁ/KRG;tdbonifratrzy;210
MR PLANOWE GŁ/KRG;tdbrodnowski;230
MR PLANOWE GŁ/KRG;tdemcpiaseczno;0
MR PLANOWE GŁ/KRG;tdgammaknife;190
MR PLANOWE GŁ/KRG;tdgniezno;0
MR PLANOWE GŁ/KRG;tdipin;210
MR PLANOWE GŁ/KRG;tdkluczbork;198
MR PLANOWE GŁ/KRG;tdkolbuszowa;0
MR PLANOWE GŁ/KRG;tdksskrakow;295
MR PLANOWE GŁ/KRG;tdneuromedyka;0
MR PLANOWE GŁ/KRG;tdnowomedica;210
MR PLANOWE GŁ/KRG;tdonkologiaradom;190
MR PLANOWE GŁ/KRG;tdparczew;0
MR PLANOWE GŁ/KRG;tdpionki;220
MR PLANOWE GŁ/KRG;tdpraski;0
MR PLANOWE GŁ/KRG;tdpoludniowy;0
MR PLANOWE GŁ/KRG;tdpyrzyce;0
MR PLANOWE GŁ/KRG;tdscanmedak5;198
MR PLANOWE GŁ/KRG;tdscanmedpila;198
MR PLANOWE GŁ/KRG;tdsmswinoujscie;0
MR PLANOWE GŁ/KRG;tdspectrum;200
MR PLANOWE GŁ/KRG;tdspzozkolo;0
MR PLANOWE GŁ/KRG;tdspzozsiedlce;240
MR PLANOWE GŁ/KRG;tdsulechowNOWY;0
MR PLANOWE GŁ/KRG;tdszpitalchelm;0
MR PLANOWE GŁ/KRG;tdszpitalkolno;0
MR PLANOWE GŁ/KRG;tdwszplock;210
MR PLANOWE GŁ/KRG;tdzoznidzica;210
MR PLANOWE GŁ/KRG;tdzozplonsk;0
MR PLANOWE GŁ/KRG;td7szmw;260
MR PLANOWE GŁ/KRG;tworki;200
MR PLANOWE GŁ/KRG;uskbialystok;210
MR PLANOWE GŁ/KRG;uskpoznan;0
MR PLANOWE GŁ/KRG;wlodawa;0
MR PLANOWE GŁ/KRG;zambrow;200
MR PLANOWE GŁ/KRG;zgorzelec;205
MR PLANOWE GŁ/KRG;zozbiala;0
MR PLANOWE GŁ/KRG;zozswietochlowice;0
MR PLANOWE GŁ/KRG;almed;215
MR PLANOWE GŁ/KRG;dabrowatarnowska;0
MR PLANOWE GŁ/KRG;grupazdrowie;0
MR PLANOWE GŁ/KRG;komed;0
MR PLANOWE GŁ/KRG;mswiapoznan;230
MR PLANOWE GŁ/KRG;poddebice2;0
MR PLANOWE GŁ/KRG;swp;210
MR PLANOWE GŁ/KRG;puszczykowo;210
MR PLANOWE GŁ/KRG;rodamed;190
MR PLANOWE GŁ/KRG;sm4gliwice;210
MR PLANOWE GŁ/KRG;spzozswidnica;0
MR PLANOWE GŁ/KRG;szpitaljaslo;0
MR PLANOWE GŁ/KRG;szpitalrydygier;210
MR PLANOWE GŁ/KRG;tdmilicz;0
MR PLANOWE GŁ/KRG;tdsuchab;0
MR PLANOWE GŁ/KRG;tomograf;210
MR PLANOWE GŁ/KRG;wsswroclaw;210
MR PLANOWE GŁ/KRG;wysmaz;200
MR PLANOWE GŁ/KRG;zozbol;160,9
MR PLANOWE GŁ/KRG;zozboleslawiec;160,9
MR PLANOWE GŁ/KRG;zozsochaczew;220
MR PLANOWE  stawy;alfasochaczew;0
MR PLANOWE  stawy;diamed;0
MR PLANOWE  stawy;domchojna2;0
MR PLANOWE  stawy;domchojna;0
MR PLANOWE  stawy;gz;0
MR PLANOWE  stawy;gzplonsk;0
MR PLANOWE  stawy;gzszczecin;0
MR PLANOWE  stawy;kamienpomorski;0
MR PLANOWE  stawy;kosmowroclaw;0
MR PLANOWE  stawy;medinet;0
MR PLANOWE  stawy;nrkrakow;0
MR PLANOWE  stawy;nzozevita;0
MR PLANOWE  stawy;powiatsredzki;0
MR PLANOWE  stawy;smtorun;0
MR PLANOWE  stawy;szpitalsiemiatycze;0
MR PLANOWE  stawy;tdallmedica;0
MR PLANOWE  stawy;tdcrir;0
MR PLANOWE  stawy;tdkoszalinmswia;0
MR PLANOWE  stawy;tdorzesze;0
MR PLANOWE  stawy;tdstalowawola;0
MR PLANOWE  stawy;tdzozwola;0
MR PLANOWE  stawy;wegorzewo;0
MR PLANOWE  stawy;wimed;0
MR PLANOWE  stawy;wss5;0
MR PLANOWE  stawy;bialogard;0
MR PLANOWE  stawy;brodnica;0
MR PLANOWE  stawy;brzesko;0
MR PLANOWE  stawy;cobydgoszcz;0
MR PLANOWE  stawy;dcmdolmed;260
MR PLANOWE  stawy;dzierzoniow;0
MR PLANOWE  stawy;faceclinic;260
MR PLANOWE  stawy;goleniow;0
MR PLANOWE  stawy;gorlice;0
MR PLANOWE  stawy;grajewo;0
MR PLANOWE  stawy;grodzisk;220
MR PLANOWE  stawy;kartuzy;260
MR PLANOWE  stawy;klodzko;250
MR PLANOWE  stawy;lapy;0
MR PLANOWE  stawy;lubaczow;0
MR PLANOWE  stawy;mswsiedlce;270
MR PLANOWE  stawy;nml;0
MR PLANOWE  stawy;ostrow;0
MR PLANOWE  stawy;pczotwock;0
MR PLANOWE  stawy;radiomedica;240
MR PLANOWE  stawy;rybnik;225
MR PLANOWE  stawy;scanmed;250
MR PLANOWE  stawy;sokolow;250
MR PLANOWE  stawy;spbochnia;0
MR PLANOWE  stawy;spzozlezajsk;260
MR PLANOWE  stawy;spzozmc;0
MR PLANOWE  stawy;spzozturek;0
MR PLANOWE  stawy;spzzozsierpc;0
MR PLANOWE  stawy;starachowice;260
MR PLANOWE  stawy;swk;0
MR PLANOWE  stawy;szpitaldzieciecy;0
MR PLANOWE  stawy;szpitallubartow;265
MR PLANOWE  stawy;szpitalopole;0
MR PLANOWE  stawy;szpitalzakopane;0
MR PLANOWE  stawy;szpitalzawiercie;0
MR PLANOWE  stawy;tdbelzyce;0
MR PLANOWE  stawy;tdblachownia;0
MR PLANOWE  stawy;tdbonifratrzy;260
MR PLANOWE  stawy;tdbrodnowski;230
MR PLANOWE  stawy;tdemcpiaseczno;0
MR PLANOWE  stawy;tdgammaknife;235
MR PLANOWE  stawy;tdgniezno;0
MR PLANOWE  stawy;tdipin;270
MR PLANOWE  stawy;tdkluczbork;250
MR PLANOWE  stawy;tdkolbuszowa;0
MR PLANOWE  stawy;tdksskrakow;295
MR PLANOWE  stawy;tdneuromedyka;0
MR PLANOWE  stawy;tdnowomedica;250
MR PLANOWE  stawy;tdonkologiaradom;235
MR PLANOWE  stawy;tdparczew;0
MR PLANOWE  stawy;tdpionki;270
MR PLANOWE  stawy;tdpraski;0
MR PLANOWE  stawy;tdpoludniowy;250
MR PLANOWE  stawy;tdpyrzyce;0
MR PLANOWE  stawy;tdscanmedak5;250
MR PLANOWE  stawy;tdscanmedpila;250
MR PLANOWE  stawy;tdsmswinoujscie;0
MR PLANOWE  stawy;tdspectrum;230
MR PLANOWE  stawy;tdspzozkolo;0
MR PLANOWE  stawy;tdspzozsiedlce;240
MR PLANOWE  stawy;tdsulechowNOWY;0
MR PLANOWE  stawy;tdszpitalchelm;0
MR PLANOWE  stawy;tdszpitalkolno;0
MR PLANOWE  stawy;tdwszplock;290
MR PLANOWE  stawy;tdzoznidzica;320
MR PLANOWE  stawy;tdzozplonsk;0
MR PLANOWE  stawy;td7szmw;260
MR PLANOWE  stawy;tworki;250
MR PLANOWE  stawy;uskbialystok;260
MR PLANOWE  stawy;uskpoznan;0
MR PLANOWE  stawy;wlodawa;0
MR PLANOWE  stawy;zambrow;250
MR PLANOWE  stawy;zgorzelec;255
MR PLANOWE  stawy;zozbiala;0
MR PLANOWE  stawy;zozswietochlowice;0
MR PLANOWE  stawy;almed;260
MR PLANOWE  stawy;dabrowatarnowska;0
MR PLANOWE  stawy;grupazdrowie;0
MR PLANOWE  stawy;komed;0
MR PLANOWE  stawy;mswiapoznan;230
MR PLANOWE  stawy;poddebice2;0
MR PLANOWE  stawy;swp;290
MR PLANOWE  stawy;puszczykowo;290
MR PLANOWE  stawy;rodamed;220
MR PLANOWE  stawy;sm4gliwice;290
MR PLANOWE  stawy;spzozswidnica;0
MR PLANOWE  stawy;szpitaljaslo;0
MR PLANOWE  stawy;szpitalrydygier;240
MR PLANOWE  stawy;tdmilicz;0
MR PLANOWE  stawy;tdsuchab;0
MR PLANOWE  stawy;tomograf;290
MR PLANOWE  stawy;wsswroclaw;260
MR PLANOWE  stawy;wysmaz;260
MR PLANOWE  stawy;zozbol;160,9
MR PLANOWE  stawy;zozboleslawiec;160,9
MR PLANOWE  stawy;zozsochaczew;260
MR PLANOWE  inne;alfasochaczew;0
MR PLANOWE  inne;diamed;0
MR PLANOWE  inne;domchojna2;0
MR PLANOWE  inne;domchojna;0
MR PLANOWE  inne;gz;0
MR PLANOWE  inne;gzplonsk;0
MR PLANOWE  inne;gzszczecin;0
MR PLANOWE  inne;kamienpomorski;0
MR PLANOWE  inne;kosmowroclaw;0
MR PLANOWE  inne;medinet;0
MR PLANOWE  inne;nrkrakow;0
MR PLANOWE  inne;nzozevita;0
MR PLANOWE  inne;powiatsredzki;0
MR PLANOWE  inne;smtorun;0
MR PLANOWE  inne;szpitalsiemiatycze;0
MR PLANOWE  inne;tdallmedica;0
MR PLANOWE  inne;tdcrir;0
MR PLANOWE  inne;tdkoszalinmswia;0
MR PLANOWE  inne;tdorzesze;0
MR PLANOWE  inne;tdstalowawola;0
MR PLANOWE  inne;tdtargowek;0
MR PLANOWE  inne;tdzozwola;0
MR PLANOWE  inne;wegorzewo;0
MR PLANOWE  inne;wimed;0
MR PLANOWE  inne;wss5;0
MR PLANOWE  inne;bialogard;0
MR PLANOWE  inne;brodnica;0
MR PLANOWE  inne;brzesko;0
MR PLANOWE  inne;cobydgoszcz;0
MR PLANOWE  inne;dcmdolmed;320
MR PLANOWE  inne;dzierzoniow;0
MR PLANOWE  inne;faceclinic;300
MR PLANOWE  inne;goleniow;0
MR PLANOWE  inne;gorlice;0
MR PLANOWE  inne;grajewo;0
MR PLANOWE  inne;grodzisk;220
MR PLANOWE  inne;kartuzy;320
MR PLANOWE  inne;klodzko;290
MR PLANOWE  inne;lapy;0
MR PLANOWE  inne;lubaczow;0
MR PLANOWE  inne;mswsiedlce;320
MR PLANOWE  inne;nml;0
MR PLANOWE  inne;ostrow;0
MR PLANOWE  inne;pczotwock;0
MR PLANOWE  inne;radiomedica;270
MR PLANOWE  inne;rybnik;280
MR PLANOWE  inne;scanmed;290
MR PLANOWE  inne;sokolow;290
MR PLANOWE  inne;spbochnia;0
MR PLANOWE  inne;spzozlezajsk;290
MR PLANOWE  inne;spzozmc;0
MR PLANOWE  inne;spzozturek;0
MR PLANOWE  inne;spzzozsierpc;0
MR PLANOWE  inne;starachowice;300
MR PLANOWE  inne;swk;0
MR PLANOWE  inne;szpitaldzieciecy;0
MR PLANOWE  inne;szpitallubartow;295
MR PLANOWE  inne;szpitalopole;0
MR PLANOWE  inne;szpitalzakopane;0
MR PLANOWE  inne;szpitalzawiercie;0
MR PLANOWE  inne;tdbelzyce;0
MR PLANOWE  inne;tdblachownia;0
MR PLANOWE  inne;tdbonifratrzy;290
MR PLANOWE  inne;tdbrodnowski;230
MR PLANOWE  inne;tdemcpiaseczno;0
MR PLANOWE  inne;tdgammaknife;255
MR PLANOWE  inne;tdgniezno;0
MR PLANOWE  inne;tdipin;300
MR PLANOWE  inne;tdkluczbork;290
MR PLANOWE  inne;tdkolbuszowa;0
MR PLANOWE  inne;tdksskrakow;295
MR PLANOWE  inne;tdneuromedyka;0
MR PLANOWE  inne;tdnowomedica;320
MR PLANOWE  inne;tdonkologiaradom;255
MR PLANOWE  inne;tdparczew;0
MR PLANOWE  inne;tdpionki;320
MR PLANOWE  inne;tdpraski;0
MR PLANOWE  inne;tdpoludniowy;0
MR PLANOWE  inne;tdpyrzyce;0
MR PLANOWE  inne;tdscanmedak5;290
MR PLANOWE  inne;tdscanmedpila;290
MR PLANOWE  inne;tdsmswinoujscie;0
MR PLANOWE  inne;tdspectrum;260
MR PLANOWE  inne;tdspzozkolo;0
MR PLANOWE  inne;tdspzozsiedlce;240
MR PLANOWE  inne;tdsulechowNOWY;0
MR PLANOWE  inne;tdszpitalchelm;0
MR PLANOWE  inne;tdszpitalkolno;0
MR PLANOWE  inne;tdwszplock;0
MR PLANOWE  inne;tdzoznidzica;320
MR PLANOWE  inne;tdzozplonsk;0
MR PLANOWE  inne;td7szmw;260
MR PLANOWE  inne;tworki;290
MR PLANOWE  inne;uskbialystok;290
MR PLANOWE  inne;uskpoznan;0
MR PLANOWE  inne;wlodawa;0
MR PLANOWE  inne;zambrow;275
MR PLANOWE  inne;zgorzelec;315
MR PLANOWE  inne;zozbiala;0
MR PLANOWE  inne;zozswietochlowice;0
MR PLANOWE  inne;almed;290
MR PLANOWE  inne;dabrowatarnowska;0
MR PLANOWE  inne;grupazdrowie;0
MR PLANOWE  inne;komed;0
MR PLANOWE  inne;mswiapoznan;230
MR PLANOWE  inne;poddebice2;0
MR PLANOWE  inne;swp;320
MR PLANOWE  inne;puszczykowo;320
MR PLANOWE  inne;rodamed;260
MR PLANOWE  inne;sm4gliwice;320
MR PLANOWE  inne;spzozswidnica;0
MR PLANOWE  inne;szpitaljaslo;0
MR PLANOWE  inne;szpitalrydygier;280
MR PLANOWE  inne;tdmilicz;0
MR PLANOWE  inne;tdsuchab;0
MR PLANOWE  inne;tomograf;320
MR PLANOWE  inne;wsswroclaw;290
MR PLANOWE  inne;wysmaz;300
MR PLANOWE  inne;zozbol;160,9
MR PLANOWE  inne;zozboleslawiec;160,9
MR PLANOWE  inne;zozsochaczew;290
MR PILNE GŁ/KRG;alfasochaczew;0
MR PILNE GŁ/KRG;diamed;0
MR PILNE GŁ/KRG;domchojna2;0
MR PILNE GŁ/KRG;domchojna;0
MR PILNE GŁ/KRG;gz;0
MR PILNE GŁ/KRG;gzplonsk;0
MR PILNE GŁ/KRG;gzszczecin;0
MR PILNE GŁ/KRG;kamienpomorski;0
MR PILNE GŁ/KRG;kosmowroclaw;0
MR PILNE GŁ/KRG;medinet;0
MR PILNE GŁ/KRG;nrkrakow;0
MR PILNE GŁ/KRG;nzozevita;0
MR PILNE GŁ/KRG;powiatsredzki;0
MR PILNE GŁ/KRG;smtorun;0
MR PILNE GŁ/KRG;szpitalsiemiatycze;0
MR PILNE GŁ/KRG;tdallmedica;0
MR PILNE GŁ/KRG;tdcrir;0
MR PILNE GŁ/KRG;tdkoszalinmswia;0
MR PILNE GŁ/KRG;tdorzesze;0
MR PILNE GŁ/KRG;tdstalowawola;0
MR PILNE GŁ/KRG;tdzozwola;0
MR PILNE GŁ/KRG;wegorzewo;0
MR PILNE GŁ/KRG;wimed;0
MR PILNE GŁ/KRG;wss5;0
MR PILNE GŁ/KRG;bialogard;0
MR PILNE GŁ/KRG;brodnica;0
MR PILNE GŁ/KRG;brzesko;0
MR PILNE GŁ/KRG;cobydgoszcz;0
MR PILNE GŁ/KRG;dcmdolmed;250
MR PILNE GŁ/KRG;dzierzoniow;0
MR PILNE GŁ/KRG;faceclinic;0
MR PILNE GŁ/KRG;goleniow;0
MR PILNE GŁ/KRG;gorlice;0
MR PILNE GŁ/KRG;grajewo;0
MR PILNE GŁ/KRG;grodzisk;210
MR PILNE GŁ/KRG;kartuzy;340
MR PILNE GŁ/KRG;klodzko;0
MR PILNE GŁ/KRG;lapy;0
MR PILNE GŁ/KRG;lubaczow;0
MR PILNE GŁ/KRG;mswsiedlce;0
MR PILNE GŁ/KRG;nml;0
MR PILNE GŁ/KRG;ostrow;0
MR PILNE GŁ/KRG;pczotwock;0
MR PILNE GŁ/KRG;radiomedica;0
MR PILNE GŁ/KRG;rybnik;195
MR PILNE GŁ/KRG;scanmed;0
MR PILNE GŁ/KRG;sokolow;210
MR PILNE GŁ/KRG;spbochnia;0
MR PILNE GŁ/KRG;spzozlezajsk;207
MR PILNE GŁ/KRG;spzozmc;0
MR PILNE GŁ/KRG;spzozturek;0
MR PILNE GŁ/KRG;spzzozsierpc;0
MR PILNE GŁ/KRG;starachowice;230
MR PILNE GŁ/KRG;swk;0
MR PILNE GŁ/KRG;szpitaldzieciecy;0
MR PILNE GŁ/KRG;szpitallubartow;220
MR PILNE GŁ/KRG;szpitalopole;0
MR PILNE GŁ/KRG;szpitalzakopane;0
MR PILNE GŁ/KRG;szpitalzawiercie;350
MR PILNE GŁ/KRG;tdbelzyce;0
MR PILNE GŁ/KRG;tdblachownia;0
MR PILNE GŁ/KRG;tdbonifratrzy;210
MR PILNE GŁ/KRG;tdbrodnowski;260
MR PILNE GŁ/KRG;tdemcpiaseczno;0
MR PILNE GŁ/KRG;tdgammaknife;0
MR PILNE GŁ/KRG;tdgniezno;0
MR PILNE GŁ/KRG;tdipin;0
MR PILNE GŁ/KRG;tdkluczbork;0
MR PILNE GŁ/KRG;tdkolbuszowa;0
MR PILNE GŁ/KRG;tdksskrakow;340
MR PILNE GŁ/KRG;tdneuromedyka;0
MR PILNE GŁ/KRG;tdnowomedica;0
MR PILNE GŁ/KRG;tdonkologiaradom;0
MR PILNE GŁ/KRG;tdparczew;0
MR PILNE GŁ/KRG;tdpionki;260
MR PILNE GŁ/KRG;tdpraski;0
MR PILNE GŁ/KRG;tdpoludniowy;0
MR PILNE GŁ/KRG;tdpyrzyce;0
MR PILNE GŁ/KRG;tdscanmedak5;0
MR PILNE GŁ/KRG;tdsmswinoujscie;0
MR PILNE GŁ/KRG;tdspectrum;0
MR PILNE GŁ/KRG;tdspzozkolo;0
MR PILNE GŁ/KRG;tdspzozsiedlce;320
MR PILNE GŁ/KRG;tdsulechowNOWY;0
MR PILNE GŁ/KRG;tdszpitalchelm;0
MR PILNE GŁ/KRG;tdszpitalkolno;0
MR PILNE GŁ/KRG;tdwszplock;230
MR PILNE GŁ/KRG;tdzoznidzica;0
MR PILNE GŁ/KRG;tdzozplonsk;0
MR PILNE GŁ/KRG;td7szmw;0
MR PILNE GŁ/KRG;tworki;220
MR PILNE GŁ/KRG;uskbialystok;0
MR PILNE GŁ/KRG;uskpoznan;0
MR PILNE GŁ/KRG;wlodawa;0
MR PILNE GŁ/KRG;zambrow;0
MR PILNE GŁ/KRG;zgorzelec;0
MR PILNE GŁ/KRG;zozbiala;0
MR PILNE GŁ/KRG;zozswietochlowice;0
MR PILNE GŁ/KRG;almed;0
MR PILNE GŁ/KRG;dabrowatarnowska;0
MR PILNE GŁ/KRG;grupazdrowie;0
MR PILNE GŁ/KRG;komed;0
MR PILNE GŁ/KRG;mswiapoznan;320
MR PILNE GŁ/KRG;poddebice2;0
MR PILNE GŁ/KRG;swp;250
MR PILNE GŁ/KRG;puszczykowo;250
MR PILNE GŁ/KRG;rodamed;210
MR PILNE GŁ/KRG;sm4gliwice;220
MR PILNE GŁ/KRG;spzozswidnica;0
MR PILNE GŁ/KRG;szpitaljaslo;0
MR PILNE GŁ/KRG;szpitalrydygier;0
MR PILNE GŁ/KRG;tdmilicz;0
MR PILNE GŁ/KRG;tdsuchab;0
MR PILNE GŁ/KRG;tomograf;250
MR PILNE GŁ/KRG;wsswroclaw;0
MR PILNE GŁ/KRG;wysmaz;240
MR PILNE GŁ/KRG;zozbol;190,9
MR PILNE GŁ/KRG;zozboleslawiec;190,9
MR PILNE GŁ/KRG;zozsochaczew;220
MR PILNE stawy;alfasochaczew;0
MR PILNE stawy;diamed;0
MR PILNE stawy;domchojna2;0
MR PILNE stawy;domchojna;0
MR PILNE stawy;gz;0
MR PILNE stawy;gzplonsk;0
MR PILNE stawy;gzszczecin;0
MR PILNE stawy;kamienpomorski;0
MR PILNE stawy;kosmowroclaw;0
MR PILNE stawy;medinet;0
MR PILNE stawy;nrkrakow;0
MR PILNE stawy;nzozevita;0
MR PILNE stawy;powiatsredzki;0
MR PILNE stawy;smtorun;0
MR PILNE stawy;szpitalsiemiatycze;0
MR PILNE stawy;tdallmedica;0
MR PILNE stawy;tdcrir;0
MR PILNE stawy;tdkoszalinmswia;0
MR PILNE stawy;tdorzesze;0
MR PILNE stawy;tdstalowawola;0
MR PILNE stawy;tdtargowek;0
MR PILNE stawy;tdzozwola;0
MR PILNE stawy;wegorzewo;0
MR PILNE stawy;wimed;0
MR PILNE stawy;wss5;0
MR PILNE stawy;bialogard;0
MR PILNE stawy;brodnica;0
MR PILNE stawy;brzesko;0
MR PILNE stawy;cobydgoszcz;0
MR PILNE stawy;dcmdolmed;280
MR PILNE stawy;dzierzoniow;0
MR PILNE stawy;faceclinic;0
MR PILNE stawy;goleniow;0
MR PILNE stawy;gorlice;0
MR PILNE stawy;grajewo;0
MR PILNE stawy;grodzisk;230
MR PILNE stawy;kartuzy;340
MR PILNE stawy;klodzko;0
MR PILNE stawy;lapy;0
MR PILNE stawy;lubaczow;0
MR PILNE stawy;mswsiedlce;0
MR PILNE stawy;nml;0
MR PILNE stawy;ostrow;0
MR PILNE stawy;pczotwock;0
MR PILNE stawy;radiomedica;0
MR PILNE stawy;rybnik;230
MR PILNE stawy;scanmed;0
MR PILNE stawy;sokolow;265
MR PILNE stawy;spbochnia;0
MR PILNE stawy;spzozlezajsk;260
MR PILNE stawy;spzozmc;0
MR PILNE stawy;spzozturek;0
MR PILNE stawy;spzzozsierpc;0
MR PILNE stawy;starachowice;270
MR PILNE stawy;swk;0
MR PILNE stawy;szpitaldzieciecy;0
MR PILNE stawy;szpitallubartow;270
MR PILNE stawy;szpitalopole;0
MR PILNE stawy;szpitalzakopane;0
MR PILNE stawy;szpitalzawiercie;350
MR PILNE stawy;tdbelzyce;0
MR PILNE stawy;tdblachownia;0
MR PILNE stawy;tdbonifratrzy;260
MR PILNE stawy;tdbrodnowski;260
MR PILNE stawy;tdemcpiaseczno;0
MR PILNE stawy;tdgammaknife;0
MR PILNE stawy;tdgniezno;0
MR PILNE stawy;tdipin;0
MR PILNE stawy;tdkluczbork;0
MR PILNE stawy;tdkolbuszowa;0
MR PILNE stawy;tdksskrakow;340
MR PILNE stawy;tdneuromedyka;0
MR PILNE stawy;tdnowomedica;0
MR PILNE stawy;tdonkologiaradom;0
MR PILNE stawy;tdparczew;0
MR PILNE stawy;tdpionki;290
MR PILNE stawy;tdpraski;0
MR PILNE stawy;tdpoludniowy;0
MR PILNE stawy;tdpyrzyce;0
MR PILNE stawy;tdscanmedak5;0
MR PILNE stawy;tdscanmedpila;0
MR PILNE stawy;tdsmswinoujscie;0
MR PILNE stawy;tdspectrum;0
MR PILNE stawy;tdspzozkolo;0
MR PILNE stawy;tdspzozsiedlce;320
MR PILNE stawy;tdsulechowNOWY;0
MR PILNE stawy;tdszpitalchelm;0
MR PILNE stawy;tdszpitalkolno;0
MR PILNE stawy;tdwszplock;320
MR PILNE stawy;tdzoznidzica;0
MR PILNE stawy;tdzozplonsk;0
MR PILNE stawy;td7szmw;0
MR PILNE stawy;tworki;270
MR PILNE stawy;uskbialystok;0
MR PILNE stawy;uskpoznan;0
MR PILNE stawy;wlodawa;0
MR PILNE stawy;zambrow;0
MR PILNE stawy;zgorzelec;0
MR PILNE stawy;zozbiala;0
MR PILNE stawy;zozswietochlowice;0
MR PILNE stawy;almed;0
MR PILNE stawy;dabrowatarnowska;0
MR PILNE stawy;grupazdrowie;0
MR PILNE stawy;komed;0
MR PILNE stawy;mswiapoznan;320
MR PILNE stawy;poddebice2;0
MR PILNE stawy;swp;320
MR PILNE stawy;puszczykowo;320
MR PILNE stawy;rodamed;240
MR PILNE stawy;sm4gliwice;310
MR PILNE stawy;spzozswidnica;0
MR PILNE stawy;szpitaljaslo;0
MR PILNE stawy;szpitalrydygier;0
MR PILNE stawy;tdmilicz;0
MR PILNE stawy;tdsuchab;0
MR PILNE stawy;tomograf;320
MR PILNE stawy;wsswroclaw;0
MR PILNE stawy;wysmaz;280
MR PILNE stawy;zozbol;190,9
MR PILNE stawy;zozboleslawiec;190,9
MR PILNE stawy;zozsochaczew;260
MR PILNE inne ;alfasochaczew;0
MR PILNE inne ;diamed;0
MR PILNE inne ;domchojna2;0
MR PILNE inne ;domchojna;0
MR PILNE inne ;gz;0
MR PILNE inne ;gzplonsk;0
MR PILNE inne ;gzszczecin;0
MR PILNE inne ;kamienpomorski;0
MR PILNE inne ;kosmowroclaw;0
MR PILNE inne ;medinet;0
MR PILNE inne ;nrkrakow;0
MR PILNE inne ;nzozevita;0
MR PILNE inne ;powiatsredzki;0
MR PILNE inne ;smtorun;0
MR PILNE inne ;szpitalsiemiatycze;0
MR PILNE inne ;tdallmedica;0
MR PILNE inne ;tdcrir;0
MR PILNE inne ;tdkoszalinmswia;0
MR PILNE inne ;tdorzesze;0
MR PILNE inne ;tdstalowawola;0
MR PILNE inne ;tdzozwola;0
MR PILNE inne ;wegorzewo;0
MR PILNE inne ;wimed;0
MR PILNE inne ;wss5;0
MR PILNE inne ;bialogard;0
MR PILNE inne ;brodnica;0
MR PILNE inne ;brzesko;0
MR PILNE inne ;cobydgoszcz;0
MR PILNE inne ;dcmdolmed;340
MR PILNE inne ;dzierzoniow;0
MR PILNE inne ;faceclinic;0
MR PILNE inne ;goleniow;0
MR PILNE inne ;gorlice;0
MR PILNE inne ;grajewo;0
MR PILNE inne ;grodzisk;0
MR PILNE inne ;kartuzy;340
MR PILNE inne ;klodzko;0
MR PILNE inne ;lapy;0
MR PILNE inne ;lubaczow;0
MR PILNE inne ;mswsiedlce;0
MR PILNE inne ;nml;0
MR PILNE inne ;ostrow;0
MR PILNE inne ;pczotwock;0
MR PILNE inne ;radiomedica;0
MR PILNE inne ;rybnik;290
MR PILNE inne ;scanmed;0
MR PILNE inne ;sokolow;320
MR PILNE inne ;spbochnia;0
MR PILNE inne ;spzozlezajsk;290
MR PILNE inne ;spzozmc;0
MR PILNE inne ;spzozturek;0
MR PILNE inne ;spzzozsierpc;0
MR PILNE inne ;starachowice;330
MR PILNE inne ;swk;0
MR PILNE inne ;szpitaldzieciecy;0
MR PILNE inne ;szpitallubartow;320
MR PILNE inne ;szpitalopole;0
MR PILNE inne ;szpitalzakopane;0
MR PILNE inne ;szpitalzawiercie;350
MR PILNE inne ;tdbelzyce;0
MR PILNE inne ;tdblachownia;0
MR PILNE inne ;tdbonifratrzy;290
MR PILNE inne ;tdbrodnowski;260
MR PILNE inne ;tdemcpiaseczno;0
MR PILNE inne ;tdgammaknife;0
MR PILNE inne ;tdgniezno;0
MR PILNE inne ;tdipin;0
MR PILNE inne ;tdkluczbork;0
MR PILNE inne ;tdkolbuszowa;0
MR PILNE inne ;tdksskrakow;340
MR PILNE inne ;tdneuromedyka;0
MR PILNE inne ;tdnowomedica;0
MR PILNE inne ;tdonkologiaradom;0
MR PILNE inne ;tdparczew;0
MR PILNE inne ;tdpionki;350
MR PILNE inne ;tdpraski;0
MR PILNE inne ;tdpoludniowy;0
MR PILNE inne ;tdpyrzyce;0
MR PILNE inne ;tdscanmedak5;0
MR PILNE inne ;tdscanmedpila;0
MR PILNE inne ;tdsmswinoujscie;0
MR PILNE inne ;tdspectrum;0
MR PILNE inne ;tdspzozkolo;0
MR PILNE inne ;tdspzozsiedlce;320
MR PILNE inne ;tdsulechowNOWY;0
MR PILNE inne ;tdszpitalchelm;0
MR PILNE inne ;tdszpitalkolno;0
MR PILNE inne ;tdwszplock;0
MR PILNE inne ;tdzoznidzica;0
MR PILNE inne ;tdzozplonsk;0
MR PILNE inne ;td7szmw;0
MR PILNE inne ;tworki;320
MR PILNE inne ;uskbialystok;0
MR PILNE inne ;uskpoznan;0
MR PILNE inne ;wlodawa;0
MR PILNE inne ;zambrow;0
MR PILNE inne ;zgorzelec;0
MR PILNE inne ;zozbiala;0
MR PILNE inne ;zozswietochlowice;0
MR PILNE inne ;almed;0
MR PILNE inne ;dabrowatarnowska;0
MR PILNE inne ;grupazdrowie;0
MR PILNE inne ;komed;0
MR PILNE inne ;mswiapoznan;320
MR PILNE inne ;poddebice2;0
MR PILNE inne ;swp;370
MR PILNE inne ;puszczykowo;370
MR PILNE inne ;rodamed;270
MR PILNE inne ;sm4gliwice;350
MR PILNE inne ;spzozswidnica;0
MR PILNE inne ;szpitaljaslo;0
MR PILNE inne ;szpitalrydygier;0
MR PILNE inne ;tdmilicz;0
MR PILNE inne ;tdsuchab;0
MR PILNE inne ;tomograf;370
MR PILNE inne ;wsswroclaw;0
MR PILNE inne ;wysmaz;330
MR PILNE inne ;zozbol;190,9
MR PILNE inne ;zozboleslawiec;190,9
MR PILNE inne ;zozsochaczew;290
MR PLANOWE GŁ/KRG angio;alfasochaczew;0
MR PLANOWE GŁ/KRG angio;bimed;0
MR PLANOWE GŁ/KRG angio;diamed;0
MR PLANOWE GŁ/KRG angio;domchojna2;0
MR PLANOWE GŁ/KRG angio;domchojna;0
MR PLANOWE GŁ/KRG angio;gz;0
MR PLANOWE GŁ/KRG angio;gzplonsk;0
MR PLANOWE GŁ/KRG angio;gzszczecin;0
MR PLANOWE GŁ/KRG angio;kamienpomorski;0
MR PLANOWE GŁ/KRG angio;kosmowroclaw;0
MR PLANOWE GŁ/KRG angio;medinet;0
MR PLANOWE GŁ/KRG angio;nrkrakow;0
MR PLANOWE GŁ/KRG angio;nzozevita;0
MR PLANOWE GŁ/KRG angio;powiatsredzki;0
MR PLANOWE GŁ/KRG angio;smtorun;0
MR PLANOWE GŁ/KRG angio;szpitalsiemiatycze;0
MR PLANOWE GŁ/KRG angio;tdallmedica;0
MR PLANOWE GŁ/KRG angio;tdcmbatorego;0
MR PLANOWE GŁ/KRG angio;tdcrir;0
MR PLANOWE GŁ/KRG angio;tdkoszalinmswia;0
MR PLANOWE GŁ/KRG angio;tdorzesze;0
MR PLANOWE GŁ/KRG angio;tdstalowawola;0
MR PLANOWE GŁ/KRG angio;tdtargowek;0
MR PLANOWE GŁ/KRG angio;tdzozwola;0
MR PLANOWE GŁ/KRG angio;wegorzewo;0
MR PLANOWE GŁ/KRG angio;wimed;0
MR PLANOWE GŁ/KRG angio;wss5;0
MR PLANOWE GŁ/KRG angio;bialogard;0
MR PLANOWE GŁ/KRG angio;brodnica;0
MR PLANOWE GŁ/KRG angio;brzesko;0
MR PLANOWE GŁ/KRG angio;cobydgoszcz;0
MR PLANOWE GŁ/KRG angio;dcmdolmed;320
MR PLANOWE GŁ/KRG angio;dzierzoniow;0
MR PLANOWE GŁ/KRG angio;faceclinic;0
MR PLANOWE GŁ/KRG angio;goleniow;0
MR PLANOWE GŁ/KRG angio;gorlice;0
MR PLANOWE GŁ/KRG angio;grajewo;0
MR PLANOWE GŁ/KRG angio;grodzisk;0
MR PLANOWE GŁ/KRG angio;kartuzy;220
MR PLANOWE GŁ/KRG angio;klodzko;0
MR PLANOWE GŁ/KRG angio;lapy;0
MR PLANOWE GŁ/KRG angio;lubaczow;0
MR PLANOWE GŁ/KRG angio;mswsiedlce;0
MR PLANOWE GŁ/KRG angio;nml;0
MR PLANOWE GŁ/KRG angio;ostrow;0
MR PLANOWE GŁ/KRG angio;pczotwock;0
MR PLANOWE GŁ/KRG angio;radiomedica;0
MR PLANOWE GŁ/KRG angio;rybnik;0
MR PLANOWE GŁ/KRG angio;scanmed;0
MR PLANOWE GŁ/KRG angio;sokolow;230
MR PLANOWE GŁ/KRG angio;spbochnia;0
MR PLANOWE GŁ/KRG angio;spzozlezajsk;260
MR PLANOWE GŁ/KRG angio;spzozmc;0
MR PLANOWE GŁ/KRG angio;spzozturek;0
MR PLANOWE GŁ/KRG angio;spzzozsierpc;0
MR PLANOWE GŁ/KRG angio;starachowice;0
MR PLANOWE GŁ/KRG angio;swk;0
MR PLANOWE GŁ/KRG angio;szpitaldzieciecy;0
MR PLANOWE GŁ/KRG angio;szpitallubartow;0
MR PLANOWE GŁ/KRG angio;szpitalopole;0
MR PLANOWE GŁ/KRG angio;szpitalzakopane;0
MR PLANOWE GŁ/KRG angio;szpitalzawiercie;0
MR PLANOWE GŁ/KRG angio;tdbelzyce;0
MR PLANOWE GŁ/KRG angio;tdbonifratrzy;0
MR PLANOWE GŁ/KRG angio;tdbrodnowski;0
MR PLANOWE GŁ/KRG angio;tdemcpiaseczno;0
MR PLANOWE GŁ/KRG angio;tdgammaknife;0
MR PLANOWE GŁ/KRG angio;tdgniezno;0
MR PLANOWE GŁ/KRG angio;tdipin;0
MR PLANOWE GŁ/KRG angio;tdkluczbork;0
MR PLANOWE GŁ/KRG angio;tdkolbuszowa;0
MR PLANOWE GŁ/KRG angio;tdksskrakow;0
MR PLANOWE GŁ/KRG angio;tdneuromedyka;0
MR PLANOWE GŁ/KRG angio;tdnowomedica;0
MR PLANOWE GŁ/KRG angio;tdonkologiaradom;0
MR PLANOWE GŁ/KRG angio;tdparczew;0
MR PLANOWE GŁ/KRG angio;tdpionki;0
MR PLANOWE GŁ/KRG angio;tdpraski;0
MR PLANOWE GŁ/KRG angio;tdpoludniowy;0
MR PLANOWE GŁ/KRG angio;tdpyrzyce;0
MR PLANOWE GŁ/KRG angio;tdscanmedak5;0
MR PLANOWE GŁ/KRG angio;tdscanmedpila;0
MR PLANOWE GŁ/KRG angio;tdsmswinoujscie;0
MR PLANOWE GŁ/KRG angio;tdspectrum;0
MR PLANOWE GŁ/KRG angio;tdspzozkolo;0
MR PLANOWE GŁ/KRG angio;tdspzozsiedlce;0
MR PLANOWE GŁ/KRG angio;tdsulechowNOWY;0
MR PLANOWE GŁ/KRG angio;tdszpitalchelm;0
MR PLANOWE GŁ/KRG angio;tdszpitalkolno;0
MR PLANOWE GŁ/KRG angio;tdwszplock;260
MR PLANOWE GŁ/KRG angio;tdzoznidzica;250
MR PLANOWE GŁ/KRG angio;tdzozplonsk;0
MR PLANOWE GŁ/KRG angio;td7szmw;0
MR PLANOWE GŁ/KRG angio;tworki;200
MR PLANOWE GŁ/KRG angio;uskbialystok;0
MR PLANOWE GŁ/KRG angio;uskpoznan;0
MR PLANOWE GŁ/KRG angio;wlodawa;0
MR PLANOWE GŁ/KRG angio;zambrow;0
MR PLANOWE GŁ/KRG angio;zgorzelec;0
MR PLANOWE GŁ/KRG angio;zozbiala;0
MR PLANOWE GŁ/KRG angio;zozswietochlowice;0
MR PLANOWE GŁ/KRG angio;almed;268,75
MR PLANOWE GŁ/KRG angio;dabrowatarnowska;0
MR PLANOWE GŁ/KRG angio;grupazdrowie;0
MR PLANOWE GŁ/KRG angio;komed;0
MR PLANOWE GŁ/KRG angio;poddebice2;0
MR PLANOWE GŁ/KRG angio;swp;262,5
MR PLANOWE GŁ/KRG angio;puszczykowo;262,5
MR PLANOWE GŁ/KRG angio;rodamed;209
MR PLANOWE GŁ/KRG angio;sm4gliwice;230
MR PLANOWE GŁ/KRG angio;spzozswidnica;0
MR PLANOWE GŁ/KRG angio;szpitaljaslo;0
MR PLANOWE GŁ/KRG angio;szpitalrydygier;231
MR PLANOWE GŁ/KRG angio;tdmilicz;0
MR PLANOWE GŁ/KRG angio;tdsuchab;0
MR PLANOWE GŁ/KRG angio;tomograf;262,5
MR PLANOWE GŁ/KRG angio;wsswroclaw;0
MR PLANOWE GŁ/KRG angio;wysmaz;220
MR PLANOWE GŁ/KRG angio;zozbol;209,17
MR PLANOWE GŁ/KRG angio;zozboleslawiec;209,17
MR PLANOWE GŁ/KRG angio;zozsochaczew;290
MR PLANOWE  stawy angio;alfasochaczew;0
MR PLANOWE  stawy angio;bimed;0
MR PLANOWE  stawy angio;diamed;0
MR PLANOWE  stawy angio;domchojna2;0
MR PLANOWE  stawy angio;domchojna;0
MR PLANOWE  stawy angio;gz;0
MR PLANOWE  stawy angio;gzplonsk;0
MR PLANOWE  stawy angio;gzszczecin;0
MR PLANOWE  stawy angio;kamienpomorski;0
MR PLANOWE  stawy angio;kosmowroclaw;0
MR PLANOWE  stawy angio;medinet;0
MR PLANOWE  stawy angio;nrkrakow;0
MR PLANOWE  stawy angio;nzozevita;0
MR PLANOWE  stawy angio;powiatsredzki;0
MR PLANOWE  stawy angio;smtorun;0
MR PLANOWE  stawy angio;szpitalsiemiatycze;0
MR PLANOWE  stawy angio;tdallmedica;0
MR PLANOWE  stawy angio;tdcmbatorego;0
MR PLANOWE  stawy angio;tdcrir;0
MR PLANOWE  stawy angio;tdkoszalinmswia;0
MR PLANOWE  stawy angio;tdorzesze;0
MR PLANOWE  stawy angio;tdstalowawola;0
MR PLANOWE  stawy angio;tdtargowek;0
MR PLANOWE  stawy angio;tdzozwola;0
MR PLANOWE  stawy angio;wegorzewo;0
MR PLANOWE  stawy angio;wimed;0
MR PLANOWE  stawy angio;wss5;0
MR PLANOWE  stawy angio;bialogard;0
MR PLANOWE  stawy angio;brodnica;0
MR PLANOWE  stawy angio;brzesko;0
MR PLANOWE  stawy angio;cobydgoszcz;0
MR PLANOWE  stawy angio;dcmdolmed;0
MR PLANOWE  stawy angio;dzierzoniow;0
MR PLANOWE  stawy angio;faceclinic;0
MR PLANOWE  stawy angio;goleniow;0
MR PLANOWE  stawy angio;gorlice;0
MR PLANOWE  stawy angio;grajewo;0
MR PLANOWE  stawy angio;grodzisk;0
MR PLANOWE  stawy angio;kartuzy;220
MR PLANOWE  stawy angio;klodzko;0
MR PLANOWE  stawy angio;lapy;0
MR PLANOWE  stawy angio;lubaczow;0
MR PLANOWE  stawy angio;mswsiedlce;0
MR PLANOWE  stawy angio;nml;0
MR PLANOWE  stawy angio;ostrow;0
MR PLANOWE  stawy angio;pczotwock;0
MR PLANOWE  stawy angio;radiomedica;0
MR PLANOWE  stawy angio;rybnik;0
MR PLANOWE  stawy angio;scanmed;0
MR PLANOWE  stawy angio;sokolow;230
MR PLANOWE  stawy angio;spbochnia;0
MR PLANOWE  stawy angio;spzozlezajsk;0
MR PLANOWE  stawy angio;spzozmc;0
MR PLANOWE  stawy angio;spzozturek;0
MR PLANOWE  stawy angio;spzzozsierpc;0
MR PLANOWE  stawy angio;starachowice;0
MR PLANOWE  stawy angio;swk;0
MR PLANOWE  stawy angio;szpitaldzieciecy;0
MR PLANOWE  stawy angio;szpitallubartow;0
MR PLANOWE  stawy angio;szpitalopole;0
MR PLANOWE  stawy angio;szpitalzakopane;0
MR PLANOWE  stawy angio;szpitalzawiercie;0
MR PLANOWE  stawy angio;tdbelzyce;0
MR PLANOWE  stawy angio;tdbonifratrzy;0
MR PLANOWE  stawy angio;tdbrodnowski;0
MR PLANOWE  stawy angio;tdemcpiaseczno;0
MR PLANOWE  stawy angio;tdgammaknife;0
MR PLANOWE  stawy angio;tdgniezno;0
MR PLANOWE  stawy angio;tdipin;0
MR PLANOWE  stawy angio;tdkluczbork;0
MR PLANOWE  stawy angio;tdkolbuszowa;0
MR PLANOWE  stawy angio;tdksskrakow;0
MR PLANOWE  stawy angio;tdneuromedyka;0
MR PLANOWE  stawy angio;tdnowomedica;0
MR PLANOWE  stawy angio;tdonkologiaradom;0
MR PLANOWE  stawy angio;tdparczew;0
MR PLANOWE  stawy angio;tdpionki;0
MR PLANOWE  stawy angio;tdpraski;0
MR PLANOWE  stawy angio;tdpoludniowy;0
MR PLANOWE  stawy angio;tdpyrzyce;0
MR PLANOWE  stawy angio;tdscanmedak5;0
MR PLANOWE  stawy angio;tdscanmedpila;0
MR PLANOWE  stawy angio;tdsmswinoujscie;0
MR PLANOWE  stawy angio;tdspectrum;0
MR PLANOWE  stawy angio;tdspzozkolo;0
MR PLANOWE  stawy angio;tdspzozsiedlce;0
MR PLANOWE  stawy angio;tdsulechowNOWY;0
MR PLANOWE  stawy angio;tdszpitalchelm;0
MR PLANOWE  stawy angio;tdszpitalkolno;0
MR PLANOWE  stawy angio;tdwszplock;260
MR PLANOWE  stawy angio;tdzoznidzica;250
MR PLANOWE  stawy angio;tdzozplonsk;0
MR PLANOWE  stawy angio;td7szmw;0
MR PLANOWE  stawy angio;tworki;0
MR PLANOWE  stawy angio;uskbialystok;0
MR PLANOWE  stawy angio;uskpoznan;0
MR PLANOWE  stawy angio;wlodawa;0
MR PLANOWE  stawy angio;zambrow;0
MR PLANOWE  stawy angio;zgorzelec;0
MR PLANOWE  stawy angio;zozbiala;0
MR PLANOWE  stawy angio;zozswietochlowice;0
MR PLANOWE  stawy angio;almed;325
MR PLANOWE  stawy angio;dabrowatarnowska;0
MR PLANOWE  stawy angio;grupazdrowie;0
MR PLANOWE  stawy angio;komed;0
MR PLANOWE  stawy angio;poddebice2;0
MR PLANOWE  stawy angio;swp;362,5
MR PLANOWE  stawy angio;puszczykowo;362,5
MR PLANOWE  stawy angio;rodamed;242
MR PLANOWE  stawy angio;sm4gliwice;230
MR PLANOWE  stawy angio;spzozswidnica;0
MR PLANOWE  stawy angio;szpitaljaslo;0
MR PLANOWE  stawy angio;szpitalrydygier;264
MR PLANOWE  stawy angio;tdmilicz;0
MR PLANOWE  stawy angio;tdsuchab;0
MR PLANOWE  stawy angio;tomograf;362,5
MR PLANOWE  stawy angio;wsswroclaw;0
MR PLANOWE  stawy angio;wysmaz;286
MR PLANOWE  stawy angio;zozbol;209,17
MR PLANOWE  stawy angio;zozboleslawiec;209,17
MR PLANOWE  stawy angio;zozsochaczew;0
MR PLANOWE  inne angio;alfasochaczew;0
MR PLANOWE  inne angio;bimed;0
MR PLANOWE  inne angio;diamed;0
MR PLANOWE  inne angio;domchojna2;0
MR PLANOWE  inne angio;domchojna;0
MR PLANOWE  inne angio;gz;0
MR PLANOWE  inne angio;gzplonsk;0
MR PLANOWE  inne angio;gzszczecin;0
MR PLANOWE  inne angio;kamienpomorski;0
MR PLANOWE  inne angio;kosmowroclaw;0
MR PLANOWE  inne angio;medinet;0
MR PLANOWE  inne angio;nrkrakow;0
MR PLANOWE  inne angio;nzozevita;0
MR PLANOWE  inne angio;powiatsredzki;0
MR PLANOWE  inne angio;smtorun;0
MR PLANOWE  inne angio;szpitalsiemiatycze;0
MR PLANOWE  inne angio;tdallmedica;0
MR PLANOWE  inne angio;tdcmbatorego;0
MR PLANOWE  inne angio;tdcrir;0
MR PLANOWE  inne angio;tdkoszalinmswia;0
MR PLANOWE  inne angio;tdorzesze;0
MR PLANOWE  inne angio;tdstalowawola;0
MR PLANOWE  inne angio;tdtargowek;0
MR PLANOWE  inne angio;tdzozwola;0
MR PLANOWE  inne angio;wegorzewo;0
MR PLANOWE  inne angio;wimed;0
MR PLANOWE  inne angio;wss5;0
MR PLANOWE  inne angio;bialogard;0
MR PLANOWE  inne angio;brodnica;0
MR PLANOWE  inne angio;brzesko;0
MR PLANOWE  inne angio;cobydgoszcz;0
MR PLANOWE  inne angio;dcmdolmed;0
MR PLANOWE  inne angio;dzierzoniow;0
MR PLANOWE  inne angio;faceclinic;0
MR PLANOWE  inne angio;goleniow;0
MR PLANOWE  inne angio;gorlice;0
MR PLANOWE  inne angio;grajewo;0
MR PLANOWE  inne angio;grodzisk;0
MR PLANOWE  inne angio;kartuzy;220
MR PLANOWE  inne angio;klodzko;0
MR PLANOWE  inne angio;lapy;0
MR PLANOWE  inne angio;lubaczow;0
MR PLANOWE  inne angio;mswsiedlce;0
MR PLANOWE  inne angio;nml;0
MR PLANOWE  inne angio;ostrow;0
MR PLANOWE  inne angio;pczotwock;0
MR PLANOWE  inne angio;radiomedica;0
MR PLANOWE  inne angio;rybnik;0
MR PLANOWE  inne angio;scanmed;0
MR PLANOWE  inne angio;sokolow;230
MR PLANOWE  inne angio;spbochnia;0
MR PLANOWE  inne angio;spzozlezajsk;0
MR PLANOWE  inne angio;spzozmc;0
MR PLANOWE  inne angio;spzozturek;0
MR PLANOWE  inne angio;spzzozsierpc;0
MR PLANOWE  inne angio;starachowice;0
MR PLANOWE  inne angio;swk;0
MR PLANOWE  inne angio;szpitaldzieciecy;0
MR PLANOWE  inne angio;szpitallubartow;0
MR PLANOWE  inne angio;szpitalopole;0
MR PLANOWE  inne angio;szpitalzakopane;0
MR PLANOWE  inne angio;szpitalzawiercie;0
MR PLANOWE  inne angio;tdbelzyce;0
MR PLANOWE  inne angio;tdbonifratrzy;0
MR PLANOWE  inne angio;tdbrodnowski;0
MR PLANOWE  inne angio;tdemcpiaseczno;0
MR PLANOWE  inne angio;tdgammaknife;0
MR PLANOWE  inne angio;tdgniezno;0
MR PLANOWE  inne angio;tdipin;0
MR PLANOWE  inne angio;tdkluczbork;0
MR PLANOWE  inne angio;tdkolbuszowa;0
MR PLANOWE  inne angio;tdksskrakow;0
MR PLANOWE  inne angio;tdneuromedyka;0
MR PLANOWE  inne angio;tdnowomedica;0
MR PLANOWE  inne angio;tdonkologiaradom;0
MR PLANOWE  inne angio;tdparczew;0
MR PLANOWE  inne angio;tdpionki;0
MR PLANOWE  inne angio;tdpraski;0
MR PLANOWE  inne angio;tdpoludniowy;0
MR PLANOWE  inne angio;tdpyrzyce;0
MR PLANOWE  inne angio;tdscanmedak5;0
MR PLANOWE  inne angio;tdscanmedpila;0
MR PLANOWE  inne angio;tdsmswinoujscie;0
MR PLANOWE  inne angio;tdspectrum;0
MR PLANOWE  inne angio;tdspzozkolo;0
MR PLANOWE  inne angio;tdspzozsiedlce;0
MR PLANOWE  inne angio;tdsulechowNOWY;0
MR PLANOWE  inne angio;tdszpitalchelm;0
MR PLANOWE  inne angio;tdszpitalkolno;0
MR PLANOWE  inne angio;tdwszplock;260
MR PLANOWE  inne angio;tdzoznidzica;250
MR PLANOWE  inne angio;tdzozplonsk;0
MR PLANOWE  inne angio;td7szmw;0
MR PLANOWE  inne angio;tworki;290
MR PLANOWE  inne angio;uskbialystok;0
MR PLANOWE  inne angio;uskpoznan;0
MR PLANOWE  inne angio;wlodawa;0
MR PLANOWE  inne angio;zambrow;0
MR PLANOWE  inne angio;zgorzelec;0
MR PLANOWE  inne angio;zozbiala;0
MR PLANOWE  inne angio;zozswietochlowice;0
MR PLANOWE  inne angio;almed;362,5
MR PLANOWE  inne angio;dabrowatarnowska;0
MR PLANOWE  inne angio;grupazdrowie;0
MR PLANOWE  inne angio;komed;0
MR PLANOWE  inne angio;poddebice2;0
MR PLANOWE  inne angio;swp;400
MR PLANOWE  inne angio;puszczykowo;400
MR PLANOWE  inne angio;rodamed;286
MR PLANOWE  inne angio;sm4gliwice;230
MR PLANOWE  inne angio;spzozswidnica;0
MR PLANOWE  inne angio;szpitaljaslo;0
MR PLANOWE  inne angio;szpitalrydygier;308
MR PLANOWE  inne angio;tdmilicz;0
MR PLANOWE  inne angio;tdsuchab;0
MR PLANOWE  inne angio;tomograf;400
MR PLANOWE  inne angio;wsswroclaw;0
MR PLANOWE  inne angio;wysmaz;330
MR PLANOWE  inne angio;zozbol;209,17
MR PLANOWE  inne angio;zozboleslawiec;209,17
MR PLANOWE  inne angio;zozsochaczew;290
MR PILNE GŁ/KRG angio;alfasochaczew;0
MR PILNE GŁ/KRG angio;bimed;0
MR PILNE GŁ/KRG angio;diamed;0
MR PILNE GŁ/KRG angio;domchojna2;0
MR PILNE GŁ/KRG angio;domchojna;0
MR PILNE GŁ/KRG angio;gz;0
MR PILNE GŁ/KRG angio;gzplonsk;0
MR PILNE GŁ/KRG angio;gzszczecin;0
MR PILNE GŁ/KRG angio;kamienpomorski;0
MR PILNE GŁ/KRG angio;kosmowroclaw;0
MR PILNE GŁ/KRG angio;medinet;0
MR PILNE GŁ/KRG angio;nrkrakow;0
MR PILNE GŁ/KRG angio;nzozevita;0
MR PILNE GŁ/KRG angio;powiatsredzki;0
MR PILNE GŁ/KRG angio;smtorun;0
MR PILNE GŁ/KRG angio;szpitalsiemiatycze;0
MR PILNE GŁ/KRG angio;tdallmedica;0
MR PILNE GŁ/KRG angio;tdcmbatorego;0
MR PILNE GŁ/KRG angio;tdcrir;0
MR PILNE GŁ/KRG angio;tdkoszalinmswia;0
MR PILNE GŁ/KRG angio;tdorzesze;0
MR PILNE GŁ/KRG angio;tdstalowawola;0
MR PILNE GŁ/KRG angio;tdtargowek;0
MR PILNE GŁ/KRG angio;tdzozwola;0
MR PILNE GŁ/KRG angio;wegorzewo;0
MR PILNE GŁ/KRG angio;wimed;0
MR PILNE GŁ/KRG angio;wss5;0
MR PILNE GŁ/KRG angio;bialogard;0
MR PILNE GŁ/KRG angio;brodnica;0
MR PILNE GŁ/KRG angio;brzesko;0
MR PILNE GŁ/KRG angio;cobydgoszcz;0
MR PILNE GŁ/KRG angio;dcmdolmed;340
MR PILNE GŁ/KRG angio;dzierzoniow;0
MR PILNE GŁ/KRG angio;faceclinic;0
MR PILNE GŁ/KRG angio;goleniow;0
MR PILNE GŁ/KRG angio;gorlice;0
MR PILNE GŁ/KRG angio;grajewo;0
MR PILNE GŁ/KRG angio;grodzisk;0
MR PILNE GŁ/KRG angio;kartuzy;0
MR PILNE GŁ/KRG angio;klodzko;0
MR PILNE GŁ/KRG angio;lapy;0
MR PILNE GŁ/KRG angio;lubaczow;0
MR PILNE GŁ/KRG angio;mswsiedlce;0
MR PILNE GŁ/KRG angio;nml;0
MR PILNE GŁ/KRG angio;ostrow;0
MR PILNE GŁ/KRG angio;pczotwock;0
MR PILNE GŁ/KRG angio;radiomedica;0
MR PILNE GŁ/KRG angio;rybnik;0
MR PILNE GŁ/KRG angio;scanmed;0
MR PILNE GŁ/KRG angio;sokolow;250
MR PILNE GŁ/KRG angio;spbochnia;0
MR PILNE GŁ/KRG angio;spzozlezajsk;260
MR PILNE GŁ/KRG angio;spzozmc;0
MR PILNE GŁ/KRG angio;spzozturek;0
MR PILNE GŁ/KRG angio;spzzozsierpc;0
MR PILNE GŁ/KRG angio;starachowice;0
MR PILNE GŁ/KRG angio;swk;0
MR PILNE GŁ/KRG angio;szpitaldzieciecy;0
MR PILNE GŁ/KRG angio;szpitallubartow;0
MR PILNE GŁ/KRG angio;szpitalopole;0
MR PILNE GŁ/KRG angio;szpitalzakopane;0
MR PILNE GŁ/KRG angio;szpitalzawiercie;0
MR PILNE GŁ/KRG angio;tdbelzyce;0
MR PILNE GŁ/KRG angio;tdbonifratrzy;0
MR PILNE GŁ/KRG angio;tdbrodnowski;0
MR PILNE GŁ/KRG angio;tdemcpiaseczno;0
MR PILNE GŁ/KRG angio;tdgammaknife;0
MR PILNE GŁ/KRG angio;tdgniezno;0
MR PILNE GŁ/KRG angio;tdipin;0
MR PILNE GŁ/KRG angio;tdkluczbork;0
MR PILNE GŁ/KRG angio;tdkolbuszowa;0
MR PILNE GŁ/KRG angio;tdksskrakow;0
MR PILNE GŁ/KRG angio;tdneuromedyka;0
MR PILNE GŁ/KRG angio;tdnowomedica;0
MR PILNE GŁ/KRG angio;tdonkologiaradom;0
MR PILNE GŁ/KRG angio;tdparczew;0
MR PILNE GŁ/KRG angio;tdpionki;0
MR PILNE GŁ/KRG angio;tdpraski;0
MR PILNE GŁ/KRG angio;tdpoludniowy;0
MR PILNE GŁ/KRG angio;tdpyrzyce;0
MR PILNE GŁ/KRG angio;tdscanmedak5;0
MR PILNE GŁ/KRG angio;tdscanmedpila;0
MR PILNE GŁ/KRG angio;tdsmswinoujscie;0
MR PILNE GŁ/KRG angio;tdspectrum;0
MR PILNE GŁ/KRG angio;tdspzozkolo;0
MR PILNE GŁ/KRG angio;tdspzozsiedlce;0
MR PILNE GŁ/KRG angio;tdsulechowNOWY;0
MR PILNE GŁ/KRG angio;tdszpitalchelm;0
MR PILNE GŁ/KRG angio;tdszpitalkolno;0
MR PILNE GŁ/KRG angio;tdwszplock;290
MR PILNE GŁ/KRG angio;tdzoznidzica;0
MR PILNE GŁ/KRG angio;tdzozplonsk;0
MR PILNE GŁ/KRG angio;td7szmw;0
MR PILNE GŁ/KRG angio;tworki;220
MR PILNE GŁ/KRG angio;uskbialystok;0
MR PILNE GŁ/KRG angio;uskpoznan;0
MR PILNE GŁ/KRG angio;wlodawa;0
MR PILNE GŁ/KRG angio;zambrow;0
MR PILNE GŁ/KRG angio;zgorzelec;0
MR PILNE GŁ/KRG angio;zozbiala;0
MR PILNE GŁ/KRG angio;zozswietochlowice;0
MR PILNE GŁ/KRG angio;almed;0
MR PILNE GŁ/KRG angio;dabrowatarnowska;0
MR PILNE GŁ/KRG angio;grupazdrowie;0
MR PILNE GŁ/KRG angio;komed;0
MR PILNE GŁ/KRG angio;poddebice2;0
MR PILNE GŁ/KRG angio;swp;312,5
MR PILNE GŁ/KRG angio;puszczykowo;312,5
MR PILNE GŁ/KRG angio;rodamed;231
MR PILNE GŁ/KRG angio;sm4gliwice;240
MR PILNE GŁ/KRG angio;spzozswidnica;0
MR PILNE GŁ/KRG angio;szpitaljaslo;0
MR PILNE GŁ/KRG angio;szpitalrydygier;0
MR PILNE GŁ/KRG angio;tdmilicz;0
MR PILNE GŁ/KRG angio;tdsuchab;0
MR PILNE GŁ/KRG angio;tomograf;312,5
MR PILNE GŁ/KRG angio;wsswroclaw;0
MR PILNE GŁ/KRG angio;wysmaz;264
MR PILNE GŁ/KRG angio;zozbol;248,17
MR PILNE GŁ/KRG angio;zozboleslawiec;248,17
MR PILNE GŁ/KRG angio;zozsochaczew;0
MR PILNE stawy angio;alfasochaczew;0
MR PILNE stawy angio;bimed;0
MR PILNE stawy angio;diamed;0
MR PILNE stawy angio;domchojna2;0
MR PILNE stawy angio;domchojna;0
MR PILNE stawy angio;gz;0
MR PILNE stawy angio;gzplonsk;0
MR PILNE stawy angio;gzszczecin;0
MR PILNE stawy angio;kamienpomorski;0
MR PILNE stawy angio;kosmowroclaw;0
MR PILNE stawy angio;medinet;0
MR PILNE stawy angio;nrkrakow;0
MR PILNE stawy angio;nzozevita;0
MR PILNE stawy angio;powiatsredzki;0
MR PILNE stawy angio;smtorun;0
MR PILNE stawy angio;szpitalsiemiatycze;0
MR PILNE stawy angio;tdallmedica;0
MR PILNE stawy angio;tdcmbatorego;0
MR PILNE stawy angio;tdcrir;0
MR PILNE stawy angio;tdkoszalinmswia;0
MR PILNE stawy angio;tdorzesze;0
MR PILNE stawy angio;tdstalowawola;0
MR PILNE stawy angio;tdtargowek;0
MR PILNE stawy angio;tdzozwola;0
MR PILNE stawy angio;wegorzewo;0
MR PILNE stawy angio;wimed;0
MR PILNE stawy angio;wss5;0
MR PILNE stawy angio;bialogard;0
MR PILNE stawy angio;brodnica;0
MR PILNE stawy angio;brzesko;0
MR PILNE stawy angio;cobydgoszcz;0
MR PILNE stawy angio;dcmdolmed;0
MR PILNE stawy angio;dzierzoniow;0
MR PILNE stawy angio;faceclinic;0
MR PILNE stawy angio;goleniow;0
MR PILNE stawy angio;gorlice;0
MR PILNE stawy angio;grajewo;0
MR PILNE stawy angio;grodzisk;0
MR PILNE stawy angio;kartuzy;0
MR PILNE stawy angio;klodzko;0
MR PILNE stawy angio;lapy;0
MR PILNE stawy angio;lubaczow;0
MR PILNE stawy angio;mswsiedlce;0
MR PILNE stawy angio;nml;0
MR PILNE stawy angio;ostrow;0
MR PILNE stawy angio;pczotwock;0
MR PILNE stawy angio;radiomedica;0
MR PILNE stawy angio;rybnik;0
MR PILNE stawy angio;scanmed;0
MR PILNE stawy angio;sokolow;250
MR PILNE stawy angio;spbochnia;0
MR PILNE stawy angio;spzozlezajsk;0
MR PILNE stawy angio;spzozmc;0
MR PILNE stawy angio;spzozturek;0
MR PILNE stawy angio;spzzozsierpc;0
MR PILNE stawy angio;starachowice;0
MR PILNE stawy angio;swk;0
MR PILNE stawy angio;szpitaldzieciecy;0
MR PILNE stawy angio;szpitallubartow;0
MR PILNE stawy angio;szpitalopole;0
MR PILNE stawy angio;szpitalzakopane;0
MR PILNE stawy angio;szpitalzawiercie;0
MR PILNE stawy angio;tdbelzyce;0
MR PILNE stawy angio;tdbonifratrzy;0
MR PILNE stawy angio;tdbrodnowski;0
MR PILNE stawy angio;tdemcpiaseczno;0
MR PILNE stawy angio;tdgammaknife;0
MR PILNE stawy angio;tdgniezno;0
MR PILNE stawy angio;tdipin;0
MR PILNE stawy angio;tdkluczbork;0
MR PILNE stawy angio;tdkolbuszowa;0
MR PILNE stawy angio;tdksskrakow;0
MR PILNE stawy angio;tdneuromedyka;0
MR PILNE stawy angio;tdnowomedica;0
MR PILNE stawy angio;tdonkologiaradom;0
MR PILNE stawy angio;tdparczew;0
MR PILNE stawy angio;tdpionki;0
MR PILNE stawy angio;tdpraski;0
MR PILNE stawy angio;tdpoludniowy;0
MR PILNE stawy angio;tdpyrzyce;0
MR PILNE stawy angio;tdscanmedak5;0
MR PILNE stawy angio;tdscanmedpila;0
MR PILNE stawy angio;tdsmswinoujscie;0
MR PILNE stawy angio;tdspectrum;0
MR PILNE stawy angio;tdspzozkolo;0
MR PILNE stawy angio;tdspzozsiedlce;0
MR PILNE stawy angio;tdsulechowNOWY;0
MR PILNE stawy angio;tdszpitalchelm;0
MR PILNE stawy angio;tdszpitalkolno;0
MR PILNE stawy angio;tdwszplock;290
MR PILNE stawy angio;tdzoznidzica;0
MR PILNE stawy angio;tdzozplonsk;0
MR PILNE stawy angio;td7szmw;0
MR PILNE stawy angio;tworki;0
MR PILNE stawy angio;uskbialystok;0
MR PILNE stawy angio;uskpoznan;0
MR PILNE stawy angio;wlodawa;0
MR PILNE stawy angio;zambrow;0
MR PILNE stawy angio;zgorzelec;0
MR PILNE stawy angio;zozbiala;0
MR PILNE stawy angio;zozswietochlowice;0
MR PILNE stawy angio;almed;0
MR PILNE stawy angio;dabrowatarnowska;0
MR PILNE stawy angio;grupazdrowie;0
MR PILNE stawy angio;komed;0
MR PILNE stawy angio;poddebice2;0
MR PILNE stawy angio;swp;400
MR PILNE stawy angio;puszczykowo;400
MR PILNE stawy angio;rodamed;264
MR PILNE stawy angio;sm4gliwice;240
MR PILNE stawy angio;spzozswidnica;0
MR PILNE stawy angio;szpitaljaslo;0
MR PILNE stawy angio;szpitalrydygier;0
MR PILNE stawy angio;tdmilicz;0
MR PILNE stawy angio;tdsuchab;0
MR PILNE stawy angio;tomograf;400
MR PILNE stawy angio;wsswroclaw;0
MR PILNE stawy angio;wysmaz;308
MR PILNE stawy angio;zozbol;248,17
MR PILNE stawy angio;zozboleslawiec;248,17
MR PILNE stawy angio;zozsochaczew;0
MR PILNE inne  angio;alfasochaczew;0
MR PILNE inne  angio;bimed;0
MR PILNE inne  angio;diamed;0
MR PILNE inne  angio;domchojna2;0
MR PILNE inne  angio;domchojna;0
MR PILNE inne  angio;gz;0
MR PILNE inne  angio;gzplonsk;0
MR PILNE inne  angio;gzszczecin;0
MR PILNE inne  angio;kamienpomorski;0
MR PILNE inne  angio;kosmowroclaw;0
MR PILNE inne  angio;medinet;0
MR PILNE inne  angio;nrkrakow;0
MR PILNE inne  angio;nzozevita;0
MR PILNE inne  angio;powiatsredzki;0
MR PILNE inne  angio;smtorun;0
MR PILNE inne  angio;szpitalsiemiatycze;0
MR PILNE inne  angio;tdallmedica;0
MR PILNE inne  angio;tdcmbatorego;0
MR PILNE inne  angio;tdcrir;0
MR PILNE inne  angio;tdkoszalinmswia;0
MR PILNE inne  angio;tdorzesze;0
MR PILNE inne  angio;tdstalowawola;0
MR PILNE inne  angio;tdtargowek;0
MR PILNE inne  angio;tdzozwola;0
MR PILNE inne  angio;wegorzewo;0
MR PILNE inne  angio;wimed;0
MR PILNE inne  angio;wss5;0
MR PILNE inne  angio;bialogard;0
MR PILNE inne  angio;brodnica;0
MR PILNE inne  angio;brzesko;0
MR PILNE inne  angio;cobydgoszcz;0
MR PILNE inne  angio;dcmdolmed;0
MR PILNE inne  angio;dzierzoniow;0
MR PILNE inne  angio;faceclinic;0
MR PILNE inne  angio;goleniow;0
MR PILNE inne  angio;gorlice;0
MR PILNE inne  angio;grajewo;0
MR PILNE inne  angio;grodzisk;0
MR PILNE inne  angio;kartuzy;0
MR PILNE inne  angio;klodzko;0
MR PILNE inne  angio;lapy;0
MR PILNE inne  angio;lubaczow;0
MR PILNE inne  angio;mswsiedlce;0
MR PILNE inne  angio;nml;0
MR PILNE inne  angio;ostrow;0
MR PILNE inne  angio;pczotwock;0
MR PILNE inne  angio;radiomedica;0
MR PILNE inne  angio;rybnik;0
MR PILNE inne  angio;scanmed;0
MR PILNE inne  angio;sokolow;250
MR PILNE inne  angio;spbochnia;0
MR PILNE inne  angio;spzozlezajsk;0
MR PILNE inne  angio;spzozmc;0
MR PILNE inne  angio;spzozturek;0
MR PILNE inne  angio;spzzozsierpc;0
MR PILNE inne  angio;starachowice;0
MR PILNE inne  angio;swk;0
MR PILNE inne  angio;szpitaldzieciecy;0
MR PILNE inne  angio;szpitallubartow;0
MR PILNE inne  angio;szpitalopole;0
MR PILNE inne  angio;szpitalzakopane;0
MR PILNE inne  angio;szpitalzawiercie;0
MR PILNE inne  angio;tdbelzyce;0
MR PILNE inne  angio;tdbonifratrzy;0
MR PILNE inne  angio;tdbrodnowski;0
MR PILNE inne  angio;tdemcpiaseczno;0
MR PILNE inne  angio;tdgammaknife;0
MR PILNE inne  angio;tdgniezno;0
MR PILNE inne  angio;tdipin;0
MR PILNE inne  angio;tdkluczbork;0
MR PILNE inne  angio;tdkolbuszowa;0
MR PILNE inne  angio;tdksskrakow;0
MR PILNE inne  angio;tdneuromedyka;0
MR PILNE inne  angio;tdnowomedica;0
MR PILNE inne  angio;tdonkologiaradom;0
MR PILNE inne  angio;tdparczew;0
MR PILNE inne  angio;tdpionki;0
MR PILNE inne  angio;tdpraski;0
MR PILNE inne  angio;tdpoludniowy;0
MR PILNE inne  angio;tdpyrzyce;0
MR PILNE inne  angio;tdscanmedak5;0
MR PILNE inne  angio;tdscanmedpila;0
MR PILNE inne  angio;tdsmswinoujscie;0
MR PILNE inne  angio;tdspectrum;0
MR PILNE inne  angio;tdspzozkolo;0
MR PILNE inne  angio;tdspzozsiedlce;0
MR PILNE inne  angio;tdsulechowNOWY;0
MR PILNE inne  angio;tdszpitalchelm;0
MR PILNE inne  angio;tdszpitalkolno;0
MR PILNE inne  angio;tdwszplock;290
MR PILNE inne  angio;tdzoznidzica;0
MR PILNE inne  angio;tdzozplonsk;0
MR PILNE inne  angio;td7szmw;0
MR PILNE inne  angio;tworki;320
MR PILNE inne  angio;uskbialystok;0
MR PILNE inne  angio;uskpoznan;0
MR PILNE inne  angio;wlodawa;0
MR PILNE inne  angio;zambrow;0
MR PILNE inne  angio;zgorzelec;0
MR PILNE inne  angio;zozbiala;0
MR PILNE inne  angio;zozswietochlowice;0
MR PILNE inne  angio;almed;0
MR PILNE inne  angio;dabrowatarnowska;0
MR PILNE inne  angio;grupazdrowie;0
MR PILNE inne  angio;komed;0
MR PILNE inne  angio;poddebice2;0
MR PILNE inne  angio;swp;462,5
MR PILNE inne  angio;puszczykowo;462,5
MR PILNE inne  angio;rodamed;297
MR PILNE inne  angio;sm4gliwice;240
MR PILNE inne  angio;spzozswidnica;0
MR PILNE inne  angio;szpitaljaslo;0
MR PILNE inne  angio;szpitalrydygier;0
MR PILNE inne  angio;tdmilicz;0
MR PILNE inne  angio;tdsuchab;0
MR PILNE inne  angio;tomograf;462,5
MR PILNE inne  angio;wsswroclaw;0
MR PILNE inne  angio;wysmaz;363
MR PILNE inne  angio;zozbol;248,17
MR PILNE inne  angio;zozboleslawiec;248,17
MR PILNE inne  angio;zozsochaczew;0
MR PLANOWE GŁ/KRG PORÓWNAWCZE;alfasochaczew;0
MR PLANOWE GŁ/KRG PORÓWNAWCZE;bimed;0
MR PLANOWE GŁ/KRG PORÓWNAWCZE;diamed;0
MR PLANOWE GŁ/KRG PORÓWNAWCZE;domchojna2;0
MR PLANOWE GŁ/KRG PORÓWNAWCZE;domchojna;0
MR PLANOWE GŁ/KRG PORÓWNAWCZE;gz;0
MR PLANOWE GŁ/KRG PORÓWNAWCZE;gzplonsk;0
MR PLANOWE GŁ/KRG PORÓWNAWCZE;gzszczecin;0
MR PLANOWE GŁ/KRG PORÓWNAWCZE;kamienpomorski;0
MR PLANOWE GŁ/KRG PORÓWNAWCZE;kosmowroclaw;0
MR PLANOWE GŁ/KRG PORÓWNAWCZE;medinet;0
MR PLANOWE GŁ/KRG PORÓWNAWCZE;nrkrakow;0
MR PLANOWE GŁ/KRG PORÓWNAWCZE;nzozevita;0
MR PLANOWE GŁ/KRG PORÓWNAWCZE;powiatsredzki;0
MR PLANOWE GŁ/KRG PORÓWNAWCZE;smtorun;0
MR PLANOWE GŁ/KRG PORÓWNAWCZE;szpitalsiemiatycze;0
MR PLANOWE GŁ/KRG PORÓWNAWCZE;tdallmedica;0
MR PLANOWE GŁ/KRG PORÓWNAWCZE;tdcmbatorego;0
MR PLANOWE GŁ/KRG PORÓWNAWCZE;tdcrir;0
MR PLANOWE GŁ/KRG PORÓWNAWCZE;tdkoszalinmswia;0
MR PLANOWE GŁ/KRG PORÓWNAWCZE;tdorzesze;0
MR PLANOWE GŁ/KRG PORÓWNAWCZE;tdstalowawola;0
MR PLANOWE GŁ/KRG PORÓWNAWCZE;tdtargowek;0
MR PLANOWE GŁ/KRG PORÓWNAWCZE;tdzozwola;0
MR PLANOWE GŁ/KRG PORÓWNAWCZE;wegorzewo;0
MR PLANOWE GŁ/KRG PORÓWNAWCZE;wimed;0
MR PLANOWE GŁ/KRG PORÓWNAWCZE;wss5;0
MR PLANOWE GŁ/KRG PORÓWNAWCZE;bialogard;0
MR PLANOWE GŁ/KRG PORÓWNAWCZE;brodnica;0
MR PLANOWE GŁ/KRG PORÓWNAWCZE;brzesko;0
MR PLANOWE GŁ/KRG PORÓWNAWCZE;cobydgoszcz;0
MR PLANOWE GŁ/KRG PORÓWNAWCZE;dcmdolmed;0
MR PLANOWE GŁ/KRG PORÓWNAWCZE;dzierzoniow;0
MR PLANOWE GŁ/KRG PORÓWNAWCZE;faceclinic;0
MR PLANOWE GŁ/KRG PORÓWNAWCZE;goleniow;0
MR PLANOWE GŁ/KRG PORÓWNAWCZE;gorlice;0
MR PLANOWE GŁ/KRG PORÓWNAWCZE;grajewo;0
MR PLANOWE GŁ/KRG PORÓWNAWCZE;grodzisk;0
MR PLANOWE GŁ/KRG PORÓWNAWCZE;kartuzy;0
MR PLANOWE GŁ/KRG PORÓWNAWCZE;klodzko;0
MR PLANOWE GŁ/KRG PORÓWNAWCZE;lapy;0
MR PLANOWE GŁ/KRG PORÓWNAWCZE;lubaczow;0
MR PLANOWE GŁ/KRG PORÓWNAWCZE;mswsiedlce;0
MR PLANOWE GŁ/KRG PORÓWNAWCZE;nml;0
MR PLANOWE GŁ/KRG PORÓWNAWCZE;ostrow;0
MR PLANOWE GŁ/KRG PORÓWNAWCZE;pczotwock;0
MR PLANOWE GŁ/KRG PORÓWNAWCZE;radiomedica;0
MR PLANOWE GŁ/KRG PORÓWNAWCZE;rybnik;30
MR PLANOWE GŁ/KRG PORÓWNAWCZE;scanmed;0
MR PLANOWE GŁ/KRG PORÓWNAWCZE;sokolow;0
MR PLANOWE GŁ/KRG PORÓWNAWCZE;spbochnia;0
MR PLANOWE GŁ/KRG PORÓWNAWCZE;spzozlezajsk;0
MR PLANOWE GŁ/KRG PORÓWNAWCZE;spzozmc;0
MR PLANOWE GŁ/KRG PORÓWNAWCZE;spzozturek;0
MR PLANOWE GŁ/KRG PORÓWNAWCZE;spzzozsierpc;0
MR PLANOWE GŁ/KRG PORÓWNAWCZE;starachowice;0
MR PLANOWE GŁ/KRG PORÓWNAWCZE;swk;0
MR PLANOWE GŁ/KRG PORÓWNAWCZE;szpitaldzieciecy;0
MR PLANOWE GŁ/KRG PORÓWNAWCZE;szpitallubartow;0
MR PLANOWE GŁ/KRG PORÓWNAWCZE;szpitalopole;0
MR PLANOWE GŁ/KRG PORÓWNAWCZE;szpitalzakopane;0
MR PLANOWE GŁ/KRG PORÓWNAWCZE;szpitalzawiercie;0
MR PLANOWE GŁ/KRG PORÓWNAWCZE;tdbelzyce;0
MR PLANOWE GŁ/KRG PORÓWNAWCZE;tdbonifratrzy;0
MR PLANOWE GŁ/KRG PORÓWNAWCZE;tdbrodnowski;0
MR PLANOWE GŁ/KRG PORÓWNAWCZE;tdemcpiaseczno;0
MR PLANOWE GŁ/KRG PORÓWNAWCZE;tdgammaknife;0
MR PLANOWE GŁ/KRG PORÓWNAWCZE;tdgniezno;0
MR PLANOWE GŁ/KRG PORÓWNAWCZE;tdipin;0
MR PLANOWE GŁ/KRG PORÓWNAWCZE;tdkluczbork;0
MR PLANOWE GŁ/KRG PORÓWNAWCZE;tdkolbuszowa;0
MR PLANOWE GŁ/KRG PORÓWNAWCZE;tdksskrakow;0
MR PLANOWE GŁ/KRG PORÓWNAWCZE;tdneuromedyka;0
MR PLANOWE GŁ/KRG PORÓWNAWCZE;tdnowomedica;0
MR PLANOWE GŁ/KRG PORÓWNAWCZE;tdonkologiaradom;0
MR PLANOWE GŁ/KRG PORÓWNAWCZE;tdparczew;0
MR PLANOWE GŁ/KRG PORÓWNAWCZE;tdpionki;0
MR PLANOWE GŁ/KRG PORÓWNAWCZE;tdpraski;0
MR PLANOWE GŁ/KRG PORÓWNAWCZE;tdpoludniowy;0
MR PLANOWE GŁ/KRG PORÓWNAWCZE;tdpyrzyce;0
MR PLANOWE GŁ/KRG PORÓWNAWCZE;tdscanmedak5;0
MR PLANOWE GŁ/KRG PORÓWNAWCZE;tdscanmedpila;0
MR PLANOWE GŁ/KRG PORÓWNAWCZE;tdsmswinoujscie;0
MR PLANOWE GŁ/KRG PORÓWNAWCZE;tdspectrum;0
MR PLANOWE GŁ/KRG PORÓWNAWCZE;tdspzozkolo;0
MR PLANOWE GŁ/KRG PORÓWNAWCZE;tdspzozsiedlce;150
MR PLANOWE GŁ/KRG PORÓWNAWCZE;tdsulechowNOWY;0
MR PLANOWE GŁ/KRG PORÓWNAWCZE;tdszpitalchelm;0
MR PLANOWE GŁ/KRG PORÓWNAWCZE;tdszpitalkolno;0
MR PLANOWE GŁ/KRG PORÓWNAWCZE;tdwszplock;50
MR PLANOWE GŁ/KRG PORÓWNAWCZE;tdzoznidzica;320
MR PLANOWE GŁ/KRG PORÓWNAWCZE;tdzozplonsk;0
MR PLANOWE GŁ/KRG PORÓWNAWCZE;td7szmw;0
MR PLANOWE GŁ/KRG PORÓWNAWCZE;tworki;0
MR PLANOWE GŁ/KRG PORÓWNAWCZE;uskbialystok;0
MR PLANOWE GŁ/KRG PORÓWNAWCZE;uskpoznan;0
MR PLANOWE GŁ/KRG PORÓWNAWCZE;wlodawa;0
MR PLANOWE GŁ/KRG PORÓWNAWCZE;zambrow;0
MR PLANOWE GŁ/KRG PORÓWNAWCZE;zgorzelec;0
MR PLANOWE GŁ/KRG PORÓWNAWCZE;zozbiala;0
MR PLANOWE GŁ/KRG PORÓWNAWCZE;zozswietochlowice;0
MR PLANOWE GŁ/KRG PORÓWNAWCZE;almed;86
MR PLANOWE GŁ/KRG PORÓWNAWCZE;dabrowatarnowska;0
MR PLANOWE GŁ/KRG PORÓWNAWCZE;grupazdrowie;0
MR PLANOWE GŁ/KRG PORÓWNAWCZE;komed;0
MR PLANOWE GŁ/KRG PORÓWNAWCZE;poddebice2;0
MR PLANOWE GŁ/KRG PORÓWNAWCZE;swp;105
MR PLANOWE GŁ/KRG PORÓWNAWCZE;puszczykowo;105
MR PLANOWE GŁ/KRG PORÓWNAWCZE;rodamed;19
MR PLANOWE GŁ/KRG PORÓWNAWCZE;sm4gliwice;42
MR PLANOWE GŁ/KRG PORÓWNAWCZE;spzozswidnica;0
MR PLANOWE GŁ/KRG PORÓWNAWCZE;szpitaljaslo;0
MR PLANOWE GŁ/KRG PORÓWNAWCZE;szpitalrydygier;42
MR PLANOWE GŁ/KRG PORÓWNAWCZE;tdmilicz;0
MR PLANOWE GŁ/KRG PORÓWNAWCZE;tdsuchab;0
MR PLANOWE GŁ/KRG PORÓWNAWCZE;tomograf;105
MR PLANOWE GŁ/KRG PORÓWNAWCZE;wsswroclaw;52,5
MR PLANOWE GŁ/KRG PORÓWNAWCZE;wysmaz;50
MR PLANOWE GŁ/KRG PORÓWNAWCZE;zozbol;128,72
MR PLANOWE GŁ/KRG PORÓWNAWCZE;zozboleslawiec;128,72
MR PLANOWE GŁ/KRG PORÓWNAWCZE;zozsochaczew;0
MR PLANOWE  stawy PORÓWNAWCZE;alfasochaczew;0
MR PLANOWE  stawy PORÓWNAWCZE;bimed;0
MR PLANOWE  stawy PORÓWNAWCZE;diamed;0
MR PLANOWE  stawy PORÓWNAWCZE;domchojna2;0
MR PLANOWE  stawy PORÓWNAWCZE;domchojna;0
MR PLANOWE  stawy PORÓWNAWCZE;gz;0
MR PLANOWE  stawy PORÓWNAWCZE;gzplonsk;0
MR PLANOWE  stawy PORÓWNAWCZE;gzszczecin;0
MR PLANOWE  stawy PORÓWNAWCZE;kamienpomorski;0
MR PLANOWE  stawy PORÓWNAWCZE;kosmowroclaw;0
MR PLANOWE  stawy PORÓWNAWCZE;medinet;0
MR PLANOWE  stawy PORÓWNAWCZE;nrkrakow;0
MR PLANOWE  stawy PORÓWNAWCZE;nzozevita;0
MR PLANOWE  stawy PORÓWNAWCZE;powiatsredzki;0
MR PLANOWE  stawy PORÓWNAWCZE;smtorun;0
MR PLANOWE  stawy PORÓWNAWCZE;szpitalsiemiatycze;0
MR PLANOWE  stawy PORÓWNAWCZE;tdallmedica;0
MR PLANOWE  stawy PORÓWNAWCZE;tdcmbatorego;0
MR PLANOWE  stawy PORÓWNAWCZE;tdcrir;0
MR PLANOWE  stawy PORÓWNAWCZE;tdkoszalinmswia;0
MR PLANOWE  stawy PORÓWNAWCZE;tdorzesze;0
MR PLANOWE  stawy PORÓWNAWCZE;tdstalowawola;0
MR PLANOWE  stawy PORÓWNAWCZE;tdtargowek;0
MR PLANOWE  stawy PORÓWNAWCZE;tdzozwola;0
MR PLANOWE  stawy PORÓWNAWCZE;wegorzewo;0
MR PLANOWE  stawy PORÓWNAWCZE;wimed;0
MR PLANOWE  stawy PORÓWNAWCZE;wss5;0
MR PLANOWE  stawy PORÓWNAWCZE;bialogard;0
MR PLANOWE  stawy PORÓWNAWCZE;brodnica;0
MR PLANOWE  stawy PORÓWNAWCZE;brzesko;0
MR PLANOWE  stawy PORÓWNAWCZE;cobydgoszcz;0
MR PLANOWE  stawy PORÓWNAWCZE;dcmdolmed;0
MR PLANOWE  stawy PORÓWNAWCZE;dzierzoniow;0
MR PLANOWE  stawy PORÓWNAWCZE;faceclinic;0
MR PLANOWE  stawy PORÓWNAWCZE;goleniow;0
MR PLANOWE  stawy PORÓWNAWCZE;gorlice;0
MR PLANOWE  stawy PORÓWNAWCZE;grajewo;0
MR PLANOWE  stawy PORÓWNAWCZE;grodzisk;0
MR PLANOWE  stawy PORÓWNAWCZE;kartuzy;0
MR PLANOWE  stawy PORÓWNAWCZE;klodzko;0
MR PLANOWE  stawy PORÓWNAWCZE;lapy;0
MR PLANOWE  stawy PORÓWNAWCZE;lubaczow;0
MR PLANOWE  stawy PORÓWNAWCZE;mswsiedlce;0
MR PLANOWE  stawy PORÓWNAWCZE;nml;0
MR PLANOWE  stawy PORÓWNAWCZE;ostrow;0
MR PLANOWE  stawy PORÓWNAWCZE;pczotwock;0
MR PLANOWE  stawy PORÓWNAWCZE;radiomedica;0
MR PLANOWE  stawy PORÓWNAWCZE;rybnik;30
MR PLANOWE  stawy PORÓWNAWCZE;scanmed;0
MR PLANOWE  stawy PORÓWNAWCZE;sokolow;0
MR PLANOWE  stawy PORÓWNAWCZE;spbochnia;0
MR PLANOWE  stawy PORÓWNAWCZE;spzozlezajsk;0
MR PLANOWE  stawy PORÓWNAWCZE;spzozmc;0
MR PLANOWE  stawy PORÓWNAWCZE;spzozturek;0
MR PLANOWE  stawy PORÓWNAWCZE;spzzozsierpc;0
MR PLANOWE  stawy PORÓWNAWCZE;starachowice;0
MR PLANOWE  stawy PORÓWNAWCZE;swk;0
MR PLANOWE  stawy PORÓWNAWCZE;szpitaldzieciecy;0
MR PLANOWE  stawy PORÓWNAWCZE;szpitallubartow;0
MR PLANOWE  stawy PORÓWNAWCZE;szpitalopole;0
MR PLANOWE  stawy PORÓWNAWCZE;szpitalzakopane;0
MR PLANOWE  stawy PORÓWNAWCZE;szpitalzawiercie;0
MR PLANOWE  stawy PORÓWNAWCZE;tdbelzyce;0
MR PLANOWE  stawy PORÓWNAWCZE;tdbonifratrzy;0
MR PLANOWE  stawy PORÓWNAWCZE;tdbrodnowski;0
MR PLANOWE  stawy PORÓWNAWCZE;tdemcpiaseczno;0
MR PLANOWE  stawy PORÓWNAWCZE;tdgammaknife;0
MR PLANOWE  stawy PORÓWNAWCZE;tdgniezno;0
MR PLANOWE  stawy PORÓWNAWCZE;tdipin;0
MR PLANOWE  stawy PORÓWNAWCZE;tdkluczbork;0
MR PLANOWE  stawy PORÓWNAWCZE;tdkolbuszowa;0
MR PLANOWE  stawy PORÓWNAWCZE;tdksskrakow;0
MR PLANOWE  stawy PORÓWNAWCZE;tdneuromedyka;0
MR PLANOWE  stawy PORÓWNAWCZE;tdnowomedica;0
MR PLANOWE  stawy PORÓWNAWCZE;tdonkologiaradom;0
MR PLANOWE  stawy PORÓWNAWCZE;tdparczew;0
MR PLANOWE  stawy PORÓWNAWCZE;tdpionki;0
MR PLANOWE  stawy PORÓWNAWCZE;tdpraski;0
MR PLANOWE  stawy PORÓWNAWCZE;tdpoludniowy;0
MR PLANOWE  stawy PORÓWNAWCZE;tdpyrzyce;0
MR PLANOWE  stawy PORÓWNAWCZE;tdscanmedak5;0
MR PLANOWE  stawy PORÓWNAWCZE;tdscanmedpila;0
MR PLANOWE  stawy PORÓWNAWCZE;tdsmswinoujscie;0
MR PLANOWE  stawy PORÓWNAWCZE;tdspectrum;0
MR PLANOWE  stawy PORÓWNAWCZE;tdspzozkolo;0
MR PLANOWE  stawy PORÓWNAWCZE;tdspzozsiedlce;150
MR PLANOWE  stawy PORÓWNAWCZE;tdsulechowNOWY;0
MR PLANOWE  stawy PORÓWNAWCZE;tdszpitalchelm;0
MR PLANOWE  stawy PORÓWNAWCZE;tdszpitalkolno;0
MR PLANOWE  stawy PORÓWNAWCZE;tdwszplock;50
MR PLANOWE  stawy PORÓWNAWCZE;tdzoznidzica;320
MR PLANOWE  stawy PORÓWNAWCZE;tdzozplonsk;0
MR PLANOWE  stawy PORÓWNAWCZE;td7szmw;0
MR PLANOWE  stawy PORÓWNAWCZE;tworki;0
MR PLANOWE  stawy PORÓWNAWCZE;uskbialystok;0
MR PLANOWE  stawy PORÓWNAWCZE;uskpoznan;0
MR PLANOWE  stawy PORÓWNAWCZE;wlodawa;0
MR PLANOWE  stawy PORÓWNAWCZE;zambrow;0
MR PLANOWE  stawy PORÓWNAWCZE;zgorzelec;0
MR PLANOWE  stawy PORÓWNAWCZE;zozbiala;0
MR PLANOWE  stawy PORÓWNAWCZE;zozswietochlowice;0
MR PLANOWE  stawy PORÓWNAWCZE;almed;104
MR PLANOWE  stawy PORÓWNAWCZE;dabrowatarnowska;0
MR PLANOWE  stawy PORÓWNAWCZE;grupazdrowie;0
MR PLANOWE  stawy PORÓWNAWCZE;komed;0
MR PLANOWE  stawy PORÓWNAWCZE;poddebice2;0
MR PLANOWE  stawy PORÓWNAWCZE;swp;145
MR PLANOWE  stawy PORÓWNAWCZE;puszczykowo;145
MR PLANOWE  stawy PORÓWNAWCZE;rodamed;22
MR PLANOWE  stawy PORÓWNAWCZE;sm4gliwice;58
MR PLANOWE  stawy PORÓWNAWCZE;spzozswidnica;0
MR PLANOWE  stawy PORÓWNAWCZE;szpitaljaslo;0
MR PLANOWE  stawy PORÓWNAWCZE;szpitalrydygier;48
MR PLANOWE  stawy PORÓWNAWCZE;tdmilicz;0
MR PLANOWE  stawy PORÓWNAWCZE;tdsuchab;0
MR PLANOWE  stawy PORÓWNAWCZE;tomograf;145
MR PLANOWE  stawy PORÓWNAWCZE;wsswroclaw;65
MR PLANOWE  stawy PORÓWNAWCZE;wysmaz;65
MR PLANOWE  stawy PORÓWNAWCZE;zozbol;128,72
MR PLANOWE  stawy PORÓWNAWCZE;zozboleslawiec;128,72
MR PLANOWE  stawy PORÓWNAWCZE;zozsochaczew;0
MR PLANOWE  inne PORÓWNAWCZE;alfasochaczew;0
MR PLANOWE  inne PORÓWNAWCZE;bimed;0
MR PLANOWE  inne PORÓWNAWCZE;diamed;0
MR PLANOWE  inne PORÓWNAWCZE;domchojna2;0
MR PLANOWE  inne PORÓWNAWCZE;domchojna;0
MR PLANOWE  inne PORÓWNAWCZE;gz;0
MR PLANOWE  inne PORÓWNAWCZE;gzplonsk;0
MR PLANOWE  inne PORÓWNAWCZE;gzszczecin;0
MR PLANOWE  inne PORÓWNAWCZE;kamienpomorski;0
MR PLANOWE  inne PORÓWNAWCZE;kosmowroclaw;0
MR PLANOWE  inne PORÓWNAWCZE;medinet;0
MR PLANOWE  inne PORÓWNAWCZE;nrkrakow;0
MR PLANOWE  inne PORÓWNAWCZE;nzozevita;0
MR PLANOWE  inne PORÓWNAWCZE;powiatsredzki;0
MR PLANOWE  inne PORÓWNAWCZE;smtorun;0
MR PLANOWE  inne PORÓWNAWCZE;szpitalsiemiatycze;0
MR PLANOWE  inne PORÓWNAWCZE;tdallmedica;0
MR PLANOWE  inne PORÓWNAWCZE;tdcmbatorego;0
MR PLANOWE  inne PORÓWNAWCZE;tdcrir;0
MR PLANOWE  inne PORÓWNAWCZE;tdkoszalinmswia;0
MR PLANOWE  inne PORÓWNAWCZE;tdorzesze;0
MR PLANOWE  inne PORÓWNAWCZE;tdstalowawola;0
MR PLANOWE  inne PORÓWNAWCZE;tdtargowek;0
MR PLANOWE  inne PORÓWNAWCZE;tdzozwola;0
MR PLANOWE  inne PORÓWNAWCZE;wegorzewo;0
MR PLANOWE  inne PORÓWNAWCZE;wimed;0
MR PLANOWE  inne PORÓWNAWCZE;wss5;0
MR PLANOWE  inne PORÓWNAWCZE;bialogard;0
MR PLANOWE  inne PORÓWNAWCZE;brodnica;0
MR PLANOWE  inne PORÓWNAWCZE;brzesko;0
MR PLANOWE  inne PORÓWNAWCZE;cobydgoszcz;0
MR PLANOWE  inne PORÓWNAWCZE;dcmdolmed;0
MR PLANOWE  inne PORÓWNAWCZE;dzierzoniow;0
MR PLANOWE  inne PORÓWNAWCZE;faceclinic;0
MR PLANOWE  inne PORÓWNAWCZE;goleniow;0
MR PLANOWE  inne PORÓWNAWCZE;gorlice;0
MR PLANOWE  inne PORÓWNAWCZE;grajewo;0
MR PLANOWE  inne PORÓWNAWCZE;grodzisk;0
MR PLANOWE  inne PORÓWNAWCZE;kartuzy;0
MR PLANOWE  inne PORÓWNAWCZE;klodzko;0
MR PLANOWE  inne PORÓWNAWCZE;lapy;0
MR PLANOWE  inne PORÓWNAWCZE;lubaczow;0
MR PLANOWE  inne PORÓWNAWCZE;mswsiedlce;0
MR PLANOWE  inne PORÓWNAWCZE;nml;0
MR PLANOWE  inne PORÓWNAWCZE;ostrow;0
MR PLANOWE  inne PORÓWNAWCZE;pczotwock;0
MR PLANOWE  inne PORÓWNAWCZE;radiomedica;0
MR PLANOWE  inne PORÓWNAWCZE;rybnik;30
MR PLANOWE  inne PORÓWNAWCZE;scanmed;0
MR PLANOWE  inne PORÓWNAWCZE;sokolow;0
MR PLANOWE  inne PORÓWNAWCZE;spbochnia;0
MR PLANOWE  inne PORÓWNAWCZE;spzozlezajsk;0
MR PLANOWE  inne PORÓWNAWCZE;spzozmc;0
MR PLANOWE  inne PORÓWNAWCZE;spzozturek;0
MR PLANOWE  inne PORÓWNAWCZE;spzzozsierpc;0
MR PLANOWE  inne PORÓWNAWCZE;starachowice;0
MR PLANOWE  inne PORÓWNAWCZE;swk;0
MR PLANOWE  inne PORÓWNAWCZE;szpitaldzieciecy;0
MR PLANOWE  inne PORÓWNAWCZE;szpitallubartow;0
MR PLANOWE  inne PORÓWNAWCZE;szpitalopole;0
MR PLANOWE  inne PORÓWNAWCZE;szpitalzakopane;0
MR PLANOWE  inne PORÓWNAWCZE;szpitalzawiercie;0
MR PLANOWE  inne PORÓWNAWCZE;tdbelzyce;0
MR PLANOWE  inne PORÓWNAWCZE;tdbonifratrzy;0
MR PLANOWE  inne PORÓWNAWCZE;tdbrodnowski;0
MR PLANOWE  inne PORÓWNAWCZE;tdemcpiaseczno;0
MR PLANOWE  inne PORÓWNAWCZE;tdgammaknife;0
MR PLANOWE  inne PORÓWNAWCZE;tdgniezno;0
MR PLANOWE  inne PORÓWNAWCZE;tdipin;0
MR PLANOWE  inne PORÓWNAWCZE;tdkluczbork;0
MR PLANOWE  inne PORÓWNAWCZE;tdkolbuszowa;0
MR PLANOWE  inne PORÓWNAWCZE;tdksskrakow;0
MR PLANOWE  inne PORÓWNAWCZE;tdneuromedyka;0
MR PLANOWE  inne PORÓWNAWCZE;tdnowomedica;0
MR PLANOWE  inne PORÓWNAWCZE;tdonkologiaradom;0
MR PLANOWE  inne PORÓWNAWCZE;tdparczew;0
MR PLANOWE  inne PORÓWNAWCZE;tdpionki;0
MR PLANOWE  inne PORÓWNAWCZE;tdpraski;0
MR PLANOWE  inne PORÓWNAWCZE;tdpoludniowy;0
MR PLANOWE  inne PORÓWNAWCZE;tdpyrzyce;0
MR PLANOWE  inne PORÓWNAWCZE;tdscanmedak5;0
MR PLANOWE  inne PORÓWNAWCZE;tdscanmedpila;0
MR PLANOWE  inne PORÓWNAWCZE;tdsmswinoujscie;0
MR PLANOWE  inne PORÓWNAWCZE;tdspectrum;0
MR PLANOWE  inne PORÓWNAWCZE;tdspzozkolo;0
MR PLANOWE  inne PORÓWNAWCZE;tdspzozsiedlce;150
MR PLANOWE  inne PORÓWNAWCZE;tdsulechowNOWY;0
MR PLANOWE  inne PORÓWNAWCZE;tdszpitalchelm;0
MR PLANOWE  inne PORÓWNAWCZE;tdszpitalkolno;0
MR PLANOWE  inne PORÓWNAWCZE;tdwszplock;0
MR PLANOWE  inne PORÓWNAWCZE;tdzoznidzica;320
MR PLANOWE  inne PORÓWNAWCZE;tdzozplonsk;0
MR PLANOWE  inne PORÓWNAWCZE;td7szmw;0
MR PLANOWE  inne PORÓWNAWCZE;tworki;0
MR PLANOWE  inne PORÓWNAWCZE;uskbialystok;0
MR PLANOWE  inne PORÓWNAWCZE;uskpoznan;0
MR PLANOWE  inne PORÓWNAWCZE;wlodawa;0
MR PLANOWE  inne PORÓWNAWCZE;zambrow;0
MR PLANOWE  inne PORÓWNAWCZE;zgorzelec;0
MR PLANOWE  inne PORÓWNAWCZE;zozbiala;0
MR PLANOWE  inne PORÓWNAWCZE;zozswietochlowice;0
MR PLANOWE  inne PORÓWNAWCZE;almed;116
MR PLANOWE  inne PORÓWNAWCZE;dabrowatarnowska;0
MR PLANOWE  inne PORÓWNAWCZE;grupazdrowie;0
MR PLANOWE  inne PORÓWNAWCZE;komed;0
MR PLANOWE  inne PORÓWNAWCZE;poddebice2;0
MR PLANOWE  inne PORÓWNAWCZE;swp;160
MR PLANOWE  inne PORÓWNAWCZE;puszczykowo;160
MR PLANOWE  inne PORÓWNAWCZE;rodamed;26
MR PLANOWE  inne PORÓWNAWCZE;sm4gliwice;64
MR PLANOWE  inne PORÓWNAWCZE;spzozswidnica;0
MR PLANOWE  inne PORÓWNAWCZE;szpitaljaslo;0
MR PLANOWE  inne PORÓWNAWCZE;szpitalrydygier;56
MR PLANOWE  inne PORÓWNAWCZE;tdmilicz;0
MR PLANOWE  inne PORÓWNAWCZE;tdsuchab;0
MR PLANOWE  inne PORÓWNAWCZE;tomograf;160
MR PLANOWE  inne PORÓWNAWCZE;wsswroclaw;72,5
MR PLANOWE  inne PORÓWNAWCZE;wysmaz;75
MR PLANOWE  inne PORÓWNAWCZE;zozbol;128,72
MR PLANOWE  inne PORÓWNAWCZE;zozboleslawiec;128,72
MR PLANOWE  inne PORÓWNAWCZE;zozsochaczew;0
MR PILNE GŁ/KRG PORÓWNAWCZE;alfasochaczew;0
MR PILNE GŁ/KRG PORÓWNAWCZE;bimed;0
MR PILNE GŁ/KRG PORÓWNAWCZE;diamed;0
MR PILNE GŁ/KRG PORÓWNAWCZE;domchojna2;0
MR PILNE GŁ/KRG PORÓWNAWCZE;domchojna;0
MR PILNE GŁ/KRG PORÓWNAWCZE;gz;0
MR PILNE GŁ/KRG PORÓWNAWCZE;gzplonsk;0
MR PILNE GŁ/KRG PORÓWNAWCZE;gzszczecin;0
MR PILNE GŁ/KRG PORÓWNAWCZE;kamienpomorski;0
MR PILNE GŁ/KRG PORÓWNAWCZE;kosmowroclaw;0
MR PILNE GŁ/KRG PORÓWNAWCZE;medinet;0
MR PILNE GŁ/KRG PORÓWNAWCZE;nrkrakow;0
MR PILNE GŁ/KRG PORÓWNAWCZE;nzozevita;0
MR PILNE GŁ/KRG PORÓWNAWCZE;powiatsredzki;0
MR PILNE GŁ/KRG PORÓWNAWCZE;smtorun;0
MR PILNE GŁ/KRG PORÓWNAWCZE;szpitalsiemiatycze;0
MR PILNE GŁ/KRG PORÓWNAWCZE;tdallmedica;0
MR PILNE GŁ/KRG PORÓWNAWCZE;tdcmbatorego;0
MR PILNE GŁ/KRG PORÓWNAWCZE;tdcrir;0
MR PILNE GŁ/KRG PORÓWNAWCZE;tdkoszalinmswia;0
MR PILNE GŁ/KRG PORÓWNAWCZE;tdorzesze;0
MR PILNE GŁ/KRG PORÓWNAWCZE;tdstalowawola;0
MR PILNE GŁ/KRG PORÓWNAWCZE;tdtargowek;0
MR PILNE GŁ/KRG PORÓWNAWCZE;tdzozwola;0
MR PILNE GŁ/KRG PORÓWNAWCZE;wegorzewo;0
MR PILNE GŁ/KRG PORÓWNAWCZE;wimed;0
MR PILNE GŁ/KRG PORÓWNAWCZE;wss5;0
MR PILNE GŁ/KRG PORÓWNAWCZE;bialogard;0
MR PILNE GŁ/KRG PORÓWNAWCZE;brodnica;0
MR PILNE GŁ/KRG PORÓWNAWCZE;brzesko;0
MR PILNE GŁ/KRG PORÓWNAWCZE;cobydgoszcz;0
MR PILNE GŁ/KRG PORÓWNAWCZE;dcmdolmed;0
MR PILNE GŁ/KRG PORÓWNAWCZE;dzierzoniow;0
MR PILNE GŁ/KRG PORÓWNAWCZE;faceclinic;0
MR PILNE GŁ/KRG PORÓWNAWCZE;goleniow;0
MR PILNE GŁ/KRG PORÓWNAWCZE;gorlice;0
MR PILNE GŁ/KRG PORÓWNAWCZE;grajewo;0
MR PILNE GŁ/KRG PORÓWNAWCZE;grodzisk;0
MR PILNE GŁ/KRG PORÓWNAWCZE;kartuzy;0
MR PILNE GŁ/KRG PORÓWNAWCZE;klodzko;0
MR PILNE GŁ/KRG PORÓWNAWCZE;lapy;0
MR PILNE GŁ/KRG PORÓWNAWCZE;lubaczow;0
MR PILNE GŁ/KRG PORÓWNAWCZE;mswsiedlce;0
MR PILNE GŁ/KRG PORÓWNAWCZE;nml;0
MR PILNE GŁ/KRG PORÓWNAWCZE;ostrow;0
MR PILNE GŁ/KRG PORÓWNAWCZE;pczotwock;0
MR PILNE GŁ/KRG PORÓWNAWCZE;radiomedica;0
MR PILNE GŁ/KRG PORÓWNAWCZE;rybnik;30
MR PILNE GŁ/KRG PORÓWNAWCZE;scanmed;0
MR PILNE GŁ/KRG PORÓWNAWCZE;sokolow;0
MR PILNE GŁ/KRG PORÓWNAWCZE;spbochnia;0
MR PILNE GŁ/KRG PORÓWNAWCZE;spzozlezajsk;0
MR PILNE GŁ/KRG PORÓWNAWCZE;spzozmc;0
MR PILNE GŁ/KRG PORÓWNAWCZE;spzozturek;0
MR PILNE GŁ/KRG PORÓWNAWCZE;spzzozsierpc;0
MR PILNE GŁ/KRG PORÓWNAWCZE;starachowice;0
MR PILNE GŁ/KRG PORÓWNAWCZE;swk;0
MR PILNE GŁ/KRG PORÓWNAWCZE;szpitaldzieciecy;0
MR PILNE GŁ/KRG PORÓWNAWCZE;szpitallubartow;0
MR PILNE GŁ/KRG PORÓWNAWCZE;szpitalopole;0
MR PILNE GŁ/KRG PORÓWNAWCZE;szpitalzakopane;0
MR PILNE GŁ/KRG PORÓWNAWCZE;szpitalzawiercie;0
MR PILNE GŁ/KRG PORÓWNAWCZE;tdbelzyce;0
MR PILNE GŁ/KRG PORÓWNAWCZE;tdbonifratrzy;0
MR PILNE GŁ/KRG PORÓWNAWCZE;tdbrodnowski;0
MR PILNE GŁ/KRG PORÓWNAWCZE;tdemcpiaseczno;0
MR PILNE GŁ/KRG PORÓWNAWCZE;tdgammaknife;0
MR PILNE GŁ/KRG PORÓWNAWCZE;tdgniezno;0
MR PILNE GŁ/KRG PORÓWNAWCZE;tdipin;0
MR PILNE GŁ/KRG PORÓWNAWCZE;tdkluczbork;0
MR PILNE GŁ/KRG PORÓWNAWCZE;tdkolbuszowa;0
MR PILNE GŁ/KRG PORÓWNAWCZE;tdksskrakow;0
MR PILNE GŁ/KRG PORÓWNAWCZE;tdneuromedyka;0
MR PILNE GŁ/KRG PORÓWNAWCZE;tdnowomedica;0
MR PILNE GŁ/KRG PORÓWNAWCZE;tdonkologiaradom;0
MR PILNE GŁ/KRG PORÓWNAWCZE;tdparczew;0
MR PILNE GŁ/KRG PORÓWNAWCZE;tdpionki;0
MR PILNE GŁ/KRG PORÓWNAWCZE;tdpraski;0
MR PILNE GŁ/KRG PORÓWNAWCZE;tdpoludniowy;0
MR PILNE GŁ/KRG PORÓWNAWCZE;tdpyrzyce;0
MR PILNE GŁ/KRG PORÓWNAWCZE;tdscanmedak5;0
MR PILNE GŁ/KRG PORÓWNAWCZE;tdscanmedpila;0
MR PILNE GŁ/KRG PORÓWNAWCZE;tdsmswinoujscie;0
MR PILNE GŁ/KRG PORÓWNAWCZE;tdspectrum;0
MR PILNE GŁ/KRG PORÓWNAWCZE;tdspzozkolo;0
MR PILNE GŁ/KRG PORÓWNAWCZE;tdspzozsiedlce;150
MR PILNE GŁ/KRG PORÓWNAWCZE;tdsulechowNOWY;0
MR PILNE GŁ/KRG PORÓWNAWCZE;tdszpitalchelm;0
MR PILNE GŁ/KRG PORÓWNAWCZE;tdszpitalkolno;0
MR PILNE GŁ/KRG PORÓWNAWCZE;tdwszplock;0
MR PILNE GŁ/KRG PORÓWNAWCZE;tdzoznidzica;0
MR PILNE GŁ/KRG PORÓWNAWCZE;tdzozplonsk;0
MR PILNE GŁ/KRG PORÓWNAWCZE;td7szmw;0
MR PILNE GŁ/KRG PORÓWNAWCZE;tworki;0
MR PILNE GŁ/KRG PORÓWNAWCZE;uskbialystok;0
MR PILNE GŁ/KRG PORÓWNAWCZE;uskpoznan;0
MR PILNE GŁ/KRG PORÓWNAWCZE;wlodawa;0
MR PILNE GŁ/KRG PORÓWNAWCZE;zambrow;0
MR PILNE GŁ/KRG PORÓWNAWCZE;zgorzelec;0
MR PILNE GŁ/KRG PORÓWNAWCZE;zozbiala;0
MR PILNE GŁ/KRG PORÓWNAWCZE;zozswietochlowice;0
MR PILNE GŁ/KRG PORÓWNAWCZE;almed;0
MR PILNE GŁ/KRG PORÓWNAWCZE;dabrowatarnowska;0
MR PILNE GŁ/KRG PORÓWNAWCZE;grupazdrowie;0
MR PILNE GŁ/KRG PORÓWNAWCZE;komed;0
MR PILNE GŁ/KRG PORÓWNAWCZE;poddebice2;0
MR PILNE GŁ/KRG PORÓWNAWCZE;swp;125
MR PILNE GŁ/KRG PORÓWNAWCZE;puszczykowo;125
MR PILNE GŁ/KRG PORÓWNAWCZE;rodamed;21
MR PILNE GŁ/KRG PORÓWNAWCZE;sm4gliwice;44
MR PILNE GŁ/KRG PORÓWNAWCZE;spzozswidnica;0
MR PILNE GŁ/KRG PORÓWNAWCZE;szpitaljaslo;0
MR PILNE GŁ/KRG PORÓWNAWCZE;szpitalrydygier;0
MR PILNE GŁ/KRG PORÓWNAWCZE;tdmilicz;0
MR PILNE GŁ/KRG PORÓWNAWCZE;tdsuchab;0
MR PILNE GŁ/KRG PORÓWNAWCZE;tomograf;125
MR PILNE GŁ/KRG PORÓWNAWCZE;wsswroclaw;0
MR PILNE GŁ/KRG PORÓWNAWCZE;wysmaz;60
MR PILNE GŁ/KRG PORÓWNAWCZE;zozbol;152,72
MR PILNE GŁ/KRG PORÓWNAWCZE;zozboleslawiec;152,72
MR PILNE GŁ/KRG PORÓWNAWCZE;zozsochaczew;0
MR PILNE stawy PORÓWNAWCZE;alfasochaczew;0
MR PILNE stawy PORÓWNAWCZE;bimed;0
MR PILNE stawy PORÓWNAWCZE;diamed;0
MR PILNE stawy PORÓWNAWCZE;domchojna2;0
MR PILNE stawy PORÓWNAWCZE;domchojna;0
MR PILNE stawy PORÓWNAWCZE;gz;0
MR PILNE stawy PORÓWNAWCZE;gzplonsk;0
MR PILNE stawy PORÓWNAWCZE;gzszczecin;0
MR PILNE stawy PORÓWNAWCZE;kamienpomorski;0
MR PILNE stawy PORÓWNAWCZE;kosmowroclaw;0
MR PILNE stawy PORÓWNAWCZE;medinet;0
MR PILNE stawy PORÓWNAWCZE;nrkrakow;0
MR PILNE stawy PORÓWNAWCZE;nzozevita;0
MR PILNE stawy PORÓWNAWCZE;powiatsredzki;0
MR PILNE stawy PORÓWNAWCZE;smtorun;0
MR PILNE stawy PORÓWNAWCZE;szpitalsiemiatycze;0
MR PILNE stawy PORÓWNAWCZE;tdallmedica;0
MR PILNE stawy PORÓWNAWCZE;tdcmbatorego;0
MR PILNE stawy PORÓWNAWCZE;tdcrir;0
MR PILNE stawy PORÓWNAWCZE;tdkoszalinmswia;0
MR PILNE stawy PORÓWNAWCZE;tdorzesze;0
MR PILNE stawy PORÓWNAWCZE;tdstalowawola;0
MR PILNE stawy PORÓWNAWCZE;tdtargowek;0
MR PILNE stawy PORÓWNAWCZE;tdzozwola;0
MR PILNE stawy PORÓWNAWCZE;wegorzewo;0
MR PILNE stawy PORÓWNAWCZE;wimed;0
MR PILNE stawy PORÓWNAWCZE;wss5;0
MR PILNE stawy PORÓWNAWCZE;bialogard;0
MR PILNE stawy PORÓWNAWCZE;brodnica;0
MR PILNE stawy PORÓWNAWCZE;brzesko;0
MR PILNE stawy PORÓWNAWCZE;cobydgoszcz;0
MR PILNE stawy PORÓWNAWCZE;dcmdolmed;0
MR PILNE stawy PORÓWNAWCZE;dzierzoniow;0
MR PILNE stawy PORÓWNAWCZE;faceclinic;0
MR PILNE stawy PORÓWNAWCZE;goleniow;0
MR PILNE stawy PORÓWNAWCZE;gorlice;0
MR PILNE stawy PORÓWNAWCZE;grajewo;0
MR PILNE stawy PORÓWNAWCZE;grodzisk;0
MR PILNE stawy PORÓWNAWCZE;kartuzy;0
MR PILNE stawy PORÓWNAWCZE;klodzko;0
MR PILNE stawy PORÓWNAWCZE;lapy;0
MR PILNE stawy PORÓWNAWCZE;lubaczow;0
MR PILNE stawy PORÓWNAWCZE;mswsiedlce;0
MR PILNE stawy PORÓWNAWCZE;nml;0
MR PILNE stawy PORÓWNAWCZE;ostrow;0
MR PILNE stawy PORÓWNAWCZE;pczotwock;0
MR PILNE stawy PORÓWNAWCZE;radiomedica;0
MR PILNE stawy PORÓWNAWCZE;rybnik;30
MR PILNE stawy PORÓWNAWCZE;scanmed;0
MR PILNE stawy PORÓWNAWCZE;sokolow;0
MR PILNE stawy PORÓWNAWCZE;spbochnia;0
MR PILNE stawy PORÓWNAWCZE;spzozlezajsk;0
MR PILNE stawy PORÓWNAWCZE;spzozmc;0
MR PILNE stawy PORÓWNAWCZE;spzozturek;0
MR PILNE stawy PORÓWNAWCZE;spzzozsierpc;0
MR PILNE stawy PORÓWNAWCZE;starachowice;0
MR PILNE stawy PORÓWNAWCZE;swk;0
MR PILNE stawy PORÓWNAWCZE;szpitaldzieciecy;0
MR PILNE stawy PORÓWNAWCZE;szpitallubartow;0
MR PILNE stawy PORÓWNAWCZE;szpitalopole;0
MR PILNE stawy PORÓWNAWCZE;szpitalzakopane;0
MR PILNE stawy PORÓWNAWCZE;szpitalzawiercie;0
MR PILNE stawy PORÓWNAWCZE;tdbelzyce;0
MR PILNE stawy PORÓWNAWCZE;tdbonifratrzy;0
MR PILNE stawy PORÓWNAWCZE;tdbrodnowski;0
MR PILNE stawy PORÓWNAWCZE;tdemcpiaseczno;0
MR PILNE stawy PORÓWNAWCZE;tdgammaknife;0
MR PILNE stawy PORÓWNAWCZE;tdgniezno;0
MR PILNE stawy PORÓWNAWCZE;tdipin;0
MR PILNE stawy PORÓWNAWCZE;tdkluczbork;0
MR PILNE stawy PORÓWNAWCZE;tdkolbuszowa;0
MR PILNE stawy PORÓWNAWCZE;tdksskrakow;0
MR PILNE stawy PORÓWNAWCZE;tdneuromedyka;0
MR PILNE stawy PORÓWNAWCZE;tdnowomedica;0
MR PILNE stawy PORÓWNAWCZE;tdonkologiaradom;0
MR PILNE stawy PORÓWNAWCZE;tdparczew;0
MR PILNE stawy PORÓWNAWCZE;tdpionki;0
MR PILNE stawy PORÓWNAWCZE;tdpraski;0
MR PILNE stawy PORÓWNAWCZE;tdpoludniowy;0
MR PILNE stawy PORÓWNAWCZE;tdpyrzyce;0
MR PILNE stawy PORÓWNAWCZE;tdscanmedak5;0
MR PILNE stawy PORÓWNAWCZE;tdscanmedpila;0
MR PILNE stawy PORÓWNAWCZE;tdsmswinoujscie;0
MR PILNE stawy PORÓWNAWCZE;tdspectrum;0
MR PILNE stawy PORÓWNAWCZE;tdspzozkolo;0
MR PILNE stawy PORÓWNAWCZE;tdspzozsiedlce;150
MR PILNE stawy PORÓWNAWCZE;tdsulechowNOWY;0
MR PILNE stawy PORÓWNAWCZE;tdszpitalchelm;0
MR PILNE stawy PORÓWNAWCZE;tdszpitalkolno;0
MR PILNE stawy PORÓWNAWCZE;tdwszplock;0
MR PILNE stawy PORÓWNAWCZE;tdzoznidzica;0
MR PILNE stawy PORÓWNAWCZE;tdzozplonsk;0
MR PILNE stawy PORÓWNAWCZE;td7szmw;0
MR PILNE stawy PORÓWNAWCZE;tworki;0
MR PILNE stawy PORÓWNAWCZE;uskbialystok;0
MR PILNE stawy PORÓWNAWCZE;uskpoznan;0
MR PILNE stawy PORÓWNAWCZE;wlodawa;0
MR PILNE stawy PORÓWNAWCZE;zambrow;0
MR PILNE stawy PORÓWNAWCZE;zgorzelec;0
MR PILNE stawy PORÓWNAWCZE;zozbiala;0
MR PILNE stawy PORÓWNAWCZE;zozswietochlowice;0
MR PILNE stawy PORÓWNAWCZE;almed;0
MR PILNE stawy PORÓWNAWCZE;dabrowatarnowska;0
MR PILNE stawy PORÓWNAWCZE;grupazdrowie;0
MR PILNE stawy PORÓWNAWCZE;komed;0
MR PILNE stawy PORÓWNAWCZE;poddebice2;0
MR PILNE stawy PORÓWNAWCZE;swp;160
MR PILNE stawy PORÓWNAWCZE;puszczykowo;160
MR PILNE stawy PORÓWNAWCZE;rodamed;24
MR PILNE stawy PORÓWNAWCZE;sm4gliwice;62
MR PILNE stawy PORÓWNAWCZE;spzozswidnica;0
MR PILNE stawy PORÓWNAWCZE;szpitaljaslo;0
MR PILNE stawy PORÓWNAWCZE;szpitalrydygier;0
MR PILNE stawy PORÓWNAWCZE;tdmilicz;0
MR PILNE stawy PORÓWNAWCZE;tdsuchab;0
MR PILNE stawy PORÓWNAWCZE;tomograf;160
MR PILNE stawy PORÓWNAWCZE;wsswroclaw;0
MR PILNE stawy PORÓWNAWCZE;wysmaz;70
MR PILNE stawy PORÓWNAWCZE;zozbol;152,72
MR PILNE stawy PORÓWNAWCZE;zozboleslawiec;152,72
MR PILNE stawy PORÓWNAWCZE;zozsochaczew;0
MR PILNE inne PORÓWNAWCZE;alfasochaczew;0
MR PILNE inne PORÓWNAWCZE;bimed;0
MR PILNE inne PORÓWNAWCZE;diamed;0
MR PILNE inne PORÓWNAWCZE;domchojna2;0
MR PILNE inne PORÓWNAWCZE;domchojna;0
MR PILNE inne PORÓWNAWCZE;gz;0
MR PILNE inne PORÓWNAWCZE;gzplonsk;0
MR PILNE inne PORÓWNAWCZE;gzszczecin;0
MR PILNE inne PORÓWNAWCZE;kamienpomorski;0
MR PILNE inne PORÓWNAWCZE;kosmowroclaw;0
MR PILNE inne PORÓWNAWCZE;medinet;0
MR PILNE inne PORÓWNAWCZE;nrkrakow;0
MR PILNE inne PORÓWNAWCZE;nzozevita;0
MR PILNE inne PORÓWNAWCZE;powiatsredzki;0
MR PILNE inne PORÓWNAWCZE;smtorun;0
MR PILNE inne PORÓWNAWCZE;szpitalsiemiatycze;0
MR PILNE inne PORÓWNAWCZE;tdallmedica;0
MR PILNE inne PORÓWNAWCZE;tdcmbatorego;0
MR PILNE inne PORÓWNAWCZE;tdcrir;0
MR PILNE inne PORÓWNAWCZE;tdkoszalinmswia;0
MR PILNE inne PORÓWNAWCZE;tdorzesze;0
MR PILNE inne PORÓWNAWCZE;tdstalowawola;0
MR PILNE inne PORÓWNAWCZE;tdtargowek;0
MR PILNE inne PORÓWNAWCZE;tdzozwola;0
MR PILNE inne PORÓWNAWCZE;wegorzewo;0
MR PILNE inne PORÓWNAWCZE;wimed;0
MR PILNE inne PORÓWNAWCZE;wss5;0
MR PILNE inne PORÓWNAWCZE;bialogard;0
MR PILNE inne PORÓWNAWCZE;brodnica;0
MR PILNE inne PORÓWNAWCZE;brzesko;0
MR PILNE inne PORÓWNAWCZE;cobydgoszcz;0
MR PILNE inne PORÓWNAWCZE;dcmdolmed;0
MR PILNE inne PORÓWNAWCZE;dzierzoniow;0
MR PILNE inne PORÓWNAWCZE;faceclinic;0
MR PILNE inne PORÓWNAWCZE;goleniow;0
MR PILNE inne PORÓWNAWCZE;gorlice;0
MR PILNE inne PORÓWNAWCZE;grajewo;0
MR PILNE inne PORÓWNAWCZE;grodzisk;0
MR PILNE inne PORÓWNAWCZE;kartuzy;0
MR PILNE inne PORÓWNAWCZE;klodzko;0
MR PILNE inne PORÓWNAWCZE;lapy;0
MR PILNE inne PORÓWNAWCZE;lubaczow;0
MR PILNE inne PORÓWNAWCZE;mswsiedlce;0
MR PILNE inne PORÓWNAWCZE;nml;0
MR PILNE inne PORÓWNAWCZE;ostrow;0
MR PILNE inne PORÓWNAWCZE;pczotwock;0
MR PILNE inne PORÓWNAWCZE;radiomedica;0
MR PILNE inne PORÓWNAWCZE;rybnik;30
MR PILNE inne PORÓWNAWCZE;scanmed;0
MR PILNE inne PORÓWNAWCZE;sokolow;0
MR PILNE inne PORÓWNAWCZE;spbochnia;0
MR PILNE inne PORÓWNAWCZE;spzozlezajsk;0
MR PILNE inne PORÓWNAWCZE;spzozmc;0
MR PILNE inne PORÓWNAWCZE;spzozturek;0
MR PILNE inne PORÓWNAWCZE;spzzozsierpc;0
MR PILNE inne PORÓWNAWCZE;starachowice;0
MR PILNE inne PORÓWNAWCZE;swk;0
MR PILNE inne PORÓWNAWCZE;szpitaldzieciecy;0
MR PILNE inne PORÓWNAWCZE;szpitallubartow;0
MR PILNE inne PORÓWNAWCZE;szpitalopole;0
MR PILNE inne PORÓWNAWCZE;szpitalzakopane;0
MR PILNE inne PORÓWNAWCZE;szpitalzawiercie;0
MR PILNE inne PORÓWNAWCZE;tdbelzyce;0
MR PILNE inne PORÓWNAWCZE;tdbonifratrzy;0
MR PILNE inne PORÓWNAWCZE;tdbrodnowski;0
MR PILNE inne PORÓWNAWCZE;tdemcpiaseczno;0
MR PILNE inne PORÓWNAWCZE;tdgammaknife;0
MR PILNE inne PORÓWNAWCZE;tdgniezno;0
MR PILNE inne PORÓWNAWCZE;tdipin;0
MR PILNE inne PORÓWNAWCZE;tdkluczbork;0
MR PILNE inne PORÓWNAWCZE;tdkolbuszowa;0
MR PILNE inne PORÓWNAWCZE;tdksskrakow;0
MR PILNE inne PORÓWNAWCZE;tdneuromedyka;0
MR PILNE inne PORÓWNAWCZE;tdnowomedica;0
MR PILNE inne PORÓWNAWCZE;tdonkologiaradom;0
MR PILNE inne PORÓWNAWCZE;tdparczew;0
MR PILNE inne PORÓWNAWCZE;tdpionki;0
MR PILNE inne PORÓWNAWCZE;tdpraski;0
MR PILNE inne PORÓWNAWCZE;tdpoludniowy;0
MR PILNE inne PORÓWNAWCZE;tdpyrzyce;0
MR PILNE inne PORÓWNAWCZE;tdscanmedak5;0
MR PILNE inne PORÓWNAWCZE;tdscanmedpila;0
MR PILNE inne PORÓWNAWCZE;tdsmswinoujscie;0
MR PILNE inne PORÓWNAWCZE;tdspectrum;0
MR PILNE inne PORÓWNAWCZE;tdspzozkolo;0
MR PILNE inne PORÓWNAWCZE;tdspzozsiedlce;150
MR PILNE inne PORÓWNAWCZE;tdsulechowNOWY;0
MR PILNE inne PORÓWNAWCZE;tdszpitalchelm;0
MR PILNE inne PORÓWNAWCZE;tdszpitalkolno;0
MR PILNE inne PORÓWNAWCZE;tdwszplock;0
MR PILNE inne PORÓWNAWCZE;tdzoznidzica;0
MR PILNE inne PORÓWNAWCZE;tdzozplonsk;0
MR PILNE inne PORÓWNAWCZE;td7szmw;0
MR PILNE inne PORÓWNAWCZE;tworki;0
MR PILNE inne PORÓWNAWCZE;uskbialystok;0
MR PILNE inne PORÓWNAWCZE;uskpoznan;0
MR PILNE inne PORÓWNAWCZE;wlodawa;0
MR PILNE inne PORÓWNAWCZE;zambrow;0
MR PILNE inne PORÓWNAWCZE;zgorzelec;0
MR PILNE inne PORÓWNAWCZE;zozbiala;0
MR PILNE inne PORÓWNAWCZE;zozswietochlowice;0
MR PILNE inne PORÓWNAWCZE;almed;0
MR PILNE inne PORÓWNAWCZE;dabrowatarnowska;0
MR PILNE inne PORÓWNAWCZE;grupazdrowie;0
MR PILNE inne PORÓWNAWCZE;komed;0
MR PILNE inne PORÓWNAWCZE;poddebice2;0
MR PILNE inne PORÓWNAWCZE;swp;185
MR PILNE inne PORÓWNAWCZE;puszczykowo;185
MR PILNE inne PORÓWNAWCZE;rodamed;27
MR PILNE inne PORÓWNAWCZE;sm4gliwice;70
MR PILNE inne PORÓWNAWCZE;spzozswidnica;0
MR PILNE inne PORÓWNAWCZE;szpitaljaslo;0
MR PILNE inne PORÓWNAWCZE;szpitalrydygier;0
MR PILNE inne PORÓWNAWCZE;tdmilicz;0
MR PILNE inne PORÓWNAWCZE;tdsuchab;0
MR PILNE inne PORÓWNAWCZE;tomograf;185
MR PILNE inne PORÓWNAWCZE;wsswroclaw;0
MR PILNE inne PORÓWNAWCZE;wysmaz;82,5
MR PILNE inne PORÓWNAWCZE;zozbol;152,72
MR PILNE inne PORÓWNAWCZE;zozboleslawiec;152,72
MR PILNE inne PORÓWNAWCZE;zozsochaczew;0
MR PLANOWE GŁ/KRG angio PORÓWNAWCZE;alfasochaczew;0
MR PLANOWE GŁ/KRG angio PORÓWNAWCZE;bimed;0
MR PLANOWE GŁ/KRG angio PORÓWNAWCZE;diamed;0
MR PLANOWE GŁ/KRG angio PORÓWNAWCZE;domchojna2;0
MR PLANOWE GŁ/KRG angio PORÓWNAWCZE;domchojna;0
MR PLANOWE GŁ/KRG angio PORÓWNAWCZE;gz;0
MR PLANOWE GŁ/KRG angio PORÓWNAWCZE;gzplonsk;0
MR PLANOWE GŁ/KRG angio PORÓWNAWCZE;gzszczecin;0
MR PLANOWE GŁ/KRG angio PORÓWNAWCZE;kamienpomorski;0
MR PLANOWE GŁ/KRG angio PORÓWNAWCZE;kosmowroclaw;0
MR PLANOWE GŁ/KRG angio PORÓWNAWCZE;medinet;0
MR PLANOWE GŁ/KRG angio PORÓWNAWCZE;nrkrakow;0
MR PLANOWE GŁ/KRG angio PORÓWNAWCZE;nzozevita;0
MR PLANOWE GŁ/KRG angio PORÓWNAWCZE;powiatsredzki;0
MR PLANOWE GŁ/KRG angio PORÓWNAWCZE;smtorun;0
MR PLANOWE GŁ/KRG angio PORÓWNAWCZE;szpitalsiemiatycze;0
MR PLANOWE GŁ/KRG angio PORÓWNAWCZE;tdallmedica;0
MR PLANOWE GŁ/KRG angio PORÓWNAWCZE;tdcmbatorego;0
MR PLANOWE GŁ/KRG angio PORÓWNAWCZE;tdcrir;0
MR PLANOWE GŁ/KRG angio PORÓWNAWCZE;tdkoszalinmswia;0
MR PLANOWE GŁ/KRG angio PORÓWNAWCZE;tdorzesze;0
MR PLANOWE GŁ/KRG angio PORÓWNAWCZE;tdstalowawola;0
MR PLANOWE GŁ/KRG angio PORÓWNAWCZE;tdtargowek;0
MR PLANOWE GŁ/KRG angio PORÓWNAWCZE;tdzozwola;0
MR PLANOWE GŁ/KRG angio PORÓWNAWCZE;wegorzewo;0
MR PLANOWE GŁ/KRG angio PORÓWNAWCZE;wimed;0
MR PLANOWE GŁ/KRG angio PORÓWNAWCZE;wss5;0
MR PLANOWE GŁ/KRG angio PORÓWNAWCZE;bialogard;0
MR PLANOWE GŁ/KRG angio PORÓWNAWCZE;brodnica;0
MR PLANOWE GŁ/KRG angio PORÓWNAWCZE;brzesko;0
MR PLANOWE GŁ/KRG angio PORÓWNAWCZE;cobydgoszcz;0
MR PLANOWE GŁ/KRG angio PORÓWNAWCZE;dcmdolmed;0
MR PLANOWE GŁ/KRG angio PORÓWNAWCZE;dzierzoniow;0
MR PLANOWE GŁ/KRG angio PORÓWNAWCZE;faceclinic;0
MR PLANOWE GŁ/KRG angio PORÓWNAWCZE;goleniow;0
MR PLANOWE GŁ/KRG angio PORÓWNAWCZE;gorlice;0
MR PLANOWE GŁ/KRG angio PORÓWNAWCZE;grajewo;0
MR PLANOWE GŁ/KRG angio PORÓWNAWCZE;grodzisk;0
MR PLANOWE GŁ/KRG angio PORÓWNAWCZE;kartuzy;0
MR PLANOWE GŁ/KRG angio PORÓWNAWCZE;klodzko;0
MR PLANOWE GŁ/KRG angio PORÓWNAWCZE;lapy;0
MR PLANOWE GŁ/KRG angio PORÓWNAWCZE;lubaczow;0
MR PLANOWE GŁ/KRG angio PORÓWNAWCZE;mswsiedlce;0
MR PLANOWE GŁ/KRG angio PORÓWNAWCZE;nml;0
MR PLANOWE GŁ/KRG angio PORÓWNAWCZE;ostrow;0
MR PLANOWE GŁ/KRG angio PORÓWNAWCZE;pczotwock;0
MR PLANOWE GŁ/KRG angio PORÓWNAWCZE;radiomedica;0
MR PLANOWE GŁ/KRG angio PORÓWNAWCZE;rybnik;0
MR PLANOWE GŁ/KRG angio PORÓWNAWCZE;scanmed;0
MR PLANOWE GŁ/KRG angio PORÓWNAWCZE;sokolow;0
MR PLANOWE GŁ/KRG angio PORÓWNAWCZE;spbochnia;0
MR PLANOWE GŁ/KRG angio PORÓWNAWCZE;spzozlezajsk;0
MR PLANOWE GŁ/KRG angio PORÓWNAWCZE;spzozmc;0
MR PLANOWE GŁ/KRG angio PORÓWNAWCZE;spzozturek;0
MR PLANOWE GŁ/KRG angio PORÓWNAWCZE;spzzozsierpc;0
MR PLANOWE GŁ/KRG angio PORÓWNAWCZE;starachowice;0
MR PLANOWE GŁ/KRG angio PORÓWNAWCZE;swk;0
MR PLANOWE GŁ/KRG angio PORÓWNAWCZE;szpitaldzieciecy;0
MR PLANOWE GŁ/KRG angio PORÓWNAWCZE;szpitallubartow;0
MR PLANOWE GŁ/KRG angio PORÓWNAWCZE;szpitalopole;0
MR PLANOWE GŁ/KRG angio PORÓWNAWCZE;szpitalzakopane;0
MR PLANOWE GŁ/KRG angio PORÓWNAWCZE;szpitalzawiercie;0
MR PLANOWE GŁ/KRG angio PORÓWNAWCZE;tdbelzyce;0
MR PLANOWE GŁ/KRG angio PORÓWNAWCZE;tdbonifratrzy;0
MR PLANOWE GŁ/KRG angio PORÓWNAWCZE;tdbrodnowski;0
MR PLANOWE GŁ/KRG angio PORÓWNAWCZE;tdemcpiaseczno;0
MR PLANOWE GŁ/KRG angio PORÓWNAWCZE;tdgammaknife;0
MR PLANOWE GŁ/KRG angio PORÓWNAWCZE;tdgniezno;0
MR PLANOWE GŁ/KRG angio PORÓWNAWCZE;tdipin;0
MR PLANOWE GŁ/KRG angio PORÓWNAWCZE;tdkluczbork;0
MR PLANOWE GŁ/KRG angio PORÓWNAWCZE;tdkolbuszowa;0
MR PLANOWE GŁ/KRG angio PORÓWNAWCZE;tdksskrakow;0
MR PLANOWE GŁ/KRG angio PORÓWNAWCZE;tdneuromedyka;0
MR PLANOWE GŁ/KRG angio PORÓWNAWCZE;tdnowomedica;0
MR PLANOWE GŁ/KRG angio PORÓWNAWCZE;tdonkologiaradom;0
MR PLANOWE GŁ/KRG angio PORÓWNAWCZE;tdparczew;0
MR PLANOWE GŁ/KRG angio PORÓWNAWCZE;tdpionki;0
MR PLANOWE GŁ/KRG angio PORÓWNAWCZE;tdpraski;0
MR PLANOWE GŁ/KRG angio PORÓWNAWCZE;tdpoludniowy;0
MR PLANOWE GŁ/KRG angio PORÓWNAWCZE;tdpyrzyce;0
MR PLANOWE GŁ/KRG angio PORÓWNAWCZE;tdscanmedak5;0
MR PLANOWE GŁ/KRG angio PORÓWNAWCZE;tdscanmedpila;0
MR PLANOWE GŁ/KRG angio PORÓWNAWCZE;tdsmswinoujscie;0
MR PLANOWE GŁ/KRG angio PORÓWNAWCZE;tdspectrum;0
MR PLANOWE GŁ/KRG angio PORÓWNAWCZE;tdspzozkolo;0
MR PLANOWE GŁ/KRG angio PORÓWNAWCZE;tdspzozsiedlce;0
MR PLANOWE GŁ/KRG angio PORÓWNAWCZE;tdsulechowNOWY;0
MR PLANOWE GŁ/KRG angio PORÓWNAWCZE;tdszpitalchelm;0
MR PLANOWE GŁ/KRG angio PORÓWNAWCZE;tdszpitalkolno;0
MR PLANOWE GŁ/KRG angio PORÓWNAWCZE;tdwszplock;50
MR PLANOWE GŁ/KRG angio PORÓWNAWCZE;tdzozplonsk;0
MR PLANOWE GŁ/KRG angio PORÓWNAWCZE;td7szmw;0
MR PLANOWE GŁ/KRG angio PORÓWNAWCZE;tworki;0
MR PLANOWE GŁ/KRG angio PORÓWNAWCZE;uskbialystok;0
MR PLANOWE GŁ/KRG angio PORÓWNAWCZE;uskpoznan;0
MR PLANOWE GŁ/KRG angio PORÓWNAWCZE;wlodawa;0
MR PLANOWE GŁ/KRG angio PORÓWNAWCZE;zambrow;0
MR PLANOWE GŁ/KRG angio PORÓWNAWCZE;zgorzelec;0
MR PLANOWE GŁ/KRG angio PORÓWNAWCZE;zozbiala;0
MR PLANOWE GŁ/KRG angio PORÓWNAWCZE;zozswietochlowice;0
MR PLANOWE GŁ/KRG angio PORÓWNAWCZE;almed;107,5
MR PLANOWE GŁ/KRG angio PORÓWNAWCZE;dabrowatarnowska;0
MR PLANOWE GŁ/KRG angio PORÓWNAWCZE;grupazdrowie;0
MR PLANOWE GŁ/KRG angio PORÓWNAWCZE;komed;0
MR PLANOWE GŁ/KRG angio PORÓWNAWCZE;poddebice2;0
MR PLANOWE GŁ/KRG angio PORÓWNAWCZE;swp;131,25
MR PLANOWE GŁ/KRG angio PORÓWNAWCZE;puszczykowo;131,25
MR PLANOWE GŁ/KRG angio PORÓWNAWCZE;rodamed;20,9
MR PLANOWE GŁ/KRG angio PORÓWNAWCZE;sm4gliwice;46
MR PLANOWE GŁ/KRG angio PORÓWNAWCZE;spzozswidnica;0
MR PLANOWE GŁ/KRG angio PORÓWNAWCZE;szpitaljaslo;0
MR PLANOWE GŁ/KRG angio PORÓWNAWCZE;szpitalrydygier;46,2
MR PLANOWE GŁ/KRG angio PORÓWNAWCZE;tdmilicz;0
MR PLANOWE GŁ/KRG angio PORÓWNAWCZE;tdsuchab;0
MR PLANOWE GŁ/KRG angio PORÓWNAWCZE;tomograf;131,25
MR PLANOWE GŁ/KRG angio PORÓWNAWCZE;wsswroclaw;0
MR PLANOWE GŁ/KRG angio PORÓWNAWCZE;wysmaz;55
MR PLANOWE GŁ/KRG angio PORÓWNAWCZE;zozbol;167,336
MR PLANOWE GŁ/KRG angio PORÓWNAWCZE;zozboleslawiec;167,336
MR PLANOWE GŁ/KRG angio PORÓWNAWCZE;zozsochaczew;0
MR PLANOWE  stawy angio PORÓWNAWCZE;alfasochaczew;0
MR PLANOWE  stawy angio PORÓWNAWCZE;bimed;0
MR PLANOWE  stawy angio PORÓWNAWCZE;diamed;0
MR PLANOWE  stawy angio PORÓWNAWCZE;domchojna2;0
MR PLANOWE  stawy angio PORÓWNAWCZE;domchojna;0
MR PLANOWE  stawy angio PORÓWNAWCZE;gz;0
MR PLANOWE  stawy angio PORÓWNAWCZE;gzplonsk;0
MR PLANOWE  stawy angio PORÓWNAWCZE;gzszczecin;0
MR PLANOWE  stawy angio PORÓWNAWCZE;kamienpomorski;0
MR PLANOWE  stawy angio PORÓWNAWCZE;kosmowroclaw;0
MR PLANOWE  stawy angio PORÓWNAWCZE;medinet;0
MR PLANOWE  stawy angio PORÓWNAWCZE;nrkrakow;0
MR PLANOWE  stawy angio PORÓWNAWCZE;nzozevita;0
MR PLANOWE  stawy angio PORÓWNAWCZE;powiatsredzki;0
MR PLANOWE  stawy angio PORÓWNAWCZE;smtorun;0
MR PLANOWE  stawy angio PORÓWNAWCZE;szpitalsiemiatycze;0
MR PLANOWE  stawy angio PORÓWNAWCZE;tdallmedica;0
MR PLANOWE  stawy angio PORÓWNAWCZE;tdcmbatorego;0
MR PLANOWE  stawy angio PORÓWNAWCZE;tdcrir;0
MR PLANOWE  stawy angio PORÓWNAWCZE;tdkoszalinmswia;0
MR PLANOWE  stawy angio PORÓWNAWCZE;tdorzesze;0
MR PLANOWE  stawy angio PORÓWNAWCZE;tdstalowawola;0
MR PLANOWE  stawy angio PORÓWNAWCZE;tdtargowek;0
MR PLANOWE  stawy angio PORÓWNAWCZE;tdzozwola;0
MR PLANOWE  stawy angio PORÓWNAWCZE;wegorzewo;0
MR PLANOWE  stawy angio PORÓWNAWCZE;wimed;0
MR PLANOWE  stawy angio PORÓWNAWCZE;wss5;0
MR PLANOWE  stawy angio PORÓWNAWCZE;bialogard;0
MR PLANOWE  stawy angio PORÓWNAWCZE;brodnica;0
MR PLANOWE  stawy angio PORÓWNAWCZE;brzesko;0
MR PLANOWE  stawy angio PORÓWNAWCZE;cobydgoszcz;0
MR PLANOWE  stawy angio PORÓWNAWCZE;dcmdolmed;0
MR PLANOWE  stawy angio PORÓWNAWCZE;dzierzoniow;0
MR PLANOWE  stawy angio PORÓWNAWCZE;faceclinic;0
MR PLANOWE  stawy angio PORÓWNAWCZE;goleniow;0
MR PLANOWE  stawy angio PORÓWNAWCZE;gorlice;0
MR PLANOWE  stawy angio PORÓWNAWCZE;grajewo;0
MR PLANOWE  stawy angio PORÓWNAWCZE;grodzisk;0
MR PLANOWE  stawy angio PORÓWNAWCZE;kartuzy;0
MR PLANOWE  stawy angio PORÓWNAWCZE;klodzko;0
MR PLANOWE  stawy angio PORÓWNAWCZE;lapy;0
MR PLANOWE  stawy angio PORÓWNAWCZE;lubaczow;0
MR PLANOWE  stawy angio PORÓWNAWCZE;mswsiedlce;0
MR PLANOWE  stawy angio PORÓWNAWCZE;nml;0
MR PLANOWE  stawy angio PORÓWNAWCZE;ostrow;0
MR PLANOWE  stawy angio PORÓWNAWCZE;pczotwock;0
MR PLANOWE  stawy angio PORÓWNAWCZE;radiomedica;0
MR PLANOWE  stawy angio PORÓWNAWCZE;rybnik;0
MR PLANOWE  stawy angio PORÓWNAWCZE;scanmed;0
MR PLANOWE  stawy angio PORÓWNAWCZE;sokolow;0
MR PLANOWE  stawy angio PORÓWNAWCZE;spbochnia;0
MR PLANOWE  stawy angio PORÓWNAWCZE;spzozlezajsk;0
MR PLANOWE  stawy angio PORÓWNAWCZE;spzozmc;0
MR PLANOWE  stawy angio PORÓWNAWCZE;spzozturek;0
MR PLANOWE  stawy angio PORÓWNAWCZE;spzzozsierpc;0
MR PLANOWE  stawy angio PORÓWNAWCZE;starachowice;0
MR PLANOWE  stawy angio PORÓWNAWCZE;swk;0
MR PLANOWE  stawy angio PORÓWNAWCZE;szpitaldzieciecy;0
MR PLANOWE  stawy angio PORÓWNAWCZE;szpitallubartow;0
MR PLANOWE  stawy angio PORÓWNAWCZE;szpitalopole;0
MR PLANOWE  stawy angio PORÓWNAWCZE;szpitalzakopane;0
MR PLANOWE  stawy angio PORÓWNAWCZE;szpitalzawiercie;0
MR PLANOWE  stawy angio PORÓWNAWCZE;tdbelzyce;0
MR PLANOWE  stawy angio PORÓWNAWCZE;tdbonifratrzy;0
MR PLANOWE  stawy angio PORÓWNAWCZE;tdbrodnowski;0
MR PLANOWE  stawy angio PORÓWNAWCZE;tdemcpiaseczno;0
MR PLANOWE  stawy angio PORÓWNAWCZE;tdgammaknife;0
MR PLANOWE  stawy angio PORÓWNAWCZE;tdgniezno;0
MR PLANOWE  stawy angio PORÓWNAWCZE;tdipin;0
MR PLANOWE  stawy angio PORÓWNAWCZE;tdkluczbork;0
MR PLANOWE  stawy angio PORÓWNAWCZE;tdkolbuszowa;0
MR PLANOWE  stawy angio PORÓWNAWCZE;tdksskrakow;0
MR PLANOWE  stawy angio PORÓWNAWCZE;tdneuromedyka;0
MR PLANOWE  stawy angio PORÓWNAWCZE;tdnowomedica;0
MR PLANOWE  stawy angio PORÓWNAWCZE;tdonkologiaradom;0
MR PLANOWE  stawy angio PORÓWNAWCZE;tdparczew;0
MR PLANOWE  stawy angio PORÓWNAWCZE;tdpionki;0
MR PLANOWE  stawy angio PORÓWNAWCZE;tdpraski;0
MR PLANOWE  stawy angio PORÓWNAWCZE;tdpoludniowy;0
MR PLANOWE  stawy angio PORÓWNAWCZE;tdpyrzyce;0
MR PLANOWE  stawy angio PORÓWNAWCZE;tdscanmedak5;0
MR PLANOWE  stawy angio PORÓWNAWCZE;tdscanmedpila;0
MR PLANOWE  stawy angio PORÓWNAWCZE;tdsmswinoujscie;0
MR PLANOWE  stawy angio PORÓWNAWCZE;tdspectrum;0
MR PLANOWE  stawy angio PORÓWNAWCZE;tdspzozkolo;0
MR PLANOWE  stawy angio PORÓWNAWCZE;tdspzozsiedlce;0
MR PLANOWE  stawy angio PORÓWNAWCZE;tdsulechowNOWY;0
MR PLANOWE  stawy angio PORÓWNAWCZE;tdszpitalchelm;0
MR PLANOWE  stawy angio PORÓWNAWCZE;tdszpitalkolno;0
MR PLANOWE  stawy angio PORÓWNAWCZE;tdwszplock;50
MR PLANOWE  stawy angio PORÓWNAWCZE;tdzoznidzica;0
MR PLANOWE  stawy angio PORÓWNAWCZE;tdzozplonsk;0
MR PLANOWE  stawy angio PORÓWNAWCZE;td7szmw;0
MR PLANOWE  stawy angio PORÓWNAWCZE;tworki;0
MR PLANOWE  stawy angio PORÓWNAWCZE;uskbialystok;0
MR PLANOWE  stawy angio PORÓWNAWCZE;uskpoznan;0
MR PLANOWE  stawy angio PORÓWNAWCZE;wlodawa;0
MR PLANOWE  stawy angio PORÓWNAWCZE;zambrow;0
MR PLANOWE  stawy angio PORÓWNAWCZE;zgorzelec;0
MR PLANOWE  stawy angio PORÓWNAWCZE;zozbiala;0
MR PLANOWE  stawy angio PORÓWNAWCZE;zozswietochlowice;0
MR PLANOWE  stawy angio PORÓWNAWCZE;almed;130
MR PLANOWE  stawy angio PORÓWNAWCZE;dabrowatarnowska;0
MR PLANOWE  stawy angio PORÓWNAWCZE;grupazdrowie;0
MR PLANOWE  stawy angio PORÓWNAWCZE;komed;0
MR PLANOWE  stawy angio PORÓWNAWCZE;poddebice2;0
MR PLANOWE  stawy angio PORÓWNAWCZE;swp;181,25
MR PLANOWE  stawy angio PORÓWNAWCZE;puszczykowo;181,25
MR PLANOWE  stawy angio PORÓWNAWCZE;rodamed;24,2
MR PLANOWE  stawy angio PORÓWNAWCZE;sm4gliwice;46
MR PLANOWE  stawy angio PORÓWNAWCZE;spzozswidnica;0
MR PLANOWE  stawy angio PORÓWNAWCZE;szpitaljaslo;0
MR PLANOWE  stawy angio PORÓWNAWCZE;szpitalrydygier;52,8
MR PLANOWE  stawy angio PORÓWNAWCZE;tdmilicz;0
MR PLANOWE  stawy angio PORÓWNAWCZE;tdsuchab;0
MR PLANOWE  stawy angio PORÓWNAWCZE;tomograf;181,25
MR PLANOWE  stawy angio PORÓWNAWCZE;wsswroclaw;0
MR PLANOWE  stawy angio PORÓWNAWCZE;wysmaz;71,5
MR PLANOWE  stawy angio PORÓWNAWCZE;zozbol;167,336
MR PLANOWE  stawy angio PORÓWNAWCZE;zozboleslawiec;167,336
MR PLANOWE  stawy angio PORÓWNAWCZE;zozsochaczew;0
MR PLANOWE  inne angio PORÓWNAWCZE;alfasochaczew;0
MR PLANOWE  inne angio PORÓWNAWCZE;bimed;0
MR PLANOWE  inne angio PORÓWNAWCZE;diamed;0
MR PLANOWE  inne angio PORÓWNAWCZE;domchojna2;0
MR PLANOWE  inne angio PORÓWNAWCZE;domchojna;0
MR PLANOWE  inne angio PORÓWNAWCZE;gz;0
MR PLANOWE  inne angio PORÓWNAWCZE;gzplonsk;0
MR PLANOWE  inne angio PORÓWNAWCZE;gzszczecin;0
MR PLANOWE  inne angio PORÓWNAWCZE;kamienpomorski;0
MR PLANOWE  inne angio PORÓWNAWCZE;kosmowroclaw;0
MR PLANOWE  inne angio PORÓWNAWCZE;medinet;0
MR PLANOWE  inne angio PORÓWNAWCZE;nrkrakow;0
MR PLANOWE  inne angio PORÓWNAWCZE;nzozevita;0
MR PLANOWE  inne angio PORÓWNAWCZE;powiatsredzki;0
MR PLANOWE  inne angio PORÓWNAWCZE;smtorun;0
MR PLANOWE  inne angio PORÓWNAWCZE;szpitalsiemiatycze;0
MR PLANOWE  inne angio PORÓWNAWCZE;tdallmedica;0
MR PLANOWE  inne angio PORÓWNAWCZE;tdcmbatorego;0
MR PLANOWE  inne angio PORÓWNAWCZE;tdcrir;0
MR PLANOWE  inne angio PORÓWNAWCZE;tdkoszalinmswia;0
MR PLANOWE  inne angio PORÓWNAWCZE;tdorzesze;0
MR PLANOWE  inne angio PORÓWNAWCZE;tdstalowawola;0
MR PLANOWE  inne angio PORÓWNAWCZE;tdtargowek;0
MR PLANOWE  inne angio PORÓWNAWCZE;tdzozwola;0
MR PLANOWE  inne angio PORÓWNAWCZE;wegorzewo;0
MR PLANOWE  inne angio PORÓWNAWCZE;wimed;0
MR PLANOWE  inne angio PORÓWNAWCZE;wss5;0
MR PLANOWE  inne angio PORÓWNAWCZE;bialogard;0
MR PLANOWE  inne angio PORÓWNAWCZE;brodnica;0
MR PLANOWE  inne angio PORÓWNAWCZE;brzesko;0
MR PLANOWE  inne angio PORÓWNAWCZE;cobydgoszcz;0
MR PLANOWE  inne angio PORÓWNAWCZE;dcmdolmed;0
MR PLANOWE  inne angio PORÓWNAWCZE;dzierzoniow;0
MR PLANOWE  inne angio PORÓWNAWCZE;faceclinic;0
MR PLANOWE  inne angio PORÓWNAWCZE;goleniow;0
MR PLANOWE  inne angio PORÓWNAWCZE;gorlice;0
MR PLANOWE  inne angio PORÓWNAWCZE;grajewo;0
MR PLANOWE  inne angio PORÓWNAWCZE;grodzisk;0
MR PLANOWE  inne angio PORÓWNAWCZE;kartuzy;0
MR PLANOWE  inne angio PORÓWNAWCZE;klodzko;0
MR PLANOWE  inne angio PORÓWNAWCZE;lapy;0
MR PLANOWE  inne angio PORÓWNAWCZE;lubaczow;0
MR PLANOWE  inne angio PORÓWNAWCZE;mswsiedlce;0
MR PLANOWE  inne angio PORÓWNAWCZE;nml;0
MR PLANOWE  inne angio PORÓWNAWCZE;ostrow;0
MR PLANOWE  inne angio PORÓWNAWCZE;pczotwock;0
MR PLANOWE  inne angio PORÓWNAWCZE;radiomedica;0
MR PLANOWE  inne angio PORÓWNAWCZE;rybnik;0
MR PLANOWE  inne angio PORÓWNAWCZE;scanmed;0
MR PLANOWE  inne angio PORÓWNAWCZE;sokolow;0
MR PLANOWE  inne angio PORÓWNAWCZE;spbochnia;0
MR PLANOWE  inne angio PORÓWNAWCZE;spzozlezajsk;0
MR PLANOWE  inne angio PORÓWNAWCZE;spzozmc;0
MR PLANOWE  inne angio PORÓWNAWCZE;spzozturek;0
MR PLANOWE  inne angio PORÓWNAWCZE;spzzozsierpc;0
MR PLANOWE  inne angio PORÓWNAWCZE;starachowice;0
MR PLANOWE  inne angio PORÓWNAWCZE;swk;0
MR PLANOWE  inne angio PORÓWNAWCZE;szpitaldzieciecy;0
MR PLANOWE  inne angio PORÓWNAWCZE;szpitallubartow;0
MR PLANOWE  inne angio PORÓWNAWCZE;szpitalopole;0
MR PLANOWE  inne angio PORÓWNAWCZE;szpitalzakopane;0
MR PLANOWE  inne angio PORÓWNAWCZE;szpitalzawiercie;0
MR PLANOWE  inne angio PORÓWNAWCZE;tdbelzyce;0
MR PLANOWE  inne angio PORÓWNAWCZE;tdbonifratrzy;0
MR PLANOWE  inne angio PORÓWNAWCZE;tdbrodnowski;0
MR PLANOWE  inne angio PORÓWNAWCZE;tdemcpiaseczno;0
MR PLANOWE  inne angio PORÓWNAWCZE;tdgammaknife;0
MR PLANOWE  inne angio PORÓWNAWCZE;tdgniezno;0
MR PLANOWE  inne angio PORÓWNAWCZE;tdipin;0
MR PLANOWE  inne angio PORÓWNAWCZE;tdkluczbork;0
MR PLANOWE  inne angio PORÓWNAWCZE;tdkolbuszowa;0
MR PLANOWE  inne angio PORÓWNAWCZE;tdksskrakow;0
MR PLANOWE  inne angio PORÓWNAWCZE;tdneuromedyka;0
MR PLANOWE  inne angio PORÓWNAWCZE;tdnowomedica;0
MR PLANOWE  inne angio PORÓWNAWCZE;tdonkologiaradom;0
MR PLANOWE  inne angio PORÓWNAWCZE;tdparczew;0
MR PLANOWE  inne angio PORÓWNAWCZE;tdpionki;0
MR PLANOWE  inne angio PORÓWNAWCZE;tdpraski;0
MR PLANOWE  inne angio PORÓWNAWCZE;tdpoludniowy;0
MR PLANOWE  inne angio PORÓWNAWCZE;tdpyrzyce;0
MR PLANOWE  inne angio PORÓWNAWCZE;tdscanmedak5;0
MR PLANOWE  inne angio PORÓWNAWCZE;tdscanmedpila;0
MR PLANOWE  inne angio PORÓWNAWCZE;tdsmswinoujscie;0
MR PLANOWE  inne angio PORÓWNAWCZE;tdspectrum;0
MR PLANOWE  inne angio PORÓWNAWCZE;tdspzozkolo;0
MR PLANOWE  inne angio PORÓWNAWCZE;tdspzozsiedlce;0
MR PLANOWE  inne angio PORÓWNAWCZE;tdsulechowNOWY;0
MR PLANOWE  inne angio PORÓWNAWCZE;tdszpitalchelm;0
MR PLANOWE  inne angio PORÓWNAWCZE;tdszpitalkolno;0
MR PLANOWE  inne angio PORÓWNAWCZE;tdwszplock;50
MR PLANOWE  inne angio PORÓWNAWCZE;tdzoznidzica;0
MR PLANOWE  inne angio PORÓWNAWCZE;tdzozplonsk;0
MR PLANOWE  inne angio PORÓWNAWCZE;td7szmw;0
MR PLANOWE  inne angio PORÓWNAWCZE;tworki;0
MR PLANOWE  inne angio PORÓWNAWCZE;uskbialystok;0
MR PLANOWE  inne angio PORÓWNAWCZE;uskpoznan;0
MR PLANOWE  inne angio PORÓWNAWCZE;wlodawa;0
MR PLANOWE  inne angio PORÓWNAWCZE;zambrow;0
MR PLANOWE  inne angio PORÓWNAWCZE;zgorzelec;0
MR PLANOWE  inne angio PORÓWNAWCZE;zozbiala;0
MR PLANOWE  inne angio PORÓWNAWCZE;zozswietochlowice;0
MR PLANOWE  inne angio PORÓWNAWCZE;almed;145
MR PLANOWE  inne angio PORÓWNAWCZE;dabrowatarnowska;0
MR PLANOWE  inne angio PORÓWNAWCZE;grupazdrowie;0
MR PLANOWE  inne angio PORÓWNAWCZE;komed;0
MR PLANOWE  inne angio PORÓWNAWCZE;poddebice2;0
MR PLANOWE  inne angio PORÓWNAWCZE;swp;200
MR PLANOWE  inne angio PORÓWNAWCZE;puszczykowo;200
MR PLANOWE  inne angio PORÓWNAWCZE;rodamed;28,6
MR PLANOWE  inne angio PORÓWNAWCZE;sm4gliwice;46
MR PLANOWE  inne angio PORÓWNAWCZE;spzozswidnica;0
MR PLANOWE  inne angio PORÓWNAWCZE;szpitaljaslo;0
MR PLANOWE  inne angio PORÓWNAWCZE;szpitalrydygier;61,6
MR PLANOWE  inne angio PORÓWNAWCZE;tdmilicz;0
MR PLANOWE  inne angio PORÓWNAWCZE;tdsuchab;0
MR PLANOWE  inne angio PORÓWNAWCZE;tomograf;200
MR PLANOWE  inne angio PORÓWNAWCZE;wsswroclaw;0
MR PLANOWE  inne angio PORÓWNAWCZE;wysmaz;82,5
MR PLANOWE  inne angio PORÓWNAWCZE;zozbol;167,336
MR PLANOWE  inne angio PORÓWNAWCZE;zozboleslawiec;167,336
MR PLANOWE  inne angio PORÓWNAWCZE;zozsochaczew;0
MR PILNE GŁ/KRG angio PORÓWNAWCZE;alfasochaczew;0
MR PILNE GŁ/KRG angio PORÓWNAWCZE;bimed;0
MR PILNE GŁ/KRG angio PORÓWNAWCZE;diamed;0
MR PILNE GŁ/KRG angio PORÓWNAWCZE;domchojna2;0
MR PILNE GŁ/KRG angio PORÓWNAWCZE;domchojna;0
MR PILNE GŁ/KRG angio PORÓWNAWCZE;gz;0
MR PILNE GŁ/KRG angio PORÓWNAWCZE;gzplonsk;0
MR PILNE GŁ/KRG angio PORÓWNAWCZE;gzszczecin;0
MR PILNE GŁ/KRG angio PORÓWNAWCZE;kamienpomorski;0
MR PILNE GŁ/KRG angio PORÓWNAWCZE;kosmowroclaw;0
MR PILNE GŁ/KRG angio PORÓWNAWCZE;medinet;0
MR PILNE GŁ/KRG angio PORÓWNAWCZE;nrkrakow;0
MR PILNE GŁ/KRG angio PORÓWNAWCZE;nzozevita;0
MR PILNE GŁ/KRG angio PORÓWNAWCZE;powiatsredzki;0
MR PILNE GŁ/KRG angio PORÓWNAWCZE;smtorun;0
MR PILNE GŁ/KRG angio PORÓWNAWCZE;szpitalsiemiatycze;0
MR PILNE GŁ/KRG angio PORÓWNAWCZE;tdallmedica;0
MR PILNE GŁ/KRG angio PORÓWNAWCZE;tdcmbatorego;0
MR PILNE GŁ/KRG angio PORÓWNAWCZE;tdcrir;0
MR PILNE GŁ/KRG angio PORÓWNAWCZE;tdkoszalinmswia;0
MR PILNE GŁ/KRG angio PORÓWNAWCZE;tdorzesze;0
MR PILNE GŁ/KRG angio PORÓWNAWCZE;tdstalowawola;0
MR PILNE GŁ/KRG angio PORÓWNAWCZE;tdtargowek;0
MR PILNE GŁ/KRG angio PORÓWNAWCZE;tdzozwola;0
MR PILNE GŁ/KRG angio PORÓWNAWCZE;wegorzewo;0
MR PILNE GŁ/KRG angio PORÓWNAWCZE;wimed;0
MR PILNE GŁ/KRG angio PORÓWNAWCZE;wss5;0
MR PILNE GŁ/KRG angio PORÓWNAWCZE;bialogard;0
MR PILNE GŁ/KRG angio PORÓWNAWCZE;brodnica;0
MR PILNE GŁ/KRG angio PORÓWNAWCZE;brzesko;0
MR PILNE GŁ/KRG angio PORÓWNAWCZE;cobydgoszcz;0
MR PILNE GŁ/KRG angio PORÓWNAWCZE;dcmdolmed;0
MR PILNE GŁ/KRG angio PORÓWNAWCZE;dzierzoniow;0
MR PILNE GŁ/KRG angio PORÓWNAWCZE;faceclinic;0
MR PILNE GŁ/KRG angio PORÓWNAWCZE;goleniow;0
MR PILNE GŁ/KRG angio PORÓWNAWCZE;gorlice;0
MR PILNE GŁ/KRG angio PORÓWNAWCZE;grajewo;0
MR PILNE GŁ/KRG angio PORÓWNAWCZE;grodzisk;0
MR PILNE GŁ/KRG angio PORÓWNAWCZE;kartuzy;0
MR PILNE GŁ/KRG angio PORÓWNAWCZE;klodzko;0
MR PILNE GŁ/KRG angio PORÓWNAWCZE;lapy;0
MR PILNE GŁ/KRG angio PORÓWNAWCZE;lubaczow;0
MR PILNE GŁ/KRG angio PORÓWNAWCZE;mswsiedlce;0
MR PILNE GŁ/KRG angio PORÓWNAWCZE;nml;0
MR PILNE GŁ/KRG angio PORÓWNAWCZE;ostrow;0
MR PILNE GŁ/KRG angio PORÓWNAWCZE;pczotwock;0
MR PILNE GŁ/KRG angio PORÓWNAWCZE;radiomedica;0
MR PILNE GŁ/KRG angio PORÓWNAWCZE;rybnik;0
MR PILNE GŁ/KRG angio PORÓWNAWCZE;scanmed;0
MR PILNE GŁ/KRG angio PORÓWNAWCZE;sokolow;0
MR PILNE GŁ/KRG angio PORÓWNAWCZE;spbochnia;0
MR PILNE GŁ/KRG angio PORÓWNAWCZE;spzozlezajsk;0
MR PILNE GŁ/KRG angio PORÓWNAWCZE;spzozmc;0
MR PILNE GŁ/KRG angio PORÓWNAWCZE;spzozturek;0
MR PILNE GŁ/KRG angio PORÓWNAWCZE;spzzozsierpc;0
MR PILNE GŁ/KRG angio PORÓWNAWCZE;starachowice;0
MR PILNE GŁ/KRG angio PORÓWNAWCZE;swk;0
MR PILNE GŁ/KRG angio PORÓWNAWCZE;szpitaldzieciecy;0
MR PILNE GŁ/KRG angio PORÓWNAWCZE;szpitallubartow;0
MR PILNE GŁ/KRG angio PORÓWNAWCZE;szpitalopole;0
MR PILNE GŁ/KRG angio PORÓWNAWCZE;szpitalzakopane;0
MR PILNE GŁ/KRG angio PORÓWNAWCZE;szpitalzawiercie;0
MR PILNE GŁ/KRG angio PORÓWNAWCZE;tdbelzyce;0
MR PILNE GŁ/KRG angio PORÓWNAWCZE;tdbonifratrzy;0
MR PILNE GŁ/KRG angio PORÓWNAWCZE;tdbrodnowski;0
MR PILNE GŁ/KRG angio PORÓWNAWCZE;tdemcpiaseczno;0
MR PILNE GŁ/KRG angio PORÓWNAWCZE;tdgammaknife;0
MR PILNE GŁ/KRG angio PORÓWNAWCZE;tdgniezno;0
MR PILNE GŁ/KRG angio PORÓWNAWCZE;tdipin;0
MR PILNE GŁ/KRG angio PORÓWNAWCZE;tdkluczbork;0
MR PILNE GŁ/KRG angio PORÓWNAWCZE;tdkolbuszowa;0
MR PILNE GŁ/KRG angio PORÓWNAWCZE;tdksskrakow;0
MR PILNE GŁ/KRG angio PORÓWNAWCZE;tdneuromedyka;0
MR PILNE GŁ/KRG angio PORÓWNAWCZE;tdnowomedica;0
MR PILNE GŁ/KRG angio PORÓWNAWCZE;tdonkologiaradom;0
MR PILNE GŁ/KRG angio PORÓWNAWCZE;tdparczew;0
MR PILNE GŁ/KRG angio PORÓWNAWCZE;tdpionki;0
MR PILNE GŁ/KRG angio PORÓWNAWCZE;tdpraski;0
MR PILNE GŁ/KRG angio PORÓWNAWCZE;tdpoludniowy;0
MR PILNE GŁ/KRG angio PORÓWNAWCZE;tdpyrzyce;0
MR PILNE GŁ/KRG angio PORÓWNAWCZE;tdscanmedak5;0
MR PILNE GŁ/KRG angio PORÓWNAWCZE;tdscanmedpila;0
MR PILNE GŁ/KRG angio PORÓWNAWCZE;tdsmswinoujscie;0
MR PILNE GŁ/KRG angio PORÓWNAWCZE;tdspectrum;0
MR PILNE GŁ/KRG angio PORÓWNAWCZE;tdspzozkolo;0
MR PILNE GŁ/KRG angio PORÓWNAWCZE;tdspzozsiedlce;0
MR PILNE GŁ/KRG angio PORÓWNAWCZE;tdsulechowNOWY;0
MR PILNE GŁ/KRG angio PORÓWNAWCZE;tdszpitalchelm;0
MR PILNE GŁ/KRG angio PORÓWNAWCZE;tdszpitalkolno;0
MR PILNE GŁ/KRG angio PORÓWNAWCZE;tdwszplock;0
MR PILNE GŁ/KRG angio PORÓWNAWCZE;tdzoznidzica;0
MR PILNE GŁ/KRG angio PORÓWNAWCZE;tdzozplonsk;0
MR PILNE GŁ/KRG angio PORÓWNAWCZE;td7szmw;0
MR PILNE GŁ/KRG angio PORÓWNAWCZE;tworki;0
MR PILNE GŁ/KRG angio PORÓWNAWCZE;uskbialystok;0
MR PILNE GŁ/KRG angio PORÓWNAWCZE;uskpoznan;0
MR PILNE GŁ/KRG angio PORÓWNAWCZE;wlodawa;0
MR PILNE GŁ/KRG angio PORÓWNAWCZE;zambrow;0
MR PILNE GŁ/KRG angio PORÓWNAWCZE;zgorzelec;0
MR PILNE GŁ/KRG angio PORÓWNAWCZE;zozbiala;0
MR PILNE GŁ/KRG angio PORÓWNAWCZE;zozswietochlowice;0
MR PILNE GŁ/KRG angio PORÓWNAWCZE;almed;0
MR PILNE GŁ/KRG angio PORÓWNAWCZE;dabrowatarnowska;0
MR PILNE GŁ/KRG angio PORÓWNAWCZE;grupazdrowie;0
MR PILNE GŁ/KRG angio PORÓWNAWCZE;komed;0
MR PILNE GŁ/KRG angio PORÓWNAWCZE;poddebice2;0
MR PILNE GŁ/KRG angio PORÓWNAWCZE;swp;156,25
MR PILNE GŁ/KRG angio PORÓWNAWCZE;puszczykowo;156,25
MR PILNE GŁ/KRG angio PORÓWNAWCZE;rodamed;23,1
MR PILNE GŁ/KRG angio PORÓWNAWCZE;sm4gliwice;48
MR PILNE GŁ/KRG angio PORÓWNAWCZE;spzozswidnica;0
MR PILNE GŁ/KRG angio PORÓWNAWCZE;szpitaljaslo;0
MR PILNE GŁ/KRG angio PORÓWNAWCZE;szpitalrydygier;0
MR PILNE GŁ/KRG angio PORÓWNAWCZE;tdmilicz;0
MR PILNE GŁ/KRG angio PORÓWNAWCZE;tdsuchab;0
MR PILNE GŁ/KRG angio PORÓWNAWCZE;tomograf;156,25
MR PILNE GŁ/KRG angio PORÓWNAWCZE;wsswroclaw;0
MR PILNE GŁ/KRG angio PORÓWNAWCZE;wysmaz;66
MR PILNE GŁ/KRG angio PORÓWNAWCZE;zozbol;198,536
MR PILNE GŁ/KRG angio PORÓWNAWCZE;zozboleslawiec;198,536
MR PILNE GŁ/KRG angio PORÓWNAWCZE;zozsochaczew;0
MR PILNE stawy angio PORÓWNAWCZE;alfasochaczew;0
MR PILNE stawy angio PORÓWNAWCZE;bimed;0
MR PILNE stawy angio PORÓWNAWCZE;diamed;0
MR PILNE stawy angio PORÓWNAWCZE;domchojna2;0
MR PILNE stawy angio PORÓWNAWCZE;domchojna;0
MR PILNE stawy angio PORÓWNAWCZE;gz;0
MR PILNE stawy angio PORÓWNAWCZE;gzplonsk;0
MR PILNE stawy angio PORÓWNAWCZE;gzszczecin;0
MR PILNE stawy angio PORÓWNAWCZE;kamienpomorski;0
MR PILNE stawy angio PORÓWNAWCZE;kosmowroclaw;0
MR PILNE stawy angio PORÓWNAWCZE;medinet;0
MR PILNE stawy angio PORÓWNAWCZE;nrkrakow;0
MR PILNE stawy angio PORÓWNAWCZE;nzozevita;0
MR PILNE stawy angio PORÓWNAWCZE;powiatsredzki;0
MR PILNE stawy angio PORÓWNAWCZE;smtorun;0
MR PILNE stawy angio PORÓWNAWCZE;szpitalsiemiatycze;0
MR PILNE stawy angio PORÓWNAWCZE;tdallmedica;0
MR PILNE stawy angio PORÓWNAWCZE;tdcmbatorego;0
MR PILNE stawy angio PORÓWNAWCZE;tdcrir;0
MR PILNE stawy angio PORÓWNAWCZE;tdkoszalinmswia;0
MR PILNE stawy angio PORÓWNAWCZE;tdorzesze;0
MR PILNE stawy angio PORÓWNAWCZE;tdstalowawola;0
MR PILNE stawy angio PORÓWNAWCZE;tdtargowek;0
MR PILNE stawy angio PORÓWNAWCZE;tdzozwola;0
MR PILNE stawy angio PORÓWNAWCZE;wegorzewo;0
MR PILNE stawy angio PORÓWNAWCZE;wimed;0
MR PILNE stawy angio PORÓWNAWCZE;wss5;0
MR PILNE stawy angio PORÓWNAWCZE;bialogard;0
MR PILNE stawy angio PORÓWNAWCZE;brodnica;0
MR PILNE stawy angio PORÓWNAWCZE;brzesko;0
MR PILNE stawy angio PORÓWNAWCZE;cobydgoszcz;0
MR PILNE stawy angio PORÓWNAWCZE;dcmdolmed;0
MR PILNE stawy angio PORÓWNAWCZE;dzierzoniow;0
MR PILNE stawy angio PORÓWNAWCZE;faceclinic;0
MR PILNE stawy angio PORÓWNAWCZE;goleniow;0
MR PILNE stawy angio PORÓWNAWCZE;gorlice;0
MR PILNE stawy angio PORÓWNAWCZE;grajewo;0
MR PILNE stawy angio PORÓWNAWCZE;grodzisk;0
MR PILNE stawy angio PORÓWNAWCZE;kartuzy;0
MR PILNE stawy angio PORÓWNAWCZE;klodzko;0
MR PILNE stawy angio PORÓWNAWCZE;lapy;0
MR PILNE stawy angio PORÓWNAWCZE;lubaczow;0
MR PILNE stawy angio PORÓWNAWCZE;mswsiedlce;0
MR PILNE stawy angio PORÓWNAWCZE;nml;0
MR PILNE stawy angio PORÓWNAWCZE;ostrow;0
MR PILNE stawy angio PORÓWNAWCZE;pczotwock;0
MR PILNE stawy angio PORÓWNAWCZE;radiomedica;0
MR PILNE stawy angio PORÓWNAWCZE;rybnik;0
MR PILNE stawy angio PORÓWNAWCZE;scanmed;0
MR PILNE stawy angio PORÓWNAWCZE;sokolow;0
MR PILNE stawy angio PORÓWNAWCZE;spbochnia;0
MR PILNE stawy angio PORÓWNAWCZE;spzozlezajsk;0
MR PILNE stawy angio PORÓWNAWCZE;spzozmc;0
MR PILNE stawy angio PORÓWNAWCZE;spzozturek;0
MR PILNE stawy angio PORÓWNAWCZE;spzzozsierpc;0
MR PILNE stawy angio PORÓWNAWCZE;starachowice;0
MR PILNE stawy angio PORÓWNAWCZE;swk;0
MR PILNE stawy angio PORÓWNAWCZE;szpitaldzieciecy;0
MR PILNE stawy angio PORÓWNAWCZE;szpitallubartow;0
MR PILNE stawy angio PORÓWNAWCZE;szpitalopole;0
MR PILNE stawy angio PORÓWNAWCZE;szpitalzakopane;0
MR PILNE stawy angio PORÓWNAWCZE;szpitalzawiercie;0
MR PILNE stawy angio PORÓWNAWCZE;tdbelzyce;0
MR PILNE stawy angio PORÓWNAWCZE;tdbonifratrzy;0
MR PILNE stawy angio PORÓWNAWCZE;tdbrodnowski;0
MR PILNE stawy angio PORÓWNAWCZE;tdemcpiaseczno;0
MR PILNE stawy angio PORÓWNAWCZE;tdgammaknife;0
MR PILNE stawy angio PORÓWNAWCZE;tdgniezno;0
MR PILNE stawy angio PORÓWNAWCZE;tdipin;0
MR PILNE stawy angio PORÓWNAWCZE;tdkluczbork;0
MR PILNE stawy angio PORÓWNAWCZE;tdkolbuszowa;0
MR PILNE stawy angio PORÓWNAWCZE;tdksskrakow;0
MR PILNE stawy angio PORÓWNAWCZE;tdneuromedyka;0
MR PILNE stawy angio PORÓWNAWCZE;tdnowomedica;0
MR PILNE stawy angio PORÓWNAWCZE;tdonkologiaradom;0
MR PILNE stawy angio PORÓWNAWCZE;tdparczew;0
MR PILNE stawy angio PORÓWNAWCZE;tdpionki;0
MR PILNE stawy angio PORÓWNAWCZE;tdpraski;0
MR PILNE stawy angio PORÓWNAWCZE;tdpoludniowy;0
MR PILNE stawy angio PORÓWNAWCZE;tdpyrzyce;0
MR PILNE stawy angio PORÓWNAWCZE;tdscanmedak5;0
MR PILNE stawy angio PORÓWNAWCZE;tdscanmedpila;0
MR PILNE stawy angio PORÓWNAWCZE;tdsmswinoujscie;0
MR PILNE stawy angio PORÓWNAWCZE;tdspectrum;0
MR PILNE stawy angio PORÓWNAWCZE;tdspzozkolo;0
MR PILNE stawy angio PORÓWNAWCZE;tdspzozsiedlce;0
MR PILNE stawy angio PORÓWNAWCZE;tdsulechowNOWY;0
MR PILNE stawy angio PORÓWNAWCZE;tdszpitalchelm;0
MR PILNE stawy angio PORÓWNAWCZE;tdszpitalkolno;0
MR PILNE stawy angio PORÓWNAWCZE;tdwszplock;0
MR PILNE stawy angio PORÓWNAWCZE;tdzoznidzica;0
MR PILNE stawy angio PORÓWNAWCZE;tdzozplonsk;0
MR PILNE stawy angio PORÓWNAWCZE;td7szmw;0
MR PILNE stawy angio PORÓWNAWCZE;tworki;0
MR PILNE stawy angio PORÓWNAWCZE;uskbialystok;0
MR PILNE stawy angio PORÓWNAWCZE;uskpoznan;0
MR PILNE stawy angio PORÓWNAWCZE;wlodawa;0
MR PILNE stawy angio PORÓWNAWCZE;zambrow;0
MR PILNE stawy angio PORÓWNAWCZE;zgorzelec;0
MR PILNE stawy angio PORÓWNAWCZE;zozbiala;0
MR PILNE stawy angio PORÓWNAWCZE;zozswietochlowice;0
MR PILNE stawy angio PORÓWNAWCZE;almed;0
MR PILNE stawy angio PORÓWNAWCZE;dabrowatarnowska;0
MR PILNE stawy angio PORÓWNAWCZE;grupazdrowie;0
MR PILNE stawy angio PORÓWNAWCZE;komed;0
MR PILNE stawy angio PORÓWNAWCZE;poddebice2;0
MR PILNE stawy angio PORÓWNAWCZE;swp;200
MR PILNE stawy angio PORÓWNAWCZE;puszczykowo;200
MR PILNE stawy angio PORÓWNAWCZE;rodamed;26,4
MR PILNE stawy angio PORÓWNAWCZE;sm4gliwice;48
MR PILNE stawy angio PORÓWNAWCZE;spzozswidnica;0
MR PILNE stawy angio PORÓWNAWCZE;szpitaljaslo;0
MR PILNE stawy angio PORÓWNAWCZE;szpitalrydygier;0
MR PILNE stawy angio PORÓWNAWCZE;tdmilicz;0
MR PILNE stawy angio PORÓWNAWCZE;tdsuchab;0
MR PILNE stawy angio PORÓWNAWCZE;tomograf;200
MR PILNE stawy angio PORÓWNAWCZE;wsswroclaw;0
MR PILNE stawy angio PORÓWNAWCZE;wysmaz;77
MR PILNE stawy angio PORÓWNAWCZE;zozbol;198,536
MR PILNE stawy angio PORÓWNAWCZE;zozboleslawiec;198,536
MR PILNE stawy angio PORÓWNAWCZE;zozsochaczew;0
MR PILNE inne  angio PORÓWNAWCZE;alfasochaczew;0
MR PILNE inne  angio PORÓWNAWCZE;bimed;0
MR PILNE inne  angio PORÓWNAWCZE;diamed;0
MR PILNE inne  angio PORÓWNAWCZE;domchojna2;0
MR PILNE inne  angio PORÓWNAWCZE;domchojna;0
MR PILNE inne  angio PORÓWNAWCZE;gz;0
MR PILNE inne  angio PORÓWNAWCZE;gzplonsk;0
MR PILNE inne  angio PORÓWNAWCZE;gzszczecin;0
MR PILNE inne  angio PORÓWNAWCZE;kamienpomorski;0
MR PILNE inne  angio PORÓWNAWCZE;kosmowroclaw;0
MR PILNE inne  angio PORÓWNAWCZE;medinet;0
MR PILNE inne  angio PORÓWNAWCZE;nrkrakow;0
MR PILNE inne  angio PORÓWNAWCZE;nzozevita;0
MR PILNE inne  angio PORÓWNAWCZE;powiatsredzki;0
MR PILNE inne  angio PORÓWNAWCZE;smtorun;0
MR PILNE inne  angio PORÓWNAWCZE;szpitalsiemiatycze;0
MR PILNE inne  angio PORÓWNAWCZE;tdallmedica;0
MR PILNE inne  angio PORÓWNAWCZE;tdcmbatorego;0
MR PILNE inne  angio PORÓWNAWCZE;tdcrir;0
MR PILNE inne  angio PORÓWNAWCZE;tdkoszalinmswia;0
MR PILNE inne  angio PORÓWNAWCZE;tdorzesze;0
MR PILNE inne  angio PORÓWNAWCZE;tdstalowawola;0
MR PILNE inne  angio PORÓWNAWCZE;tdtargowek;0
MR PILNE inne  angio PORÓWNAWCZE;tdzozwola;0
MR PILNE inne  angio PORÓWNAWCZE;wegorzewo;0
MR PILNE inne  angio PORÓWNAWCZE;wimed;0
MR PILNE inne  angio PORÓWNAWCZE;wss5;0
MR PILNE inne  angio PORÓWNAWCZE;bialogard;0
MR PILNE inne  angio PORÓWNAWCZE;brodnica;0
MR PILNE inne  angio PORÓWNAWCZE;brzesko;0
MR PILNE inne  angio PORÓWNAWCZE;cobydgoszcz;0
MR PILNE inne  angio PORÓWNAWCZE;dcmdolmed;0
MR PILNE inne  angio PORÓWNAWCZE;dzierzoniow;0
MR PILNE inne  angio PORÓWNAWCZE;faceclinic;0
MR PILNE inne  angio PORÓWNAWCZE;goleniow;0
MR PILNE inne  angio PORÓWNAWCZE;gorlice;0
MR PILNE inne  angio PORÓWNAWCZE;grajewo;0
MR PILNE inne  angio PORÓWNAWCZE;grodzisk;0
MR PILNE inne  angio PORÓWNAWCZE;kartuzy;0
MR PILNE inne  angio PORÓWNAWCZE;klodzko;0
MR PILNE inne  angio PORÓWNAWCZE;lapy;0
MR PILNE inne  angio PORÓWNAWCZE;lubaczow;0
MR PILNE inne  angio PORÓWNAWCZE;mswsiedlce;0
MR PILNE inne  angio PORÓWNAWCZE;nml;0
MR PILNE inne  angio PORÓWNAWCZE;ostrow;0
MR PILNE inne  angio PORÓWNAWCZE;pczotwock;0
MR PILNE inne  angio PORÓWNAWCZE;radiomedica;0
MR PILNE inne  angio PORÓWNAWCZE;rybnik;0
MR PILNE inne  angio PORÓWNAWCZE;scanmed;0
MR PILNE inne  angio PORÓWNAWCZE;sokolow;0
MR PILNE inne  angio PORÓWNAWCZE;spbochnia;0
MR PILNE inne  angio PORÓWNAWCZE;spzozlezajsk;0
MR PILNE inne  angio PORÓWNAWCZE;spzozmc;0
MR PILNE inne  angio PORÓWNAWCZE;spzozturek;0
MR PILNE inne  angio PORÓWNAWCZE;spzzozsierpc;0
MR PILNE inne  angio PORÓWNAWCZE;starachowice;0
MR PILNE inne  angio PORÓWNAWCZE;swk;0
MR PILNE inne  angio PORÓWNAWCZE;szpitaldzieciecy;0
MR PILNE inne  angio PORÓWNAWCZE;szpitallubartow;0
MR PILNE inne  angio PORÓWNAWCZE;szpitalopole;0
MR PILNE inne  angio PORÓWNAWCZE;szpitalzakopane;0
MR PILNE inne  angio PORÓWNAWCZE;szpitalzawiercie;0
MR PILNE inne  angio PORÓWNAWCZE;tdbelzyce;0
MR PILNE inne  angio PORÓWNAWCZE;tdbonifratrzy;0
MR PILNE inne  angio PORÓWNAWCZE;tdbrodnowski;0
MR PILNE inne  angio PORÓWNAWCZE;tdemcpiaseczno;0
MR PILNE inne  angio PORÓWNAWCZE;tdgammaknife;0
MR PILNE inne  angio PORÓWNAWCZE;tdgniezno;0
MR PILNE inne  angio PORÓWNAWCZE;tdipin;0
MR PILNE inne  angio PORÓWNAWCZE;tdkluczbork;0
MR PILNE inne  angio PORÓWNAWCZE;tdkolbuszowa;0
MR PILNE inne  angio PORÓWNAWCZE;tdksskrakow;0
MR PILNE inne  angio PORÓWNAWCZE;tdneuromedyka;0
MR PILNE inne  angio PORÓWNAWCZE;tdnowomedica;0
MR PILNE inne  angio PORÓWNAWCZE;tdonkologiaradom;0
MR PILNE inne  angio PORÓWNAWCZE;tdparczew;0
MR PILNE inne  angio PORÓWNAWCZE;tdpionki;0
MR PILNE inne  angio PORÓWNAWCZE;tdpraski;0
MR PILNE inne  angio PORÓWNAWCZE;tdpoludniowy;0
MR PILNE inne  angio PORÓWNAWCZE;tdpyrzyce;0
MR PILNE inne  angio PORÓWNAWCZE;tdscanmedak5;0
MR PILNE inne  angio PORÓWNAWCZE;tdscanmedpila;0
MR PILNE inne  angio PORÓWNAWCZE;tdsmswinoujscie;0
MR PILNE inne  angio PORÓWNAWCZE;tdspectrum;0
MR PILNE inne  angio PORÓWNAWCZE;tdspzozkolo;0
MR PILNE inne  angio PORÓWNAWCZE;tdspzozsiedlce;0
MR PILNE inne  angio PORÓWNAWCZE;tdsulechowNOWY;0
MR PILNE inne  angio PORÓWNAWCZE;tdszpitalchelm;0
MR PILNE inne  angio PORÓWNAWCZE;tdszpitalkolno;0
MR PILNE inne  angio PORÓWNAWCZE;tdwszplock;0
MR PILNE inne  angio PORÓWNAWCZE;tdzoznidzica;0
MR PILNE inne  angio PORÓWNAWCZE;tdzozplonsk;0
MR PILNE inne  angio PORÓWNAWCZE;td7szmw;0
MR PILNE inne  angio PORÓWNAWCZE;tworki;0
MR PILNE inne  angio PORÓWNAWCZE;uskbialystok;0
MR PILNE inne  angio PORÓWNAWCZE;uskpoznan;0
MR PILNE inne  angio PORÓWNAWCZE;wlodawa;0
MR PILNE inne  angio PORÓWNAWCZE;zambrow;0
MR PILNE inne  angio PORÓWNAWCZE;zgorzelec;0
MR PILNE inne  angio PORÓWNAWCZE;zozbiala;0
MR PILNE inne  angio PORÓWNAWCZE;zozswietochlowice;0
MR PILNE inne  angio PORÓWNAWCZE;almed;0
MR PILNE inne  angio PORÓWNAWCZE;dabrowatarnowska;0
MR PILNE inne  angio PORÓWNAWCZE;grupazdrowie;0
MR PILNE inne  angio PORÓWNAWCZE;komed;0
MR PILNE inne  angio PORÓWNAWCZE;poddebice2;0
MR PILNE inne  angio PORÓWNAWCZE;swp;231,25
MR PILNE inne  angio PORÓWNAWCZE;puszczykowo;231,25
MR PILNE inne  angio PORÓWNAWCZE;rodamed;29,7
MR PILNE inne  angio PORÓWNAWCZE;sm4gliwice;48
MR PILNE inne  angio PORÓWNAWCZE;spzozswidnica;0
MR PILNE inne  angio PORÓWNAWCZE;szpitaljaslo;0
MR PILNE inne  angio PORÓWNAWCZE;szpitalrydygier;0
MR PILNE inne  angio PORÓWNAWCZE;tdmilicz;0
MR PILNE inne  angio PORÓWNAWCZE;tdsuchab;0
MR PILNE inne  angio PORÓWNAWCZE;tomograf;231,25
MR PILNE inne  angio PORÓWNAWCZE;wsswroclaw;0
MR PILNE inne  angio PORÓWNAWCZE;wysmaz;90,75
MR PILNE inne  angio PORÓWNAWCZE;zozbol;198,536
MR PILNE inne  angio PORÓWNAWCZE;zozboleslawiec;198,536
MR PILNE inne  angio PORÓWNAWCZE;zozsochaczew;0
MR PLANOWE GŁ/KRG ONKO;alfasochaczew;0
MR PLANOWE GŁ/KRG ONKO;bimed;0
MR PLANOWE GŁ/KRG ONKO;diamed;0
MR PLANOWE GŁ/KRG ONKO;domchojna2;0
MR PLANOWE GŁ/KRG ONKO;domchojna;0
MR PLANOWE GŁ/KRG ONKO;gz;0
MR PLANOWE GŁ/KRG ONKO;gzplonsk;0
MR PLANOWE GŁ/KRG ONKO;gzszczecin;0
MR PLANOWE GŁ/KRG ONKO;kamienpomorski;0
MR PLANOWE GŁ/KRG ONKO;kosmowroclaw;0
MR PLANOWE GŁ/KRG ONKO;medinet;0
MR PLANOWE GŁ/KRG ONKO;nrkrakow;0
MR PLANOWE GŁ/KRG ONKO;nzozevita;0
MR PLANOWE GŁ/KRG ONKO;powiatsredzki;0
MR PLANOWE GŁ/KRG ONKO;smtorun;0
MR PLANOWE GŁ/KRG ONKO;szpitalsiemiatycze;0
MR PLANOWE GŁ/KRG ONKO;tdallmedica;0
MR PLANOWE GŁ/KRG ONKO;tdcmbatorego;0
MR PLANOWE GŁ/KRG ONKO;tdcrir;0
MR PLANOWE GŁ/KRG ONKO;tdkoszalinmswia;0
MR PLANOWE GŁ/KRG ONKO;tdorzesze;0
MR PLANOWE GŁ/KRG ONKO;tdstalowawola;0
MR PLANOWE GŁ/KRG ONKO;tdtargowek;0
MR PLANOWE GŁ/KRG ONKO;tdzozwola;0
MR PLANOWE GŁ/KRG ONKO;wegorzewo;0
MR PLANOWE GŁ/KRG ONKO;wimed;0
MR PLANOWE GŁ/KRG ONKO;wss5;0
MR PLANOWE GŁ/KRG ONKO;bialogard;0
MR PLANOWE GŁ/KRG ONKO;brodnica;0
MR PLANOWE GŁ/KRG ONKO;brzesko;0
MR PLANOWE GŁ/KRG ONKO;cobydgoszcz;0
MR PLANOWE GŁ/KRG ONKO;dcmdolmed;0
MR PLANOWE GŁ/KRG ONKO;dzierzoniow;0
MR PLANOWE GŁ/KRG ONKO;faceclinic;0
MR PLANOWE GŁ/KRG ONKO;goleniow;0
MR PLANOWE GŁ/KRG ONKO;gorlice;0
MR PLANOWE GŁ/KRG ONKO;grajewo;0
MR PLANOWE GŁ/KRG ONKO;grodzisk;0
MR PLANOWE GŁ/KRG ONKO;kartuzy;0
MR PLANOWE GŁ/KRG ONKO;klodzko;0
MR PLANOWE GŁ/KRG ONKO;lapy;0
MR PLANOWE GŁ/KRG ONKO;lubaczow;0
MR PLANOWE GŁ/KRG ONKO;mswsiedlce;0
MR PLANOWE GŁ/KRG ONKO;nml;0
MR PLANOWE GŁ/KRG ONKO;ostrow;0
MR PLANOWE GŁ/KRG ONKO;pczotwock;0
MR PLANOWE GŁ/KRG ONKO;radiomedica;0
MR PLANOWE GŁ/KRG ONKO;rybnik;0
MR PLANOWE GŁ/KRG ONKO;scanmed;0
MR PLANOWE GŁ/KRG ONKO;sokolow;0
MR PLANOWE GŁ/KRG ONKO;spbochnia;0
MR PLANOWE GŁ/KRG ONKO;spzozlezajsk;0
MR PLANOWE GŁ/KRG ONKO;spzozmc;0
MR PLANOWE GŁ/KRG ONKO;spzozturek;0
MR PLANOWE GŁ/KRG ONKO;spzzozsierpc;0
MR PLANOWE GŁ/KRG ONKO;starachowice;0
MR PLANOWE GŁ/KRG ONKO;swk;0
MR PLANOWE GŁ/KRG ONKO;szpitaldzieciecy;0
MR PLANOWE GŁ/KRG ONKO;szpitallubartow;0
MR PLANOWE GŁ/KRG ONKO;szpitalopole;0
MR PLANOWE GŁ/KRG ONKO;szpitalzakopane;0
MR PLANOWE GŁ/KRG ONKO;szpitalzawiercie;0
MR PLANOWE GŁ/KRG ONKO;tdbelzyce;0
MR PLANOWE GŁ/KRG ONKO;tdbonifratrzy;0
MR PLANOWE GŁ/KRG ONKO;tdbrodnowski;0
MR PLANOWE GŁ/KRG ONKO;tdemcpiaseczno;0
MR PLANOWE GŁ/KRG ONKO;tdgammaknife;0
MR PLANOWE GŁ/KRG ONKO;tdgniezno;0
MR PLANOWE GŁ/KRG ONKO;tdipin;0
MR PLANOWE GŁ/KRG ONKO;tdkluczbork;0
MR PLANOWE GŁ/KRG ONKO;tdkolbuszowa;0
MR PLANOWE GŁ/KRG ONKO;tdksskrakow;0
MR PLANOWE GŁ/KRG ONKO;tdneuromedyka;0
MR PLANOWE GŁ/KRG ONKO;tdnowomedica;0
MR PLANOWE GŁ/KRG ONKO;tdonkologiaradom;0
MR PLANOWE GŁ/KRG ONKO;tdparczew;0
MR PLANOWE GŁ/KRG ONKO;tdpionki;0
MR PLANOWE GŁ/KRG ONKO;tdpraski;0
MR PLANOWE GŁ/KRG ONKO;tdpoludniowy;0
MR PLANOWE GŁ/KRG ONKO;tdpyrzyce;0
MR PLANOWE GŁ/KRG ONKO;tdscanmedak5;0
MR PLANOWE GŁ/KRG ONKO;tdscanmedpila;0
MR PLANOWE GŁ/KRG ONKO;tdsmswinoujscie;0
MR PLANOWE GŁ/KRG ONKO;tdspectrum;0
MR PLANOWE GŁ/KRG ONKO;tdspzozkolo;0
MR PLANOWE GŁ/KRG ONKO;tdspzozsiedlce;0
MR PLANOWE GŁ/KRG ONKO;tdsulechowNOWY;0
MR PLANOWE GŁ/KRG ONKO;tdszpitalchelm;0
MR PLANOWE GŁ/KRG ONKO;tdszpitalkolno;0
MR PLANOWE GŁ/KRG ONKO;tdwszplock;0
MR PLANOWE GŁ/KRG ONKO;tdzoznidzica;320
MR PLANOWE GŁ/KRG ONKO;tdzozplonsk;0
MR PLANOWE GŁ/KRG ONKO;td7szmw;0
MR PLANOWE GŁ/KRG ONKO;tworki;0
MR PLANOWE GŁ/KRG ONKO;uskbialystok;0
MR PLANOWE GŁ/KRG ONKO;uskpoznan;0
MR PLANOWE GŁ/KRG ONKO;wlodawa;0
MR PLANOWE GŁ/KRG ONKO;zambrow;0
MR PLANOWE GŁ/KRG ONKO;zgorzelec;0
MR PLANOWE GŁ/KRG ONKO;zozbiala;0
MR PLANOWE GŁ/KRG ONKO;zozswietochlowice;0
MR PLANOWE GŁ/KRG ONKO;almed;301
MR PLANOWE GŁ/KRG ONKO;dabrowatarnowska;0
MR PLANOWE GŁ/KRG ONKO;grupazdrowie;0
MR PLANOWE GŁ/KRG ONKO;komed;0
MR PLANOWE GŁ/KRG ONKO;poddebice2;0
MR PLANOWE GŁ/KRG ONKO;swp;315
MR PLANOWE GŁ/KRG ONKO;puszczykowo;315
MR PLANOWE GŁ/KRG ONKO;rodamed;209
MR PLANOWE GŁ/KRG ONKO;sm4gliwice;252
MR PLANOWE GŁ/KRG ONKO;spzozswidnica;0
MR PLANOWE GŁ/KRG ONKO;szpitaljaslo;0
MR PLANOWE GŁ/KRG ONKO;szpitalrydygier;252
MR PLANOWE GŁ/KRG ONKO;tdmilicz;0
MR PLANOWE GŁ/KRG ONKO;tdsuchab;0
MR PLANOWE GŁ/KRG ONKO;tomograf;315
MR PLANOWE GŁ/KRG ONKO;wsswroclaw;262,5
MR PLANOWE GŁ/KRG ONKO;wysmaz;250
MR PLANOWE GŁ/KRG ONKO;zozbol;289,62
MR PLANOWE GŁ/KRG ONKO;zozboleslawiec;289,62
MR PLANOWE GŁ/KRG ONKO;zozsochaczew;0
MR PLANOWE  stawy ONKO;alfasochaczew;0
MR PLANOWE  stawy ONKO;bimed;0
MR PLANOWE  stawy ONKO;diamed;0
MR PLANOWE  stawy ONKO;domchojna2;0
MR PLANOWE  stawy ONKO;domchojna;0
MR PLANOWE  stawy ONKO;gz;0
MR PLANOWE  stawy ONKO;gzplonsk;0
MR PLANOWE  stawy ONKO;gzszczecin;0
MR PLANOWE  stawy ONKO;kamienpomorski;0
MR PLANOWE  stawy ONKO;kosmowroclaw;0
MR PLANOWE  stawy ONKO;medinet;0
MR PLANOWE  stawy ONKO;nrkrakow;0
MR PLANOWE  stawy ONKO;nzozevita;0
MR PLANOWE  stawy ONKO;powiatsredzki;0
MR PLANOWE  stawy ONKO;smtorun;0
MR PLANOWE  stawy ONKO;szpitalsiemiatycze;0
MR PLANOWE  stawy ONKO;tdallmedica;0
MR PLANOWE  stawy ONKO;tdcmbatorego;0
MR PLANOWE  stawy ONKO;tdcrir;0
MR PLANOWE  stawy ONKO;tdkoszalinmswia;0
MR PLANOWE  stawy ONKO;tdorzesze;0
MR PLANOWE  stawy ONKO;tdstalowawola;0
MR PLANOWE  stawy ONKO;tdtargowek;0
MR PLANOWE  stawy ONKO;tdzozwola;0
MR PLANOWE  stawy ONKO;wegorzewo;0
MR PLANOWE  stawy ONKO;wimed;0
MR PLANOWE  stawy ONKO;wss5;0
MR PLANOWE  stawy ONKO;bialogard;0
MR PLANOWE  stawy ONKO;brodnica;0
MR PLANOWE  stawy ONKO;brzesko;0
MR PLANOWE  stawy ONKO;cobydgoszcz;0
MR PLANOWE  stawy ONKO;dcmdolmed;0
MR PLANOWE  stawy ONKO;dzierzoniow;0
MR PLANOWE  stawy ONKO;faceclinic;0
MR PLANOWE  stawy ONKO;goleniow;0
MR PLANOWE  stawy ONKO;gorlice;0
MR PLANOWE  stawy ONKO;grajewo;0
MR PLANOWE  stawy ONKO;grodzisk;0
MR PLANOWE  stawy ONKO;kartuzy;0
MR PLANOWE  stawy ONKO;klodzko;0
MR PLANOWE  stawy ONKO;lapy;0
MR PLANOWE  stawy ONKO;lubaczow;0
MR PLANOWE  stawy ONKO;mswsiedlce;0
MR PLANOWE  stawy ONKO;nml;0
MR PLANOWE  stawy ONKO;ostrow;0
MR PLANOWE  stawy ONKO;pczotwock;0
MR PLANOWE  stawy ONKO;radiomedica;0
MR PLANOWE  stawy ONKO;rybnik;0
MR PLANOWE  stawy ONKO;scanmed;0
MR PLANOWE  stawy ONKO;sokolow;0
MR PLANOWE  stawy ONKO;spbochnia;0
MR PLANOWE  stawy ONKO;spzozlezajsk;0
MR PLANOWE  stawy ONKO;spzozmc;0
MR PLANOWE  stawy ONKO;spzozturek;0
MR PLANOWE  stawy ONKO;spzzozsierpc;0
MR PLANOWE  stawy ONKO;starachowice;0
MR PLANOWE  stawy ONKO;swk;0
MR PLANOWE  stawy ONKO;szpitaldzieciecy;0
MR PLANOWE  stawy ONKO;szpitallubartow;0
MR PLANOWE  stawy ONKO;szpitalopole;0
MR PLANOWE  stawy ONKO;szpitalzakopane;0
MR PLANOWE  stawy ONKO;szpitalzawiercie;0
MR PLANOWE  stawy ONKO;tdbelzyce;0
MR PLANOWE  stawy ONKO;tdbonifratrzy;0
MR PLANOWE  stawy ONKO;tdbrodnowski;0
MR PLANOWE  stawy ONKO;tdemcpiaseczno;0
MR PLANOWE  stawy ONKO;tdgammaknife;0
MR PLANOWE  stawy ONKO;tdgniezno;0
MR PLANOWE  stawy ONKO;tdipin;0
MR PLANOWE  stawy ONKO;tdkluczbork;0
MR PLANOWE  stawy ONKO;tdkolbuszowa;0
MR PLANOWE  stawy ONKO;tdksskrakow;0
MR PLANOWE  stawy ONKO;tdneuromedyka;0
MR PLANOWE  stawy ONKO;tdnowomedica;0
MR PLANOWE  stawy ONKO;tdonkologiaradom;0
MR PLANOWE  stawy ONKO;tdparczew;0
MR PLANOWE  stawy ONKO;tdpionki;0
MR PLANOWE  stawy ONKO;tdpraski;0
MR PLANOWE  stawy ONKO;tdpoludniowy;0
MR PLANOWE  stawy ONKO;tdpyrzyce;0
MR PLANOWE  stawy ONKO;tdscanmedak5;0
MR PLANOWE  stawy ONKO;tdscanmedpila;0
MR PLANOWE  stawy ONKO;tdsmswinoujscie;0
MR PLANOWE  stawy ONKO;tdspectrum;0
MR PLANOWE  stawy ONKO;tdspzozkolo;0
MR PLANOWE  stawy ONKO;tdspzozsiedlce;0
MR PLANOWE  stawy ONKO;tdsulechowNOWY;0
MR PLANOWE  stawy ONKO;tdszpitalchelm;0
MR PLANOWE  stawy ONKO;tdszpitalkolno;0
MR PLANOWE  stawy ONKO;tdwszplock;0
MR PLANOWE  stawy ONKO;tdzoznidzica;320
MR PLANOWE  stawy ONKO;tdzozplonsk;0
MR PLANOWE  stawy ONKO;td7szmw;0
MR PLANOWE  stawy ONKO;tworki;0
MR PLANOWE  stawy ONKO;uskbialystok;0
MR PLANOWE  stawy ONKO;uskpoznan;0
MR PLANOWE  stawy ONKO;wlodawa;0
MR PLANOWE  stawy ONKO;zambrow;0
MR PLANOWE  stawy ONKO;zgorzelec;0
MR PLANOWE  stawy ONKO;zozbiala;0
MR PLANOWE  stawy ONKO;zozswietochlowice;0
MR PLANOWE  stawy ONKO;almed;364
MR PLANOWE  stawy ONKO;dabrowatarnowska;0
MR PLANOWE  stawy ONKO;grupazdrowie;0
MR PLANOWE  stawy ONKO;komed;0
MR PLANOWE  stawy ONKO;poddebice2;0
MR PLANOWE  stawy ONKO;swp;435
MR PLANOWE  stawy ONKO;puszczykowo;435
MR PLANOWE  stawy ONKO;rodamed;242
MR PLANOWE  stawy ONKO;sm4gliwice;348
MR PLANOWE  stawy ONKO;spzozswidnica;0
MR PLANOWE  stawy ONKO;szpitaljaslo;0
MR PLANOWE  stawy ONKO;szpitalrydygier;288
MR PLANOWE  stawy ONKO;tdmilicz;0
MR PLANOWE  stawy ONKO;tdsuchab;0
MR PLANOWE  stawy ONKO;tomograf;435
MR PLANOWE  stawy ONKO;wsswroclaw;325
MR PLANOWE  stawy ONKO;wysmaz;325
MR PLANOWE  stawy ONKO;zozbol;289,62
MR PLANOWE  stawy ONKO;zozboleslawiec;289,62
MR PLANOWE  stawy ONKO;zozsochaczew;0
MR PLANOWE  inne ONKO;alfasochaczew;0
MR PLANOWE  inne ONKO;bimed;0
MR PLANOWE  inne ONKO;diamed;0
MR PLANOWE  inne ONKO;domchojna2;0
MR PLANOWE  inne ONKO;domchojna;0
MR PLANOWE  inne ONKO;gz;0
MR PLANOWE  inne ONKO;gzplonsk;0
MR PLANOWE  inne ONKO;gzszczecin;0
MR PLANOWE  inne ONKO;kamienpomorski;0
MR PLANOWE  inne ONKO;kosmowroclaw;0
MR PLANOWE  inne ONKO;medinet;0
MR PLANOWE  inne ONKO;nrkrakow;0
MR PLANOWE  inne ONKO;nzozevita;0
MR PLANOWE  inne ONKO;powiatsredzki;0
MR PLANOWE  inne ONKO;smtorun;0
MR PLANOWE  inne ONKO;szpitalsiemiatycze;0
MR PLANOWE  inne ONKO;tdallmedica;0
MR PLANOWE  inne ONKO;tdcmbatorego;0
MR PLANOWE  inne ONKO;tdcrir;0
MR PLANOWE  inne ONKO;tdkoszalinmswia;0
MR PLANOWE  inne ONKO;tdorzesze;0
MR PLANOWE  inne ONKO;tdstalowawola;0
MR PLANOWE  inne ONKO;tdtargowek;0
MR PLANOWE  inne ONKO;tdzozwola;0
MR PLANOWE  inne ONKO;wegorzewo;0
MR PLANOWE  inne ONKO;wimed;0
MR PLANOWE  inne ONKO;wss5;0
MR PLANOWE  inne ONKO;bialogard;0
MR PLANOWE  inne ONKO;brodnica;0
MR PLANOWE  inne ONKO;brzesko;0
MR PLANOWE  inne ONKO;cobydgoszcz;0
MR PLANOWE  inne ONKO;dcmdolmed;0
MR PLANOWE  inne ONKO;dzierzoniow;0
MR PLANOWE  inne ONKO;faceclinic;0
MR PLANOWE  inne ONKO;goleniow;0
MR PLANOWE  inne ONKO;gorlice;0
MR PLANOWE  inne ONKO;grajewo;0
MR PLANOWE  inne ONKO;grodzisk;0
MR PLANOWE  inne ONKO;kartuzy;0
MR PLANOWE  inne ONKO;klodzko;0
MR PLANOWE  inne ONKO;lapy;0
MR PLANOWE  inne ONKO;lubaczow;0
MR PLANOWE  inne ONKO;mswsiedlce;0
MR PLANOWE  inne ONKO;nml;0
MR PLANOWE  inne ONKO;ostrow;0
MR PLANOWE  inne ONKO;pczotwock;0
MR PLANOWE  inne ONKO;radiomedica;0
MR PLANOWE  inne ONKO;rybnik;0
MR PLANOWE  inne ONKO;scanmed;0
MR PLANOWE  inne ONKO;sokolow;0
MR PLANOWE  inne ONKO;spbochnia;0
MR PLANOWE  inne ONKO;spzozlezajsk;0
MR PLANOWE  inne ONKO;spzozmc;0
MR PLANOWE  inne ONKO;spzozturek;0
MR PLANOWE  inne ONKO;spzzozsierpc;0
MR PLANOWE  inne ONKO;starachowice;0
MR PLANOWE  inne ONKO;swk;0
MR PLANOWE  inne ONKO;szpitaldzieciecy;0
MR PLANOWE  inne ONKO;szpitallubartow;0
MR PLANOWE  inne ONKO;szpitalopole;0
MR PLANOWE  inne ONKO;szpitalzakopane;0
MR PLANOWE  inne ONKO;szpitalzawiercie;0
MR PLANOWE  inne ONKO;tdbelzyce;0
MR PLANOWE  inne ONKO;tdbonifratrzy;0
MR PLANOWE  inne ONKO;tdbrodnowski;0
MR PLANOWE  inne ONKO;tdemcpiaseczno;0
MR PLANOWE  inne ONKO;tdgammaknife;0
MR PLANOWE  inne ONKO;tdgniezno;0
MR PLANOWE  inne ONKO;tdipin;0
MR PLANOWE  inne ONKO;tdkluczbork;0
MR PLANOWE  inne ONKO;tdkolbuszowa;0
MR PLANOWE  inne ONKO;tdksskrakow;0
MR PLANOWE  inne ONKO;tdneuromedyka;0
MR PLANOWE  inne ONKO;tdnowomedica;0
MR PLANOWE  inne ONKO;tdonkologiaradom;0
MR PLANOWE  inne ONKO;tdparczew;0
MR PLANOWE  inne ONKO;tdpionki;0
MR PLANOWE  inne ONKO;tdpraski;0
MR PLANOWE  inne ONKO;tdpoludniowy;0
MR PLANOWE  inne ONKO;tdpyrzyce;0
MR PLANOWE  inne ONKO;tdscanmedak5;0
MR PLANOWE  inne ONKO;tdscanmedpila;0
MR PLANOWE  inne ONKO;tdsmswinoujscie;0
MR PLANOWE  inne ONKO;tdspectrum;0
MR PLANOWE  inne ONKO;tdspzozkolo;0
MR PLANOWE  inne ONKO;tdspzozsiedlce;0
MR PLANOWE  inne ONKO;tdsulechowNOWY;0
MR PLANOWE  inne ONKO;tdszpitalchelm;0
MR PLANOWE  inne ONKO;tdszpitalkolno;0
MR PLANOWE  inne ONKO;tdwszplock;0
MR PLANOWE  inne ONKO;tdzoznidzica;320
MR PLANOWE  inne ONKO;tdzozplonsk;0
MR PLANOWE  inne ONKO;td7szmw;0
MR PLANOWE  inne ONKO;tworki;0
MR PLANOWE  inne ONKO;uskbialystok;0
MR PLANOWE  inne ONKO;uskpoznan;0
MR PLANOWE  inne ONKO;wlodawa;0
MR PLANOWE  inne ONKO;zambrow;0
MR PLANOWE  inne ONKO;zgorzelec;0
MR PLANOWE  inne ONKO;zozbiala;0
MR PLANOWE  inne ONKO;zozswietochlowice;0
MR PLANOWE  inne ONKO;almed;406
MR PLANOWE  inne ONKO;dabrowatarnowska;0
MR PLANOWE  inne ONKO;grupazdrowie;0
MR PLANOWE  inne ONKO;komed;0
MR PLANOWE  inne ONKO;poddebice2;0
MR PLANOWE  inne ONKO;swp;480
MR PLANOWE  inne ONKO;puszczykowo;480
MR PLANOWE  inne ONKO;rodamed;286
MR PLANOWE  inne ONKO;sm4gliwice;384
MR PLANOWE  inne ONKO;spzozswidnica;0
MR PLANOWE  inne ONKO;szpitaljaslo;0
MR PLANOWE  inne ONKO;szpitalrydygier;336
MR PLANOWE  inne ONKO;tdmilicz;0
MR PLANOWE  inne ONKO;tdsuchab;0
MR PLANOWE  inne ONKO;tomograf;480
MR PLANOWE  inne ONKO;wsswroclaw;362,5
MR PLANOWE  inne ONKO;wysmaz;375
MR PLANOWE  inne ONKO;zozbol;289,62
MR PLANOWE  inne ONKO;zozboleslawiec;289,62
MR PLANOWE  inne ONKO;zozsochaczew;0
MR PILNE GŁ/KRG ONKO;alfasochaczew;0
MR PILNE GŁ/KRG ONKO;bimed;0
MR PILNE GŁ/KRG ONKO;diamed;0
MR PILNE GŁ/KRG ONKO;domchojna2;0
MR PILNE GŁ/KRG ONKO;domchojna;0
MR PILNE GŁ/KRG ONKO;gz;0
MR PILNE GŁ/KRG ONKO;gzplonsk;0
MR PILNE GŁ/KRG ONKO;gzszczecin;0
MR PILNE GŁ/KRG ONKO;kamienpomorski;0
MR PILNE GŁ/KRG ONKO;kosmowroclaw;0
MR PILNE GŁ/KRG ONKO;medinet;0
MR PILNE GŁ/KRG ONKO;nrkrakow;0
MR PILNE GŁ/KRG ONKO;nzozevita;0
MR PILNE GŁ/KRG ONKO;powiatsredzki;0
MR PILNE GŁ/KRG ONKO;smtorun;0
MR PILNE GŁ/KRG ONKO;szpitalsiemiatycze;0
MR PILNE GŁ/KRG ONKO;tdallmedica;0
MR PILNE GŁ/KRG ONKO;tdcmbatorego;0
MR PILNE GŁ/KRG ONKO;tdcrir;0
MR PILNE GŁ/KRG ONKO;tdkoszalinmswia;0
MR PILNE GŁ/KRG ONKO;tdorzesze;0
MR PILNE GŁ/KRG ONKO;tdstalowawola;0
MR PILNE GŁ/KRG ONKO;tdtargowek;0
MR PILNE GŁ/KRG ONKO;tdzozwola;0
MR PILNE GŁ/KRG ONKO;wegorzewo;0
MR PILNE GŁ/KRG ONKO;wimed;0
MR PILNE GŁ/KRG ONKO;wss5;0
MR PILNE GŁ/KRG ONKO;bialogard;0
MR PILNE GŁ/KRG ONKO;brodnica;0
MR PILNE GŁ/KRG ONKO;brzesko;0
MR PILNE GŁ/KRG ONKO;cobydgoszcz;0
MR PILNE GŁ/KRG ONKO;dcmdolmed;0
MR PILNE GŁ/KRG ONKO;dzierzoniow;0
MR PILNE GŁ/KRG ONKO;faceclinic;0
MR PILNE GŁ/KRG ONKO;goleniow;0
MR PILNE GŁ/KRG ONKO;gorlice;0
MR PILNE GŁ/KRG ONKO;grajewo;0
MR PILNE GŁ/KRG ONKO;grodzisk;0
MR PILNE GŁ/KRG ONKO;kartuzy;0
MR PILNE GŁ/KRG ONKO;klodzko;0
MR PILNE GŁ/KRG ONKO;lapy;0
MR PILNE GŁ/KRG ONKO;lubaczow;0
MR PILNE GŁ/KRG ONKO;mswsiedlce;0
MR PILNE GŁ/KRG ONKO;nml;0
MR PILNE GŁ/KRG ONKO;ostrow;0
MR PILNE GŁ/KRG ONKO;pczotwock;0
MR PILNE GŁ/KRG ONKO;radiomedica;0
MR PILNE GŁ/KRG ONKO;rybnik;0
MR PILNE GŁ/KRG ONKO;scanmed;0
MR PILNE GŁ/KRG ONKO;sokolow;0
MR PILNE GŁ/KRG ONKO;spbochnia;0
MR PILNE GŁ/KRG ONKO;spzozlezajsk;0
MR PILNE GŁ/KRG ONKO;spzozmc;0
MR PILNE GŁ/KRG ONKO;spzozturek;0
MR PILNE GŁ/KRG ONKO;spzzozsierpc;0
MR PILNE GŁ/KRG ONKO;starachowice;0
MR PILNE GŁ/KRG ONKO;swk;0
MR PILNE GŁ/KRG ONKO;szpitaldzieciecy;0
MR PILNE GŁ/KRG ONKO;szpitallubartow;0
MR PILNE GŁ/KRG ONKO;szpitalopole;0
MR PILNE GŁ/KRG ONKO;szpitalzakopane;0
MR PILNE GŁ/KRG ONKO;szpitalzawiercie;0
MR PILNE GŁ/KRG ONKO;tdbelzyce;0
MR PILNE GŁ/KRG ONKO;tdbonifratrzy;0
MR PILNE GŁ/KRG ONKO;tdbrodnowski;0
MR PILNE GŁ/KRG ONKO;tdemcpiaseczno;0
MR PILNE GŁ/KRG ONKO;tdgammaknife;0
MR PILNE GŁ/KRG ONKO;tdgniezno;0
MR PILNE GŁ/KRG ONKO;tdipin;0
MR PILNE GŁ/KRG ONKO;tdkluczbork;0
MR PILNE GŁ/KRG ONKO;tdkolbuszowa;0
MR PILNE GŁ/KRG ONKO;tdksskrakow;0
MR PILNE GŁ/KRG ONKO;tdneuromedyka;0
MR PILNE GŁ/KRG ONKO;tdnowomedica;0
MR PILNE GŁ/KRG ONKO;tdonkologiaradom;0
MR PILNE GŁ/KRG ONKO;tdparczew;0
MR PILNE GŁ/KRG ONKO;tdpionki;0
MR PILNE GŁ/KRG ONKO;tdpraski;0
MR PILNE GŁ/KRG ONKO;tdpoludniowy;0
MR PILNE GŁ/KRG ONKO;tdpyrzyce;0
MR PILNE GŁ/KRG ONKO;tdscanmedak5;0
MR PILNE GŁ/KRG ONKO;tdscanmedpila;0
MR PILNE GŁ/KRG ONKO;tdsmswinoujscie;0
MR PILNE GŁ/KRG ONKO;tdspectrum;0
MR PILNE GŁ/KRG ONKO;tdspzozkolo;0
MR PILNE GŁ/KRG ONKO;tdspzozsiedlce;0
MR PILNE GŁ/KRG ONKO;tdsulechowNOWY;0
MR PILNE GŁ/KRG ONKO;tdszpitalchelm;0
MR PILNE GŁ/KRG ONKO;tdszpitalkolno;0
MR PILNE GŁ/KRG ONKO;tdwszplock;0
MR PILNE GŁ/KRG ONKO;tdzoznidzica;0
MR PILNE GŁ/KRG ONKO;tdzozplonsk;0
MR PILNE GŁ/KRG ONKO;td7szmw;0
MR PILNE GŁ/KRG ONKO;tworki;0
MR PILNE GŁ/KRG ONKO;uskbialystok;0
MR PILNE GŁ/KRG ONKO;uskpoznan;0
MR PILNE GŁ/KRG ONKO;wlodawa;0
MR PILNE GŁ/KRG ONKO;zambrow;0
MR PILNE GŁ/KRG ONKO;zgorzelec;0
MR PILNE GŁ/KRG ONKO;zozbiala;0
MR PILNE GŁ/KRG ONKO;zozswietochlowice;0
MR PILNE GŁ/KRG ONKO;almed;0
MR PILNE GŁ/KRG ONKO;dabrowatarnowska;0
MR PILNE GŁ/KRG ONKO;grupazdrowie;0
MR PILNE GŁ/KRG ONKO;komed;0
MR PILNE GŁ/KRG ONKO;poddebice2;0
MR PILNE GŁ/KRG ONKO;swp;375
MR PILNE GŁ/KRG ONKO;puszczykowo;375
MR PILNE GŁ/KRG ONKO;rodamed;231
MR PILNE GŁ/KRG ONKO;sm4gliwice;264
MR PILNE GŁ/KRG ONKO;spzozswidnica;0
MR PILNE GŁ/KRG ONKO;szpitaljaslo;0
MR PILNE GŁ/KRG ONKO;szpitalrydygier;0
MR PILNE GŁ/KRG ONKO;tdmilicz;0
MR PILNE GŁ/KRG ONKO;tdsuchab;0
MR PILNE GŁ/KRG ONKO;tomograf;375
MR PILNE GŁ/KRG ONKO;wsswroclaw;0
MR PILNE GŁ/KRG ONKO;wysmaz;300
MR PILNE GŁ/KRG ONKO;zozbol;343,62
MR PILNE GŁ/KRG ONKO;zozboleslawiec;343,62
MR PILNE GŁ/KRG ONKO;zozsochaczew;0
MR PILNE stawy ONKO;alfasochaczew;0
MR PILNE stawy ONKO;bimed;0
MR PILNE stawy ONKO;diamed;0
MR PILNE stawy ONKO;domchojna2;0
MR PILNE stawy ONKO;domchojna;0
MR PILNE stawy ONKO;gz;0
MR PILNE stawy ONKO;gzplonsk;0
MR PILNE stawy ONKO;gzszczecin;0
MR PILNE stawy ONKO;kamienpomorski;0
MR PILNE stawy ONKO;kosmowroclaw;0
MR PILNE stawy ONKO;medinet;0
MR PILNE stawy ONKO;nrkrakow;0
MR PILNE stawy ONKO;nzozevita;0
MR PILNE stawy ONKO;powiatsredzki;0
MR PILNE stawy ONKO;smtorun;0
MR PILNE stawy ONKO;szpitalsiemiatycze;0
MR PILNE stawy ONKO;tdallmedica;0
MR PILNE stawy ONKO;tdcmbatorego;0
MR PILNE stawy ONKO;tdcrir;0
MR PILNE stawy ONKO;tdkoszalinmswia;0
MR PILNE stawy ONKO;tdorzesze;0
MR PILNE stawy ONKO;tdstalowawola;0
MR PILNE stawy ONKO;tdtargowek;0
MR PILNE stawy ONKO;wegorzewo;0
MR PILNE stawy ONKO;wimed;0
MR PILNE stawy ONKO;wss5;0
MR PILNE stawy ONKO;bialogard;0
MR PILNE stawy ONKO;brodnica;0
MR PILNE stawy ONKO;brzesko;0
MR PILNE stawy ONKO;cobydgoszcz;0
MR PILNE stawy ONKO;dcmdolmed;0
MR PILNE stawy ONKO;dzierzoniow;0
MR PILNE stawy ONKO;faceclinic;0
MR PILNE stawy ONKO;goleniow;0
MR PILNE stawy ONKO;gorlice;0
MR PILNE stawy ONKO;grajewo;0
MR PILNE stawy ONKO;grodzisk;0
MR PILNE stawy ONKO;kartuzy;0
MR PILNE stawy ONKO;klodzko;0
MR PILNE stawy ONKO;lapy;0
MR PILNE stawy ONKO;lubaczow;0
MR PILNE stawy ONKO;mswsiedlce;0
MR PILNE stawy ONKO;nml;0
MR PILNE stawy ONKO;ostrow;0
MR PILNE stawy ONKO;pczotwock;0
MR PILNE stawy ONKO;radiomedica;0
MR PILNE stawy ONKO;rybnik;0
MR PILNE stawy ONKO;scanmed;0
MR PILNE stawy ONKO;sokolow;0
MR PILNE stawy ONKO;spbochnia;0
MR PILNE stawy ONKO;spzozlezajsk;0
MR PILNE stawy ONKO;spzozmc;0
MR PILNE stawy ONKO;spzozturek;0
MR PILNE stawy ONKO;spzzozsierpc;0
MR PILNE stawy ONKO;starachowice;0
MR PILNE stawy ONKO;swk;0
MR PILNE stawy ONKO;szpitaldzieciecy;0
MR PILNE stawy ONKO;szpitallubartow;0
MR PILNE stawy ONKO;szpitalopole;0
MR PILNE stawy ONKO;szpitalzakopane;0
MR PILNE stawy ONKO;szpitalzawiercie;0
MR PILNE stawy ONKO;tdbelzyce;0
MR PILNE stawy ONKO;tdbonifratrzy;0
MR PILNE stawy ONKO;tdbrodnowski;0
MR PILNE stawy ONKO;tdemcpiaseczno;0
MR PILNE stawy ONKO;tdgammaknife;0
MR PILNE stawy ONKO;tdgniezno;0
MR PILNE stawy ONKO;tdipin;0
MR PILNE stawy ONKO;tdkluczbork;0
MR PILNE stawy ONKO;tdkolbuszowa;0
MR PILNE stawy ONKO;tdksskrakow;0
MR PILNE stawy ONKO;tdneuromedyka;0
MR PILNE stawy ONKO;tdnowomedica;0
MR PILNE stawy ONKO;tdonkologiaradom;0
MR PILNE stawy ONKO;tdparczew;0
MR PILNE stawy ONKO;tdpionki;0
MR PILNE stawy ONKO;tdpraski;0
MR PILNE stawy ONKO;tdpoludniowy;0
MR PILNE stawy ONKO;tdpyrzyce;0
MR PILNE stawy ONKO;tdscanmedak5;0
MR PILNE stawy ONKO;tdscanmedpila;0
MR PILNE stawy ONKO;tdsmswinoujscie;0
MR PILNE stawy ONKO;tdspectrum;0
MR PILNE stawy ONKO;tdspzozkolo;0
MR PILNE stawy ONKO;tdspzozsiedlce;0
MR PILNE stawy ONKO;tdsulechowNOWY;0
MR PILNE stawy ONKO;tdszpitalchelm;0
MR PILNE stawy ONKO;tdszpitalkolno;0
MR PILNE stawy ONKO;tdwszplock;0
MR PILNE stawy ONKO;tdzoznidzica;0
MR PILNE stawy ONKO;tdzozplonsk;0
MR PILNE stawy ONKO;td7szmw;0
MR PILNE stawy ONKO;tworki;0
MR PILNE stawy ONKO;uskbialystok;0
MR PILNE stawy ONKO;uskpoznan;0
MR PILNE stawy ONKO;wlodawa;0
MR PILNE stawy ONKO;zambrow;0
MR PILNE stawy ONKO;zgorzelec;0
MR PILNE stawy ONKO;zozbiala;0
MR PILNE stawy ONKO;zozswietochlowice;0
MR PILNE stawy ONKO;almed;0
MR PILNE stawy ONKO;dabrowatarnowska;0
MR PILNE stawy ONKO;grupazdrowie;0
MR PILNE stawy ONKO;komed;0
MR PILNE stawy ONKO;poddebice2;0
MR PILNE stawy ONKO;swp;480
MR PILNE stawy ONKO;puszczykowo;480
MR PILNE stawy ONKO;rodamed;264
MR PILNE stawy ONKO;sm4gliwice;372
MR PILNE stawy ONKO;spzozswidnica;0
MR PILNE stawy ONKO;szpitaljaslo;0
MR PILNE stawy ONKO;szpitalrydygier;0
MR PILNE stawy ONKO;tdmilicz;0
MR PILNE stawy ONKO;tdsuchab;0
MR PILNE stawy ONKO;tomograf;480
MR PILNE stawy ONKO;wsswroclaw;0
MR PILNE stawy ONKO;wysmaz;350
MR PILNE stawy ONKO;zozbol;343,62
MR PILNE stawy ONKO;zozboleslawiec;343,62
MR PILNE stawy ONKO;zozsochaczew;0
MR PILNE inne ONKO;alfasochaczew;0
MR PILNE inne ONKO;bimed;0
MR PILNE inne ONKO;diamed;0
MR PILNE inne ONKO;domchojna2;0
MR PILNE inne ONKO;domchojna;0
MR PILNE inne ONKO;gz;0
MR PILNE inne ONKO;gzplonsk;0
MR PILNE inne ONKO;gzszczecin;0
MR PILNE inne ONKO;kamienpomorski;0
MR PILNE inne ONKO;kosmowroclaw;0
MR PILNE inne ONKO;medinet;0
MR PILNE inne ONKO;nrkrakow;0
MR PILNE inne ONKO;nzozevita;0
MR PILNE inne ONKO;powiatsredzki;0
MR PILNE inne ONKO;smtorun;0
MR PILNE inne ONKO;szpitalsiemiatycze;0
MR PILNE inne ONKO;tdallmedica;0
MR PILNE inne ONKO;tdcmbatorego;0
MR PILNE inne ONKO;tdcrir;0
MR PILNE inne ONKO;tdkoszalinmswia;0
MR PILNE inne ONKO;tdorzesze;0
MR PILNE inne ONKO;tdstalowawola;0
MR PILNE inne ONKO;tdtargowek;0
MR PILNE inne ONKO;tdzozwola;0
MR PILNE inne ONKO;wegorzewo;0
MR PILNE inne ONKO;wimed;0
MR PILNE inne ONKO;wss5;0
MR PILNE inne ONKO;bialogard;0
MR PILNE inne ONKO;brodnica;0
MR PILNE inne ONKO;brzesko;0
MR PILNE inne ONKO;cobydgoszcz;0
MR PILNE inne ONKO;dcmdolmed;0
MR PILNE inne ONKO;dzierzoniow;0
MR PILNE inne ONKO;faceclinic;0
MR PILNE inne ONKO;goleniow;0
MR PILNE inne ONKO;gorlice;0
MR PILNE inne ONKO;grajewo;0
MR PILNE inne ONKO;grodzisk;0
MR PILNE inne ONKO;kartuzy;0
MR PILNE inne ONKO;klodzko;0
MR PILNE inne ONKO;lapy;0
MR PILNE inne ONKO;lubaczow;0
MR PILNE inne ONKO;mswsiedlce;0
MR PILNE inne ONKO;nml;0
MR PILNE inne ONKO;ostrow;0
MR PILNE inne ONKO;pczotwock;0
MR PILNE inne ONKO;radiomedica;0
MR PILNE inne ONKO;rybnik;0
MR PILNE inne ONKO;scanmed;0
MR PILNE inne ONKO;sokolow;0
MR PILNE inne ONKO;spbochnia;0
MR PILNE inne ONKO;spzozlezajsk;0
MR PILNE inne ONKO;spzozmc;0
MR PILNE inne ONKO;spzozturek;0
MR PILNE inne ONKO;spzzozsierpc;0
MR PILNE inne ONKO;starachowice;0
MR PILNE inne ONKO;swk;0
MR PILNE inne ONKO;szpitaldzieciecy;0
MR PILNE inne ONKO;szpitallubartow;0
MR PILNE inne ONKO;szpitalopole;0
MR PILNE inne ONKO;szpitalzakopane;0
MR PILNE inne ONKO;szpitalzawiercie;0
MR PILNE inne ONKO;tdbelzyce;0
MR PILNE inne ONKO;tdbonifratrzy;0
MR PILNE inne ONKO;tdbrodnowski;0
MR PILNE inne ONKO;tdemcpiaseczno;0
MR PILNE inne ONKO;tdgammaknife;0
MR PILNE inne ONKO;tdgniezno;0
MR PILNE inne ONKO;tdipin;0
MR PILNE inne ONKO;tdkluczbork;0
MR PILNE inne ONKO;tdkolbuszowa;0
MR PILNE inne ONKO;tdksskrakow;0
MR PILNE inne ONKO;tdneuromedyka;0
MR PILNE inne ONKO;tdnowomedica;0
MR PILNE inne ONKO;tdonkologiaradom;0
MR PILNE inne ONKO;tdparczew;0
MR PILNE inne ONKO;tdpionki;0
MR PILNE inne ONKO;tdpraski;0
MR PILNE inne ONKO;tdpoludniowy;0
MR PILNE inne ONKO;tdpyrzyce;0
MR PILNE inne ONKO;tdscanmedak5;0
MR PILNE inne ONKO;tdscanmedpila;0
MR PILNE inne ONKO;tdsmswinoujscie;0
MR PILNE inne ONKO;tdspectrum;0
MR PILNE inne ONKO;tdspzozkolo;0
MR PILNE inne ONKO;tdspzozsiedlce;0
MR PILNE inne ONKO;tdsulechowNOWY;0
MR PILNE inne ONKO;tdszpitalchelm;0
MR PILNE inne ONKO;tdszpitalkolno;0
MR PILNE inne ONKO;tdwszplock;0
MR PILNE inne ONKO;tdzoznidzica;0
MR PILNE inne ONKO;tdzozplonsk;0
MR PILNE inne ONKO;td7szmw;0
MR PILNE inne ONKO;tworki;0
MR PILNE inne ONKO;uskbialystok;0
MR PILNE inne ONKO;uskpoznan;0
MR PILNE inne ONKO;wlodawa;0
MR PILNE inne ONKO;zambrow;0
MR PILNE inne ONKO;zgorzelec;0
MR PILNE inne ONKO;zozbiala;0
MR PILNE inne ONKO;zozswietochlowice;0
MR PILNE inne ONKO;almed;0
MR PILNE inne ONKO;dabrowatarnowska;0
MR PILNE inne ONKO;grupazdrowie;0
MR PILNE inne ONKO;komed;0
MR PILNE inne ONKO;poddebice2;0
MR PILNE inne ONKO;swp;555
MR PILNE inne ONKO;puszczykowo;555
MR PILNE inne ONKO;rodamed;297
MR PILNE inne ONKO;sm4gliwice;420
MR PILNE inne ONKO;spzozswidnica;0
MR PILNE inne ONKO;szpitaljaslo;0
MR PILNE inne ONKO;szpitalrydygier;0
MR PILNE inne ONKO;tdmilicz;0
MR PILNE inne ONKO;tdsuchab;0
MR PILNE inne ONKO;tomograf;555
MR PILNE inne ONKO;wsswroclaw;0
MR PILNE inne ONKO;wysmaz;412,5
MR PILNE inne ONKO;zozbol;343,62
MR PILNE inne ONKO;zozboleslawiec;343,62
MR PILNE inne ONKO;zozsochaczew;0
MR PLANOWE GŁ/KRG ONKO PORÓW.;alfasochaczew;0
MR PLANOWE GŁ/KRG ONKO PORÓW.;bimed;0
MR PLANOWE GŁ/KRG ONKO PORÓW.;diamed;0
MR PLANOWE GŁ/KRG ONKO PORÓW.;domchojna2;0
MR PLANOWE GŁ/KRG ONKO PORÓW.;domchojna;0
MR PLANOWE GŁ/KRG ONKO PORÓW.;gz;0
MR PLANOWE GŁ/KRG ONKO PORÓW.;gzplonsk;0
MR PLANOWE GŁ/KRG ONKO PORÓW.;gzszczecin;0
MR PLANOWE GŁ/KRG ONKO PORÓW.;kamienpomorski;0
MR PLANOWE GŁ/KRG ONKO PORÓW.;kosmowroclaw;0
MR PLANOWE GŁ/KRG ONKO PORÓW.;medinet;0
MR PLANOWE GŁ/KRG ONKO PORÓW.;nrkrakow;0
MR PLANOWE GŁ/KRG ONKO PORÓW.;nzozevita;0
MR PLANOWE GŁ/KRG ONKO PORÓW.;powiatsredzki;0
MR PLANOWE GŁ/KRG ONKO PORÓW.;smtorun;0
MR PLANOWE GŁ/KRG ONKO PORÓW.;szpitalsiemiatycze;0
MR PLANOWE GŁ/KRG ONKO PORÓW.;tdallmedica;0
MR PLANOWE GŁ/KRG ONKO PORÓW.;tdcmbatorego;0
MR PLANOWE GŁ/KRG ONKO PORÓW.;tdcrir;0
MR PLANOWE GŁ/KRG ONKO PORÓW.;tdkoszalinmswia;0
MR PLANOWE GŁ/KRG ONKO PORÓW.;tdorzesze;0
MR PLANOWE GŁ/KRG ONKO PORÓW.;tdstalowawola;0
MR PLANOWE GŁ/KRG ONKO PORÓW.;tdtargowek;0
MR PLANOWE GŁ/KRG ONKO PORÓW.;tdzozwola;0
MR PLANOWE GŁ/KRG ONKO PORÓW.;wegorzewo;0
MR PLANOWE GŁ/KRG ONKO PORÓW.;wimed;0
MR PLANOWE GŁ/KRG ONKO PORÓW.;wss5;0
MR PLANOWE GŁ/KRG ONKO PORÓW.;bialogard;0
MR PLANOWE GŁ/KRG ONKO PORÓW.;brodnica;0
MR PLANOWE GŁ/KRG ONKO PORÓW.;brzesko;0
MR PLANOWE GŁ/KRG ONKO PORÓW.;cobydgoszcz;0
MR PLANOWE GŁ/KRG ONKO PORÓW.;dcmdolmed;0
MR PLANOWE GŁ/KRG ONKO PORÓW.;dzierzoniow;0
MR PLANOWE GŁ/KRG ONKO PORÓW.;faceclinic;0
MR PLANOWE GŁ/KRG ONKO PORÓW.;goleniow;0
MR PLANOWE GŁ/KRG ONKO PORÓW.;gorlice;0
MR PLANOWE GŁ/KRG ONKO PORÓW.;grajewo;0
MR PLANOWE GŁ/KRG ONKO PORÓW.;grodzisk;0
MR PLANOWE GŁ/KRG ONKO PORÓW.;kartuzy;0
MR PLANOWE GŁ/KRG ONKO PORÓW.;klodzko;0
MR PLANOWE GŁ/KRG ONKO PORÓW.;lapy;0
MR PLANOWE GŁ/KRG ONKO PORÓW.;lubaczow;0
MR PLANOWE GŁ/KRG ONKO PORÓW.;mswsiedlce;0
MR PLANOWE GŁ/KRG ONKO PORÓW.;nml;0
MR PLANOWE GŁ/KRG ONKO PORÓW.;ostrow;0
MR PLANOWE GŁ/KRG ONKO PORÓW.;pczotwock;0
MR PLANOWE GŁ/KRG ONKO PORÓW.;radiomedica;0
MR PLANOWE GŁ/KRG ONKO PORÓW.;rybnik;0
MR PLANOWE GŁ/KRG ONKO PORÓW.;scanmed;0
MR PLANOWE GŁ/KRG ONKO PORÓW.;sokolow;0
MR PLANOWE GŁ/KRG ONKO PORÓW.;spbochnia;0
MR PLANOWE GŁ/KRG ONKO PORÓW.;spzozlezajsk;0
MR PLANOWE GŁ/KRG ONKO PORÓW.;spzozmc;0
MR PLANOWE GŁ/KRG ONKO PORÓW.;spzozturek;0
MR PLANOWE GŁ/KRG ONKO PORÓW.;spzzozsierpc;0
MR PLANOWE GŁ/KRG ONKO PORÓW.;starachowice;0
MR PLANOWE GŁ/KRG ONKO PORÓW.;swk;0
MR PLANOWE GŁ/KRG ONKO PORÓW.;szpitaldzieciecy;0
MR PLANOWE GŁ/KRG ONKO PORÓW.;szpitallubartow;0
MR PLANOWE GŁ/KRG ONKO PORÓW.;szpitalopole;0
MR PLANOWE GŁ/KRG ONKO PORÓW.;szpitalzakopane;0
MR PLANOWE GŁ/KRG ONKO PORÓW.;szpitalzawiercie;0
MR PLANOWE GŁ/KRG ONKO PORÓW.;tdbelzyce;0
MR PLANOWE GŁ/KRG ONKO PORÓW.;tdbonifratrzy;0
MR PLANOWE GŁ/KRG ONKO PORÓW.;tdbrodnowski;0
MR PLANOWE GŁ/KRG ONKO PORÓW.;tdemcpiaseczno;0
MR PLANOWE GŁ/KRG ONKO PORÓW.;tdgammaknife;0
MR PLANOWE GŁ/KRG ONKO PORÓW.;tdgniezno;0
MR PLANOWE GŁ/KRG ONKO PORÓW.;tdipin;0
MR PLANOWE GŁ/KRG ONKO PORÓW.;tdkluczbork;0
MR PLANOWE GŁ/KRG ONKO PORÓW.;tdkolbuszowa;0
MR PLANOWE GŁ/KRG ONKO PORÓW.;tdksskrakow;0
MR PLANOWE GŁ/KRG ONKO PORÓW.;tdneuromedyka;0
MR PLANOWE GŁ/KRG ONKO PORÓW.;tdnowomedica;0
MR PLANOWE GŁ/KRG ONKO PORÓW.;tdonkologiaradom;0
MR PLANOWE GŁ/KRG ONKO PORÓW.;tdparczew;0
MR PLANOWE GŁ/KRG ONKO PORÓW.;tdpionki;0
MR PLANOWE GŁ/KRG ONKO PORÓW.;tdpraski;0
MR PLANOWE GŁ/KRG ONKO PORÓW.;tdpoludniowy;0
MR PLANOWE GŁ/KRG ONKO PORÓW.;tdpyrzyce;0
MR PLANOWE GŁ/KRG ONKO PORÓW.;tdscanmedak5;0
MR PLANOWE GŁ/KRG ONKO PORÓW.;tdscanmedpila;0
MR PLANOWE GŁ/KRG ONKO PORÓW.;tdsmswinoujscie;0
MR PLANOWE GŁ/KRG ONKO PORÓW.;tdspectrum;0
MR PLANOWE GŁ/KRG ONKO PORÓW.;tdspzozkolo;0
MR PLANOWE GŁ/KRG ONKO PORÓW.;tdspzozsiedlce;0
MR PLANOWE GŁ/KRG ONKO PORÓW.;tdsulechowNOWY;0
MR PLANOWE GŁ/KRG ONKO PORÓW.;tdszpitalchelm;0
MR PLANOWE GŁ/KRG ONKO PORÓW.;tdszpitalkolno;0
MR PLANOWE GŁ/KRG ONKO PORÓW.;tdwszplock;0
MR PLANOWE GŁ/KRG ONKO PORÓW.;tdzoznidzica;320
MR PLANOWE GŁ/KRG ONKO PORÓW.;tdzozplonsk;0
MR PLANOWE GŁ/KRG ONKO PORÓW.;td7szmw;0
MR PLANOWE GŁ/KRG ONKO PORÓW.;tworki;0
MR PLANOWE GŁ/KRG ONKO PORÓW.;uskbialystok;0
MR PLANOWE GŁ/KRG ONKO PORÓW.;uskpoznan;0
MR PLANOWE GŁ/KRG ONKO PORÓW.;wlodawa;0
MR PLANOWE GŁ/KRG ONKO PORÓW.;zambrow;0
MR PLANOWE GŁ/KRG ONKO PORÓW.;zgorzelec;0
MR PLANOWE GŁ/KRG ONKO PORÓW.;zozbiala;0
MR PLANOWE GŁ/KRG ONKO PORÓW.;zozswietochlowice;0
MR PLANOWE GŁ/KRG ONKO PORÓW.;almed;120,4
MR PLANOWE GŁ/KRG ONKO PORÓW.;dabrowatarnowska;0
MR PLANOWE GŁ/KRG ONKO PORÓW.;grupazdrowie;0
MR PLANOWE GŁ/KRG ONKO PORÓW.;komed;0
MR PLANOWE GŁ/KRG ONKO PORÓW.;poddebice2;0
MR PLANOWE GŁ/KRG ONKO PORÓW.;swp;157,5
MR PLANOWE GŁ/KRG ONKO PORÓW.;puszczykowo;157,5
MR PLANOWE GŁ/KRG ONKO PORÓW.;rodamed;20,9
MR PLANOWE GŁ/KRG ONKO PORÓW.;sm4gliwice;50,4
MR PLANOWE GŁ/KRG ONKO PORÓW.;spzozswidnica;0
MR PLANOWE GŁ/KRG ONKO PORÓW.;szpitaljaslo;0
MR PLANOWE GŁ/KRG ONKO PORÓW.;szpitalrydygier;50,4
MR PLANOWE GŁ/KRG ONKO PORÓW.;tdmilicz;0
MR PLANOWE GŁ/KRG ONKO PORÓW.;tdsuchab;0
MR PLANOWE GŁ/KRG ONKO PORÓW.;tomograf;157,5
MR PLANOWE GŁ/KRG ONKO PORÓW.;wsswroclaw;65,625
MR PLANOWE GŁ/KRG ONKO PORÓW.;wysmaz;62,5
MR PLANOWE GŁ/KRG ONKO PORÓW.;zozbol;231,696
MR PLANOWE GŁ/KRG ONKO PORÓW.;zozboleslawiec;231,696
MR PLANOWE GŁ/KRG ONKO PORÓW.;zozsochaczew;0
MR PLANOWE  stawy ONKO PORÓW.;alfasochaczew;0
MR PLANOWE  stawy ONKO PORÓW.;bimed;0
MR PLANOWE  stawy ONKO PORÓW.;diamed;0
MR PLANOWE  stawy ONKO PORÓW.;domchojna2;0
MR PLANOWE  stawy ONKO PORÓW.;domchojna;0
MR PLANOWE  stawy ONKO PORÓW.;gz;0
MR PLANOWE  stawy ONKO PORÓW.;gzplonsk;0
MR PLANOWE  stawy ONKO PORÓW.;gzszczecin;0
MR PLANOWE  stawy ONKO PORÓW.;kamienpomorski;0
MR PLANOWE  stawy ONKO PORÓW.;kosmowroclaw;0
MR PLANOWE  stawy ONKO PORÓW.;medinet;0
MR PLANOWE  stawy ONKO PORÓW.;nrkrakow;0
MR PLANOWE  stawy ONKO PORÓW.;nzozevita;0
MR PLANOWE  stawy ONKO PORÓW.;powiatsredzki;0
MR PLANOWE  stawy ONKO PORÓW.;smtorun;0
MR PLANOWE  stawy ONKO PORÓW.;szpitalsiemiatycze;0
MR PLANOWE  stawy ONKO PORÓW.;tdallmedica;0
MR PLANOWE  stawy ONKO PORÓW.;tdcmbatorego;0
MR PLANOWE  stawy ONKO PORÓW.;tdcrir;0
MR PLANOWE  stawy ONKO PORÓW.;tdkoszalinmswia;0
MR PLANOWE  stawy ONKO PORÓW.;tdorzesze;0
MR PLANOWE  stawy ONKO PORÓW.;tdstalowawola;0
MR PLANOWE  stawy ONKO PORÓW.;tdtargowek;0
MR PLANOWE  stawy ONKO PORÓW.;tdzozwola;0
MR PLANOWE  stawy ONKO PORÓW.;wegorzewo;0
MR PLANOWE  stawy ONKO PORÓW.;wimed;0
MR PLANOWE  stawy ONKO PORÓW.;wss5;0
MR PLANOWE  stawy ONKO PORÓW.;bialogard;0
MR PLANOWE  stawy ONKO PORÓW.;brodnica;0
MR PLANOWE  stawy ONKO PORÓW.;brzesko;0
MR PLANOWE  stawy ONKO PORÓW.;cobydgoszcz;0
MR PLANOWE  stawy ONKO PORÓW.;dcmdolmed;0
MR PLANOWE  stawy ONKO PORÓW.;dzierzoniow;0
MR PLANOWE  stawy ONKO PORÓW.;faceclinic;0
MR PLANOWE  stawy ONKO PORÓW.;goleniow;0
MR PLANOWE  stawy ONKO PORÓW.;gorlice;0
MR PLANOWE  stawy ONKO PORÓW.;grajewo;0
MR PLANOWE  stawy ONKO PORÓW.;grodzisk;0
MR PLANOWE  stawy ONKO PORÓW.;kartuzy;0
MR PLANOWE  stawy ONKO PORÓW.;klodzko;0
MR PLANOWE  stawy ONKO PORÓW.;lapy;0
MR PLANOWE  stawy ONKO PORÓW.;lubaczow;0
MR PLANOWE  stawy ONKO PORÓW.;mswsiedlce;0
MR PLANOWE  stawy ONKO PORÓW.;nml;0
MR PLANOWE  stawy ONKO PORÓW.;ostrow;0
MR PLANOWE  stawy ONKO PORÓW.;pczotwock;0
MR PLANOWE  stawy ONKO PORÓW.;radiomedica;0
MR PLANOWE  stawy ONKO PORÓW.;rybnik;0
MR PLANOWE  stawy ONKO PORÓW.;scanmed;0
MR PLANOWE  stawy ONKO PORÓW.;sokolow;0
MR PLANOWE  stawy ONKO PORÓW.;spbochnia;0
MR PLANOWE  stawy ONKO PORÓW.;spzozlezajsk;0
MR PLANOWE  stawy ONKO PORÓW.;spzozmc;0
MR PLANOWE  stawy ONKO PORÓW.;spzozturek;0
MR PLANOWE  stawy ONKO PORÓW.;spzzozsierpc;0
MR PLANOWE  stawy ONKO PORÓW.;starachowice;0
MR PLANOWE  stawy ONKO PORÓW.;swk;0
MR PLANOWE  stawy ONKO PORÓW.;szpitaldzieciecy;0
MR PLANOWE  stawy ONKO PORÓW.;szpitallubartow;0
MR PLANOWE  stawy ONKO PORÓW.;szpitalopole;0
MR PLANOWE  stawy ONKO PORÓW.;szpitalzakopane;0
MR PLANOWE  stawy ONKO PORÓW.;szpitalzawiercie;0
MR PLANOWE  stawy ONKO PORÓW.;tdbelzyce;0
MR PLANOWE  stawy ONKO PORÓW.;tdbonifratrzy;0
MR PLANOWE  stawy ONKO PORÓW.;tdbrodnowski;0
MR PLANOWE  stawy ONKO PORÓW.;tdemcpiaseczno;0
MR PLANOWE  stawy ONKO PORÓW.;tdgammaknife;0
MR PLANOWE  stawy ONKO PORÓW.;tdgniezno;0
MR PLANOWE  stawy ONKO PORÓW.;tdipin;0
MR PLANOWE  stawy ONKO PORÓW.;tdkluczbork;0
MR PLANOWE  stawy ONKO PORÓW.;tdkolbuszowa;0
MR PLANOWE  stawy ONKO PORÓW.;tdksskrakow;0
MR PLANOWE  stawy ONKO PORÓW.;tdneuromedyka;0
MR PLANOWE  stawy ONKO PORÓW.;tdnowomedica;0
MR PLANOWE  stawy ONKO PORÓW.;tdonkologiaradom;0
MR PLANOWE  stawy ONKO PORÓW.;tdparczew;0
MR PLANOWE  stawy ONKO PORÓW.;tdpionki;0
MR PLANOWE  stawy ONKO PORÓW.;tdpraski;0
MR PLANOWE  stawy ONKO PORÓW.;tdpoludniowy;0
MR PLANOWE  stawy ONKO PORÓW.;tdpyrzyce;0
MR PLANOWE  stawy ONKO PORÓW.;tdscanmedak5;0
MR PLANOWE  stawy ONKO PORÓW.;tdscanmedpila;0
MR PLANOWE  stawy ONKO PORÓW.;tdsmswinoujscie;0
MR PLANOWE  stawy ONKO PORÓW.;tdspectrum;0
MR PLANOWE  stawy ONKO PORÓW.;tdspzozkolo;0
MR PLANOWE  stawy ONKO PORÓW.;tdspzozsiedlce;0
MR PLANOWE  stawy ONKO PORÓW.;tdsulechowNOWY;0
MR PLANOWE  stawy ONKO PORÓW.;tdszpitalchelm;0
MR PLANOWE  stawy ONKO PORÓW.;tdszpitalkolno;0
MR PLANOWE  stawy ONKO PORÓW.;tdwszplock;0
MR PLANOWE  stawy ONKO PORÓW.;tdzoznidzica;320
MR PLANOWE  stawy ONKO PORÓW.;tdzozplonsk;0
MR PLANOWE  stawy ONKO PORÓW.;td7szmw;0
MR PLANOWE  stawy ONKO PORÓW.;tworki;0
MR PLANOWE  stawy ONKO PORÓW.;uskbialystok;0
MR PLANOWE  stawy ONKO PORÓW.;uskpoznan;0
MR PLANOWE  stawy ONKO PORÓW.;wlodawa;0
MR PLANOWE  stawy ONKO PORÓW.;zambrow;0
MR PLANOWE  stawy ONKO PORÓW.;zgorzelec;0
MR PLANOWE  stawy ONKO PORÓW.;zozbiala;0
MR PLANOWE  stawy ONKO PORÓW.;zozswietochlowice;0
MR PLANOWE  stawy ONKO PORÓW.;almed;145,6
MR PLANOWE  stawy ONKO PORÓW.;dabrowatarnowska;0
MR PLANOWE  stawy ONKO PORÓW.;grupazdrowie;0
MR PLANOWE  stawy ONKO PORÓW.;komed;0
MR PLANOWE  stawy ONKO PORÓW.;poddebice2;0
MR PLANOWE  stawy ONKO PORÓW.;swp;217,5
MR PLANOWE  stawy ONKO PORÓW.;puszczykowo;217,5
MR PLANOWE  stawy ONKO PORÓW.;rodamed;24,2
MR PLANOWE  stawy ONKO PORÓW.;sm4gliwice;69,6
MR PLANOWE  stawy ONKO PORÓW.;spzozswidnica;0
MR PLANOWE  stawy ONKO PORÓW.;szpitaljaslo;0
MR PLANOWE  stawy ONKO PORÓW.;szpitalrydygier;57,6
MR PLANOWE  stawy ONKO PORÓW.;tdmilicz;0
MR PLANOWE  stawy ONKO PORÓW.;tdsuchab;0
MR PLANOWE  stawy ONKO PORÓW.;tomograf;217,5
MR PLANOWE  stawy ONKO PORÓW.;wsswroclaw;81,25
MR PLANOWE  stawy ONKO PORÓW.;wysmaz;81,25
MR PLANOWE  stawy ONKO PORÓW.;zozbol;231,696
MR PLANOWE  stawy ONKO PORÓW.;zozboleslawiec;231,696
MR PLANOWE  stawy ONKO PORÓW.;zozsochaczew;0
MR PLANOWE  inne ONKO PORÓW.;alfasochaczew;0
MR PLANOWE  inne ONKO PORÓW.;bimed;0
MR PLANOWE  inne ONKO PORÓW.;diamed;0
MR PLANOWE  inne ONKO PORÓW.;domchojna2;0
MR PLANOWE  inne ONKO PORÓW.;domchojna;0
MR PLANOWE  inne ONKO PORÓW.;gz;0
MR PLANOWE  inne ONKO PORÓW.;gzplonsk;0
MR PLANOWE  inne ONKO PORÓW.;gzszczecin;0
MR PLANOWE  inne ONKO PORÓW.;kamienpomorski;0
MR PLANOWE  inne ONKO PORÓW.;kosmowroclaw;0
MR PLANOWE  inne ONKO PORÓW.;medinet;0
MR PLANOWE  inne ONKO PORÓW.;nrkrakow;0
MR PLANOWE  inne ONKO PORÓW.;nzozevita;0
MR PLANOWE  inne ONKO PORÓW.;powiatsredzki;0
MR PLANOWE  inne ONKO PORÓW.;smtorun;0
MR PLANOWE  inne ONKO PORÓW.;szpitalsiemiatycze;0
MR PLANOWE  inne ONKO PORÓW.;tdallmedica;0
MR PLANOWE  inne ONKO PORÓW.;tdcmbatorego;0
MR PLANOWE  inne ONKO PORÓW.;tdcrir;0
MR PLANOWE  inne ONKO PORÓW.;tdkoszalinmswia;0
MR PLANOWE  inne ONKO PORÓW.;tdorzesze;0
MR PLANOWE  inne ONKO PORÓW.;tdstalowawola;0
MR PLANOWE  inne ONKO PORÓW.;tdtargowek;0
MR PLANOWE  inne ONKO PORÓW.;tdzozwola;0
MR PLANOWE  inne ONKO PORÓW.;wegorzewo;0
MR PLANOWE  inne ONKO PORÓW.;wimed;0
MR PLANOWE  inne ONKO PORÓW.;wss5;0
MR PLANOWE  inne ONKO PORÓW.;bialogard;0
MR PLANOWE  inne ONKO PORÓW.;brodnica;0
MR PLANOWE  inne ONKO PORÓW.;brzesko;0
MR PLANOWE  inne ONKO PORÓW.;cobydgoszcz;0
MR PLANOWE  inne ONKO PORÓW.;dcmdolmed;0
MR PLANOWE  inne ONKO PORÓW.;dzierzoniow;0
MR PLANOWE  inne ONKO PORÓW.;faceclinic;0
MR PLANOWE  inne ONKO PORÓW.;goleniow;0
MR PLANOWE  inne ONKO PORÓW.;gorlice;0
MR PLANOWE  inne ONKO PORÓW.;grajewo;0
MR PLANOWE  inne ONKO PORÓW.;grodzisk;0
MR PLANOWE  inne ONKO PORÓW.;kartuzy;0
MR PLANOWE  inne ONKO PORÓW.;klodzko;0
MR PLANOWE  inne ONKO PORÓW.;lapy;0
MR PLANOWE  inne ONKO PORÓW.;lubaczow;0
MR PLANOWE  inne ONKO PORÓW.;mswsiedlce;0
MR PLANOWE  inne ONKO PORÓW.;nml;0
MR PLANOWE  inne ONKO PORÓW.;ostrow;0
MR PLANOWE  inne ONKO PORÓW.;pczotwock;0
MR PLANOWE  inne ONKO PORÓW.;radiomedica;0
MR PLANOWE  inne ONKO PORÓW.;rybnik;0
MR PLANOWE  inne ONKO PORÓW.;scanmed;0
MR PLANOWE  inne ONKO PORÓW.;sokolow;0
MR PLANOWE  inne ONKO PORÓW.;spbochnia;0
MR PLANOWE  inne ONKO PORÓW.;spzozlezajsk;0
MR PLANOWE  inne ONKO PORÓW.;spzozmc;0
MR PLANOWE  inne ONKO PORÓW.;spzozturek;0
MR PLANOWE  inne ONKO PORÓW.;spzzozsierpc;0
MR PLANOWE  inne ONKO PORÓW.;starachowice;0
MR PLANOWE  inne ONKO PORÓW.;swk;0
MR PLANOWE  inne ONKO PORÓW.;szpitaldzieciecy;0
MR PLANOWE  inne ONKO PORÓW.;szpitallubartow;0
MR PLANOWE  inne ONKO PORÓW.;szpitalopole;0
MR PLANOWE  inne ONKO PORÓW.;szpitalzakopane;0
MR PLANOWE  inne ONKO PORÓW.;szpitalzawiercie;0
MR PLANOWE  inne ONKO PORÓW.;tdbelzyce;0
MR PLANOWE  inne ONKO PORÓW.;tdbonifratrzy;0
MR PLANOWE  inne ONKO PORÓW.;tdbrodnowski;0
MR PLANOWE  inne ONKO PORÓW.;tdemcpiaseczno;0
MR PLANOWE  inne ONKO PORÓW.;tdgammaknife;0
MR PLANOWE  inne ONKO PORÓW.;tdgniezno;0
MR PLANOWE  inne ONKO PORÓW.;tdipin;0
MR PLANOWE  inne ONKO PORÓW.;tdkluczbork;0
MR PLANOWE  inne ONKO PORÓW.;tdkolbuszowa;0
MR PLANOWE  inne ONKO PORÓW.;tdksskrakow;0
MR PLANOWE  inne ONKO PORÓW.;tdneuromedyka;0
MR PLANOWE  inne ONKO PORÓW.;tdnowomedica;0
MR PLANOWE  inne ONKO PORÓW.;tdonkologiaradom;0
MR PLANOWE  inne ONKO PORÓW.;tdparczew;0
MR PLANOWE  inne ONKO PORÓW.;tdpionki;0
MR PLANOWE  inne ONKO PORÓW.;tdpraski;0
MR PLANOWE  inne ONKO PORÓW.;tdpoludniowy;0
MR PLANOWE  inne ONKO PORÓW.;tdpyrzyce;0
MR PLANOWE  inne ONKO PORÓW.;tdscanmedak5;0
MR PLANOWE  inne ONKO PORÓW.;tdscanmedpila;0
MR PLANOWE  inne ONKO PORÓW.;tdsmswinoujscie;0
MR PLANOWE  inne ONKO PORÓW.;tdspectrum;0
MR PLANOWE  inne ONKO PORÓW.;tdspzozkolo;0
MR PLANOWE  inne ONKO PORÓW.;tdspzozsiedlce;0
MR PLANOWE  inne ONKO PORÓW.;tdsulechowNOWY;0
MR PLANOWE  inne ONKO PORÓW.;tdszpitalchelm;0
MR PLANOWE  inne ONKO PORÓW.;tdszpitalkolno;0
MR PLANOWE  inne ONKO PORÓW.;tdwszplock;0
MR PLANOWE  inne ONKO PORÓW.;tdzoznidzica;320
MR PLANOWE  inne ONKO PORÓW.;tdzozplonsk;0
MR PLANOWE  inne ONKO PORÓW.;td7szmw;0
MR PLANOWE  inne ONKO PORÓW.;tworki;0
MR PLANOWE  inne ONKO PORÓW.;uskbialystok;0
MR PLANOWE  inne ONKO PORÓW.;uskpoznan;0
MR PLANOWE  inne ONKO PORÓW.;wlodawa;0
MR PLANOWE  inne ONKO PORÓW.;zambrow;0
MR PLANOWE  inne ONKO PORÓW.;zgorzelec;0
MR PLANOWE  inne ONKO PORÓW.;zozbiala;0
MR PLANOWE  inne ONKO PORÓW.;zozswietochlowice;0
MR PLANOWE  inne ONKO PORÓW.;almed;162,4
MR PLANOWE  inne ONKO PORÓW.;dabrowatarnowska;0
MR PLANOWE  inne ONKO PORÓW.;grupazdrowie;0
MR PLANOWE  inne ONKO PORÓW.;komed;0
MR PLANOWE  inne ONKO PORÓW.;poddebice2;0
MR PLANOWE  inne ONKO PORÓW.;swp;240
MR PLANOWE  inne ONKO PORÓW.;puszczykowo;240
MR PLANOWE  inne ONKO PORÓW.;rodamed;28,6
MR PLANOWE  inne ONKO PORÓW.;sm4gliwice;76,8
MR PLANOWE  inne ONKO PORÓW.;spzozswidnica;0
MR PLANOWE  inne ONKO PORÓW.;szpitaljaslo;0
MR PLANOWE  inne ONKO PORÓW.;szpitalrydygier;67,2
MR PLANOWE  inne ONKO PORÓW.;tdmilicz;0
MR PLANOWE  inne ONKO PORÓW.;tdsuchab;0
MR PLANOWE  inne ONKO PORÓW.;tomograf;240
MR PLANOWE  inne ONKO PORÓW.;wsswroclaw;90,625
MR PLANOWE  inne ONKO PORÓW.;wysmaz;93,75
MR PLANOWE  inne ONKO PORÓW.;zozbol;231,696
MR PLANOWE  inne ONKO PORÓW.;zozboleslawiec;231,696
MR PLANOWE  inne ONKO PORÓW.;zozsochaczew;0
MR PILNE GŁ/KRG ONKO PORÓW.;alfasochaczew;0
MR PILNE GŁ/KRG ONKO PORÓW.;bimed;0
MR PILNE GŁ/KRG ONKO PORÓW.;diamed;0
MR PILNE GŁ/KRG ONKO PORÓW.;domchojna2;0
MR PILNE GŁ/KRG ONKO PORÓW.;domchojna;0
MR PILNE GŁ/KRG ONKO PORÓW.;gz;0
MR PILNE GŁ/KRG ONKO PORÓW.;gzplonsk;0
MR PILNE GŁ/KRG ONKO PORÓW.;gzszczecin;0
MR PILNE GŁ/KRG ONKO PORÓW.;kamienpomorski;0
MR PILNE GŁ/KRG ONKO PORÓW.;kosmowroclaw;0
MR PILNE GŁ/KRG ONKO PORÓW.;medinet;0
MR PILNE GŁ/KRG ONKO PORÓW.;nrkrakow;0
MR PILNE GŁ/KRG ONKO PORÓW.;nzozevita;0
MR PILNE GŁ/KRG ONKO PORÓW.;powiatsredzki;0
MR PILNE GŁ/KRG ONKO PORÓW.;smtorun;0
MR PILNE GŁ/KRG ONKO PORÓW.;szpitalsiemiatycze;0
MR PILNE GŁ/KRG ONKO PORÓW.;tdallmedica;0
MR PILNE GŁ/KRG ONKO PORÓW.;tdcmbatorego;0
MR PILNE GŁ/KRG ONKO PORÓW.;tdcrir;0
MR PILNE GŁ/KRG ONKO PORÓW.;tdkoszalinmswia;0
MR PILNE GŁ/KRG ONKO PORÓW.;tdorzesze;0
MR PILNE GŁ/KRG ONKO PORÓW.;tdstalowawola;0
MR PILNE GŁ/KRG ONKO PORÓW.;tdtargowek;0
MR PILNE GŁ/KRG ONKO PORÓW.;tdzozwola;0
MR PILNE GŁ/KRG ONKO PORÓW.;wegorzewo;0
MR PILNE GŁ/KRG ONKO PORÓW.;wimed;0
MR PILNE GŁ/KRG ONKO PORÓW.;wss5;0
MR PILNE GŁ/KRG ONKO PORÓW.;bialogard;0
MR PILNE GŁ/KRG ONKO PORÓW.;brodnica;0
MR PILNE GŁ/KRG ONKO PORÓW.;brzesko;0
MR PILNE GŁ/KRG ONKO PORÓW.;cobydgoszcz;0
MR PILNE GŁ/KRG ONKO PORÓW.;dcmdolmed;0
MR PILNE GŁ/KRG ONKO PORÓW.;dzierzoniow;0
MR PILNE GŁ/KRG ONKO PORÓW.;faceclinic;0
MR PILNE GŁ/KRG ONKO PORÓW.;goleniow;0
MR PILNE GŁ/KRG ONKO PORÓW.;gorlice;0
MR PILNE GŁ/KRG ONKO PORÓW.;grajewo;0
MR PILNE GŁ/KRG ONKO PORÓW.;grodzisk;0
MR PILNE GŁ/KRG ONKO PORÓW.;kartuzy;0
MR PILNE GŁ/KRG ONKO PORÓW.;klodzko;0
MR PILNE GŁ/KRG ONKO PORÓW.;lapy;0
MR PILNE GŁ/KRG ONKO PORÓW.;lubaczow;0
MR PILNE GŁ/KRG ONKO PORÓW.;mswsiedlce;0
MR PILNE GŁ/KRG ONKO PORÓW.;nml;0
MR PILNE GŁ/KRG ONKO PORÓW.;ostrow;0
MR PILNE GŁ/KRG ONKO PORÓW.;pczotwock;0
MR PILNE GŁ/KRG ONKO PORÓW.;radiomedica;0
MR PILNE GŁ/KRG ONKO PORÓW.;rybnik;0
MR PILNE GŁ/KRG ONKO PORÓW.;scanmed;0
MR PILNE GŁ/KRG ONKO PORÓW.;sokolow;0
MR PILNE GŁ/KRG ONKO PORÓW.;spbochnia;0
MR PILNE GŁ/KRG ONKO PORÓW.;spzozlezajsk;0
MR PILNE GŁ/KRG ONKO PORÓW.;spzozmc;0
MR PILNE GŁ/KRG ONKO PORÓW.;spzozturek;0
MR PILNE GŁ/KRG ONKO PORÓW.;spzzozsierpc;0
MR PILNE GŁ/KRG ONKO PORÓW.;starachowice;0
MR PILNE GŁ/KRG ONKO PORÓW.;swk;0
MR PILNE GŁ/KRG ONKO PORÓW.;szpitaldzieciecy;0
MR PILNE GŁ/KRG ONKO PORÓW.;szpitallubartow;0
MR PILNE GŁ/KRG ONKO PORÓW.;szpitalopole;0
MR PILNE GŁ/KRG ONKO PORÓW.;szpitalzakopane;0
MR PILNE GŁ/KRG ONKO PORÓW.;szpitalzawiercie;0
MR PILNE GŁ/KRG ONKO PORÓW.;tdbelzyce;0
MR PILNE GŁ/KRG ONKO PORÓW.;tdbonifratrzy;0
MR PILNE GŁ/KRG ONKO PORÓW.;tdbrodnowski;0
MR PILNE GŁ/KRG ONKO PORÓW.;tdemcpiaseczno;0
MR PILNE GŁ/KRG ONKO PORÓW.;tdgammaknife;0
MR PILNE GŁ/KRG ONKO PORÓW.;tdgniezno;0
MR PILNE GŁ/KRG ONKO PORÓW.;tdipin;0
MR PILNE GŁ/KRG ONKO PORÓW.;tdkluczbork;0
MR PILNE GŁ/KRG ONKO PORÓW.;tdkolbuszowa;0
MR PILNE GŁ/KRG ONKO PORÓW.;tdksskrakow;0
MR PILNE GŁ/KRG ONKO PORÓW.;tdneuromedyka;0
MR PILNE GŁ/KRG ONKO PORÓW.;tdnowomedica;0
MR PILNE GŁ/KRG ONKO PORÓW.;tdonkologiaradom;0
MR PILNE GŁ/KRG ONKO PORÓW.;tdparczew;0
MR PILNE GŁ/KRG ONKO PORÓW.;tdpionki;0
MR PILNE GŁ/KRG ONKO PORÓW.;tdpraski;0
MR PILNE GŁ/KRG ONKO PORÓW.;tdpoludniowy;0
MR PILNE GŁ/KRG ONKO PORÓW.;tdpyrzyce;0
MR PILNE GŁ/KRG ONKO PORÓW.;tdscanmedak5;0
MR PILNE GŁ/KRG ONKO PORÓW.;tdscanmedpila;0
MR PILNE GŁ/KRG ONKO PORÓW.;tdsmswinoujscie;0
MR PILNE GŁ/KRG ONKO PORÓW.;tdspectrum;0
MR PILNE GŁ/KRG ONKO PORÓW.;tdspzozkolo;0
MR PILNE GŁ/KRG ONKO PORÓW.;tdspzozsiedlce;0
MR PILNE GŁ/KRG ONKO PORÓW.;tdsulechowNOWY;0
MR PILNE GŁ/KRG ONKO PORÓW.;tdszpitalchelm;0
MR PILNE GŁ/KRG ONKO PORÓW.;tdszpitalkolno;0
MR PILNE GŁ/KRG ONKO PORÓW.;tdwszplock;0
MR PILNE GŁ/KRG ONKO PORÓW.;tdzoznidzica;0
MR PILNE GŁ/KRG ONKO PORÓW.;tdzozplonsk;0
MR PILNE GŁ/KRG ONKO PORÓW.;td7szmw;0
MR PILNE GŁ/KRG ONKO PORÓW.;tworki;0
MR PILNE GŁ/KRG ONKO PORÓW.;uskbialystok;0
MR PILNE GŁ/KRG ONKO PORÓW.;uskpoznan;0
MR PILNE GŁ/KRG ONKO PORÓW.;wlodawa;0
MR PILNE GŁ/KRG ONKO PORÓW.;zambrow;0
MR PILNE GŁ/KRG ONKO PORÓW.;zgorzelec;0
MR PILNE GŁ/KRG ONKO PORÓW.;zozbiala;0
MR PILNE GŁ/KRG ONKO PORÓW.;zozswietochlowice;0
MR PILNE GŁ/KRG ONKO PORÓW.;almed;0
MR PILNE GŁ/KRG ONKO PORÓW.;dabrowatarnowska;0
MR PILNE GŁ/KRG ONKO PORÓW.;grupazdrowie;0
MR PILNE GŁ/KRG ONKO PORÓW.;komed;0
MR PILNE GŁ/KRG ONKO PORÓW.;poddebice2;0
MR PILNE GŁ/KRG ONKO PORÓW.;swp;187,5
MR PILNE GŁ/KRG ONKO PORÓW.;puszczykowo;187,5
MR PILNE GŁ/KRG ONKO PORÓW.;rodamed;23,1
MR PILNE GŁ/KRG ONKO PORÓW.;sm4gliwice;52,8
MR PILNE GŁ/KRG ONKO PORÓW.;spzozswidnica;0
MR PILNE GŁ/KRG ONKO PORÓW.;szpitaljaslo;0
MR PILNE GŁ/KRG ONKO PORÓW.;szpitalrydygier;0
MR PILNE GŁ/KRG ONKO PORÓW.;tdmilicz;0
MR PILNE GŁ/KRG ONKO PORÓW.;tdsuchab;0
MR PILNE GŁ/KRG ONKO PORÓW.;tomograf;187,5
MR PILNE GŁ/KRG ONKO PORÓW.;wsswroclaw;0
MR PILNE GŁ/KRG ONKO PORÓW.;wysmaz;75
MR PILNE GŁ/KRG ONKO PORÓW.;zozbol;274,896
MR PILNE GŁ/KRG ONKO PORÓW.;zozboleslawiec;274,896
MR PILNE GŁ/KRG ONKO PORÓW.;zozsochaczew;0
MR PILNE stawy ONKO PORÓW.;alfasochaczew;0
MR PILNE stawy ONKO PORÓW.;bimed;0
MR PILNE stawy ONKO PORÓW.;diamed;0
MR PILNE stawy ONKO PORÓW.;domchojna2;0
MR PILNE stawy ONKO PORÓW.;domchojna;0
MR PILNE stawy ONKO PORÓW.;gz;0
MR PILNE stawy ONKO PORÓW.;gzplonsk;0
MR PILNE stawy ONKO PORÓW.;gzszczecin;0
MR PILNE stawy ONKO PORÓW.;kamienpomorski;0
MR PILNE stawy ONKO PORÓW.;kosmowroclaw;0
MR PILNE stawy ONKO PORÓW.;medinet;0
MR PILNE stawy ONKO PORÓW.;nrkrakow;0
MR PILNE stawy ONKO PORÓW.;nzozevita;0
MR PILNE stawy ONKO PORÓW.;powiatsredzki;0
MR PILNE stawy ONKO PORÓW.;smtorun;0
MR PILNE stawy ONKO PORÓW.;szpitalsiemiatycze;0
MR PILNE stawy ONKO PORÓW.;tdallmedica;0
MR PILNE stawy ONKO PORÓW.;tdcmbatorego;0
MR PILNE stawy ONKO PORÓW.;tdcrir;0
MR PILNE stawy ONKO PORÓW.;tdkoszalinmswia;0
MR PILNE stawy ONKO PORÓW.;tdorzesze;0
MR PILNE stawy ONKO PORÓW.;tdstalowawola;0
MR PILNE stawy ONKO PORÓW.;tdtargowek;0
MR PILNE stawy ONKO PORÓW.;tdzozwola;0
MR PILNE stawy ONKO PORÓW.;wegorzewo;0
MR PILNE stawy ONKO PORÓW.;wimed;0
MR PILNE stawy ONKO PORÓW.;wss5;0
MR PILNE stawy ONKO PORÓW.;bialogard;0
MR PILNE stawy ONKO PORÓW.;brodnica;0
MR PILNE stawy ONKO PORÓW.;brzesko;0
MR PILNE stawy ONKO PORÓW.;cobydgoszcz;0
MR PILNE stawy ONKO PORÓW.;dcmdolmed;0
MR PILNE stawy ONKO PORÓW.;dzierzoniow;0
MR PILNE stawy ONKO PORÓW.;faceclinic;0
MR PILNE stawy ONKO PORÓW.;goleniow;0
MR PILNE stawy ONKO PORÓW.;gorlice;0
MR PILNE stawy ONKO PORÓW.;grajewo;0
MR PILNE stawy ONKO PORÓW.;grodzisk;0
MR PILNE stawy ONKO PORÓW.;kartuzy;0
MR PILNE stawy ONKO PORÓW.;klodzko;0
MR PILNE stawy ONKO PORÓW.;lapy;0
MR PILNE stawy ONKO PORÓW.;lubaczow;0
MR PILNE stawy ONKO PORÓW.;mswsiedlce;0
MR PILNE stawy ONKO PORÓW.;nml;0
MR PILNE stawy ONKO PORÓW.;ostrow;0
MR PILNE stawy ONKO PORÓW.;pczotwock;0
MR PILNE stawy ONKO PORÓW.;radiomedica;0
MR PILNE stawy ONKO PORÓW.;rybnik;0
MR PILNE stawy ONKO PORÓW.;scanmed;0
MR PILNE stawy ONKO PORÓW.;sokolow;0
MR PILNE stawy ONKO PORÓW.;spbochnia;0
MR PILNE stawy ONKO PORÓW.;spzozlezajsk;0
MR PILNE stawy ONKO PORÓW.;spzozmc;0
MR PILNE stawy ONKO PORÓW.;spzozturek;0
MR PILNE stawy ONKO PORÓW.;spzzozsierpc;0
MR PILNE stawy ONKO PORÓW.;starachowice;0
MR PILNE stawy ONKO PORÓW.;swk;0
MR PILNE stawy ONKO PORÓW.;szpitaldzieciecy;0
MR PILNE stawy ONKO PORÓW.;szpitallubartow;0
MR PILNE stawy ONKO PORÓW.;szpitalopole;0
MR PILNE stawy ONKO PORÓW.;szpitalzakopane;0
MR PILNE stawy ONKO PORÓW.;szpitalzawiercie;0
MR PILNE stawy ONKO PORÓW.;tdbelzyce;0
MR PILNE stawy ONKO PORÓW.;tdbonifratrzy;0
MR PILNE stawy ONKO PORÓW.;tdbrodnowski;0
MR PILNE stawy ONKO PORÓW.;tdemcpiaseczno;0
MR PILNE stawy ONKO PORÓW.;tdgammaknife;0
MR PILNE stawy ONKO PORÓW.;tdgniezno;0
MR PILNE stawy ONKO PORÓW.;tdipin;0
MR PILNE stawy ONKO PORÓW.;tdkluczbork;0
MR PILNE stawy ONKO PORÓW.;tdkolbuszowa;0
MR PILNE stawy ONKO PORÓW.;tdksskrakow;0
MR PILNE stawy ONKO PORÓW.;tdneuromedyka;0
MR PILNE stawy ONKO PORÓW.;tdnowomedica;0
MR PILNE stawy ONKO PORÓW.;tdonkologiaradom;0
MR PILNE stawy ONKO PORÓW.;tdparczew;0
MR PILNE stawy ONKO PORÓW.;tdpionki;0
MR PILNE stawy ONKO PORÓW.;tdpraski;0
MR PILNE stawy ONKO PORÓW.;tdpoludniowy;0
MR PILNE stawy ONKO PORÓW.;tdpyrzyce;0
MR PILNE stawy ONKO PORÓW.;tdscanmedak5;0
MR PILNE stawy ONKO PORÓW.;tdscanmedpila;0
MR PILNE stawy ONKO PORÓW.;tdsmswinoujscie;0
MR PILNE stawy ONKO PORÓW.;tdspectrum;0
MR PILNE stawy ONKO PORÓW.;tdspzozkolo;0
MR PILNE stawy ONKO PORÓW.;tdspzozsiedlce;0
MR PILNE stawy ONKO PORÓW.;tdsulechowNOWY;0
MR PILNE stawy ONKO PORÓW.;tdszpitalchelm;0
MR PILNE stawy ONKO PORÓW.;tdszpitalkolno;0
MR PILNE stawy ONKO PORÓW.;tdwszplock;0
MR PILNE stawy ONKO PORÓW.;tdzoznidzica;0
MR PILNE stawy ONKO PORÓW.;tdzozplonsk;0
MR PILNE stawy ONKO PORÓW.;td7szmw;0
MR PILNE stawy ONKO PORÓW.;tworki;0
MR PILNE stawy ONKO PORÓW.;uskbialystok;0
MR PILNE stawy ONKO PORÓW.;uskpoznan;0
MR PILNE stawy ONKO PORÓW.;wlodawa;0
MR PILNE stawy ONKO PORÓW.;zambrow;0
MR PILNE stawy ONKO PORÓW.;zgorzelec;0
MR PILNE stawy ONKO PORÓW.;zozbiala;0
MR PILNE stawy ONKO PORÓW.;zozswietochlowice;0
MR PILNE stawy ONKO PORÓW.;almed;0
MR PILNE stawy ONKO PORÓW.;dabrowatarnowska;0
MR PILNE stawy ONKO PORÓW.;grupazdrowie;0
MR PILNE stawy ONKO PORÓW.;komed;0
MR PILNE stawy ONKO PORÓW.;poddebice2;0
MR PILNE stawy ONKO PORÓW.;swp;240
MR PILNE stawy ONKO PORÓW.;puszczykowo;240
MR PILNE stawy ONKO PORÓW.;rodamed;26,4
MR PILNE stawy ONKO PORÓW.;sm4gliwice;74,4
MR PILNE stawy ONKO PORÓW.;spzozswidnica;0
MR PILNE stawy ONKO PORÓW.;szpitaljaslo;0
MR PILNE stawy ONKO PORÓW.;szpitalrydygier;0
MR PILNE stawy ONKO PORÓW.;tdmilicz;0
MR PILNE stawy ONKO PORÓW.;tdsuchab;0
MR PILNE stawy ONKO PORÓW.;tomograf;240
MR PILNE stawy ONKO PORÓW.;wsswroclaw;0
MR PILNE stawy ONKO PORÓW.;wysmaz;87,5
MR PILNE stawy ONKO PORÓW.;zozbol;274,896
MR PILNE stawy ONKO PORÓW.;zozboleslawiec;274,896
MR PILNE stawy ONKO PORÓW.;zozsochaczew;0
MR PILNE inne ONKO PORÓW.;alfasochaczew;0
MR PILNE inne ONKO PORÓW.;bimed;0
MR PILNE inne ONKO PORÓW.;diamed;0
MR PILNE inne ONKO PORÓW.;domchojna2;0
MR PILNE inne ONKO PORÓW.;domchojna;0
MR PILNE inne ONKO PORÓW.;gz;0
MR PILNE inne ONKO PORÓW.;gzplonsk;0
MR PILNE inne ONKO PORÓW.;gzszczecin;0
MR PILNE inne ONKO PORÓW.;kamienpomorski;0
MR PILNE inne ONKO PORÓW.;kosmowroclaw;0
MR PILNE inne ONKO PORÓW.;medinet;0
MR PILNE inne ONKO PORÓW.;nrkrakow;0
MR PILNE inne ONKO PORÓW.;nzozevita;0
MR PILNE inne ONKO PORÓW.;powiatsredzki;0
MR PILNE inne ONKO PORÓW.;smtorun;0
MR PILNE inne ONKO PORÓW.;szpitalsiemiatycze;0
MR PILNE inne ONKO PORÓW.;tdallmedica;0
MR PILNE inne ONKO PORÓW.;tdcmbatorego;0
MR PILNE inne ONKO PORÓW.;tdcrir;0
MR PILNE inne ONKO PORÓW.;tdkoszalinmswia;0
MR PILNE inne ONKO PORÓW.;tdorzesze;0
MR PILNE inne ONKO PORÓW.;tdstalowawola;0
MR PILNE inne ONKO PORÓW.;tdtargowek;0
MR PILNE inne ONKO PORÓW.;tdzozwola;0
MR PILNE inne ONKO PORÓW.;wegorzewo;0
MR PILNE inne ONKO PORÓW.;wimed;0
MR PILNE inne ONKO PORÓW.;wss5;0
MR PILNE inne ONKO PORÓW.;bialogard;0
MR PILNE inne ONKO PORÓW.;brodnica;0
MR PILNE inne ONKO PORÓW.;brzesko;0
MR PILNE inne ONKO PORÓW.;cobydgoszcz;0
MR PILNE inne ONKO PORÓW.;dcmdolmed;0
MR PILNE inne ONKO PORÓW.;dzierzoniow;0
MR PILNE inne ONKO PORÓW.;faceclinic;0
MR PILNE inne ONKO PORÓW.;goleniow;0
MR PILNE inne ONKO PORÓW.;gorlice;0
MR PILNE inne ONKO PORÓW.;grajewo;0
MR PILNE inne ONKO PORÓW.;grodzisk;0
MR PILNE inne ONKO PORÓW.;kartuzy;0
MR PILNE inne ONKO PORÓW.;klodzko;0
MR PILNE inne ONKO PORÓW.;lapy;0
MR PILNE inne ONKO PORÓW.;lubaczow;0
MR PILNE inne ONKO PORÓW.;mswsiedlce;0
MR PILNE inne ONKO PORÓW.;nml;0
MR PILNE inne ONKO PORÓW.;ostrow;0
MR PILNE inne ONKO PORÓW.;pczotwock;0
MR PILNE inne ONKO PORÓW.;radiomedica;0
MR PILNE inne ONKO PORÓW.;rybnik;0
MR PILNE inne ONKO PORÓW.;scanmed;0
MR PILNE inne ONKO PORÓW.;sokolow;0
MR PILNE inne ONKO PORÓW.;spbochnia;0
MR PILNE inne ONKO PORÓW.;spzozlezajsk;0
MR PILNE inne ONKO PORÓW.;spzozmc;0
MR PILNE inne ONKO PORÓW.;spzozturek;0
MR PILNE inne ONKO PORÓW.;spzzozsierpc;0
MR PILNE inne ONKO PORÓW.;starachowice;0
MR PILNE inne ONKO PORÓW.;swk;0
MR PILNE inne ONKO PORÓW.;szpitaldzieciecy;0
MR PILNE inne ONKO PORÓW.;szpitallubartow;0
MR PILNE inne ONKO PORÓW.;szpitalopole;0
MR PILNE inne ONKO PORÓW.;szpitalzakopane;0
MR PILNE inne ONKO PORÓW.;szpitalzawiercie;0
MR PILNE inne ONKO PORÓW.;tdbelzyce;0
MR PILNE inne ONKO PORÓW.;tdbonifratrzy;0
MR PILNE inne ONKO PORÓW.;tdbrodnowski;0
MR PILNE inne ONKO PORÓW.;tdemcpiaseczno;0
MR PILNE inne ONKO PORÓW.;tdgammaknife;0
MR PILNE inne ONKO PORÓW.;tdgniezno;0
MR PILNE inne ONKO PORÓW.;tdipin;0
MR PILNE inne ONKO PORÓW.;tdkluczbork;0
MR PILNE inne ONKO PORÓW.;tdkolbuszowa;0
MR PILNE inne ONKO PORÓW.;tdksskrakow;0
MR PILNE inne ONKO PORÓW.;tdneuromedyka;0
MR PILNE inne ONKO PORÓW.;tdnowomedica;0
MR PILNE inne ONKO PORÓW.;tdonkologiaradom;0
MR PILNE inne ONKO PORÓW.;tdparczew;0
MR PILNE inne ONKO PORÓW.;tdpionki;0
MR PILNE inne ONKO PORÓW.;tdpraski;0
MR PILNE inne ONKO PORÓW.;tdpoludniowy;0
MR PILNE inne ONKO PORÓW.;tdpyrzyce;0
MR PILNE inne ONKO PORÓW.;tdscanmedak5;0
MR PILNE inne ONKO PORÓW.;tdscanmedpila;0
MR PILNE inne ONKO PORÓW.;tdsmswinoujscie;0
MR PILNE inne ONKO PORÓW.;tdspectrum;0
MR PILNE inne ONKO PORÓW.;tdspzozkolo;0
MR PILNE inne ONKO PORÓW.;tdspzozsiedlce;0
MR PILNE inne ONKO PORÓW.;tdsulechowNOWY;0
MR PILNE inne ONKO PORÓW.;tdszpitalchelm;0
MR PILNE inne ONKO PORÓW.;tdszpitalkolno;0
MR PILNE inne ONKO PORÓW.;tdwszplock;0
MR PILNE inne ONKO PORÓW.;tdzoznidzica;0
MR PILNE inne ONKO PORÓW.;tdzozplonsk;0
MR PILNE inne ONKO PORÓW.;td7szmw;0
MR PILNE inne ONKO PORÓW.;tworki;0
MR PILNE inne ONKO PORÓW.;uskbialystok;0
MR PILNE inne ONKO PORÓW.;uskpoznan;0
MR PILNE inne ONKO PORÓW.;wlodawa;0
MR PILNE inne ONKO PORÓW.;zambrow;0
MR PILNE inne ONKO PORÓW.;zgorzelec;0
MR PILNE inne ONKO PORÓW.;zozbiala;0
MR PILNE inne ONKO PORÓW.;zozswietochlowice;0
MR PILNE inne ONKO PORÓW.;almed;0
MR PILNE inne ONKO PORÓW.;dabrowatarnowska;0
MR PILNE inne ONKO PORÓW.;grupazdrowie;0
MR PILNE inne ONKO PORÓW.;komed;0
MR PILNE inne ONKO PORÓW.;poddebice2;0
MR PILNE inne ONKO PORÓW.;swp;277,5
MR PILNE inne ONKO PORÓW.;puszczykowo;277,5
MR PILNE inne ONKO PORÓW.;rodamed;29,7
MR PILNE inne ONKO PORÓW.;sm4gliwice;84
MR PILNE inne ONKO PORÓW.;spzozswidnica;0
MR PILNE inne ONKO PORÓW.;szpitaljaslo;0
MR PILNE inne ONKO PORÓW.;szpitalrydygier;0
MR PILNE inne ONKO PORÓW.;tdmilicz;0
MR PILNE inne ONKO PORÓW.;tdsuchab;0
MR PILNE inne ONKO PORÓW.;tomograf;277,5
MR PILNE inne ONKO PORÓW.;wsswroclaw;0
MR PILNE inne ONKO PORÓW.;wysmaz;103,125
MR PILNE inne ONKO PORÓW.;zozbol;274,896
MR PILNE inne ONKO PORÓW.;zozboleslawiec;274,896
MR PILNE inne ONKO PORÓW.;zozsochaczew;0
MMG;alfasochaczew;0
MMG;bimed;0
MMG;diamed;0
MMG;domchojna2;0
MMG;domchojna;0
MMG;gz;0
MMG;gzplonsk;0
MMG;gzszczecin;0
MMG;kamienpomorski;0
MMG;kosmowroclaw;0
MMG;medinet;0
MMG;nrkrakow;0
MMG;nzozevita;0
MMG;powiatsredzki;0
MMG;smtorun;0
MMG;szpitalsiemiatycze;69
MMG;tdallmedica;67
MMG;tdcmbatorego;0
MMG;tdcrir;0
MMG;tdkoszalinmswia;0
MMG;tdorzesze;0
MMG;tdstalowawola;70
MMG;tdtargowek;60
MMG;tdzozwola;0
MMG;wegorzewo;0
MMG;wimed;0
MMG;wss5;0
MMG;bialogard;0
MMG;brodnica;79
MMG;brzesko;0
MMG;cobydgoszcz;0
MMG;dcmdolmed;0
MMG;dzierzoniow;0
MMG;faceclinic;0
MMG;goleniow;0
MMG;gorlice;0
MMG;grajewo;0
MMG;grodzisk;0
MMG;kartuzy;0
MMG;klodzko;79
MMG;lapy;0
MMG;lubaczow;0
MMG;mswsiedlce;0
MMG;nml;0
MMG;ostrow;0
MMG;pczotwock;0
MMG;radiomedica;0
MMG;rybnik;0
MMG;scanmed;0
MMG;sokolow;70
MMG;spbochnia;0
MMG;spzozlezajsk;0
MMG;spzozmc;0
MMG;spzozturek;75
MMG;spzzozsierpc;0
MMG;starachowice;0
MMG;swk;0
MMG;szpitaldzieciecy;0
MMG;szpitallubartow;0
MMG;szpitalopole;0
MMG;szpitalzakopane;0
MMG;szpitalzawiercie;0
MMG;tdbelzyce;0
MMG;tdblachownia;0
MMG;tdbonifratrzy;0
MMG;tdbrodnowski;0
MMG;tdemcpiaseczno;0
MMG;tdgammaknife;60
MMG;tdgniezno;0
MMG;tdipin;0
MMG;tdkluczbork;0
MMG;tdksskrakow;0
MMG;tdneuromedyka;0
MMG;tdnowomedica;0
MMG;tdonkologiaradom;60
MMG;tdparczew;0
MMG;tdpionki;0
MMG;tdpraski;0
MMG;tdpoludniowy;0
MMG;tdpyrzyce;0
MMG;tdscanmedak5;0
MMG;tdscanmedpila;0
MMG;tdsmswinoujscie;0
MMG;tdspectrum;0
MMG;tdspzozkolo;0
MMG;tdspzozsiedlce;0
MMG;tdsulechowNOWY;78
MMG;tdszpitalchelm;69
MMG;tdszpitalkolno;0
MMG;tdwszplock;65
MMG;tdzoznidzica;0
MMG;tdzozplonsk;0
MMG;td7szmw;0
MMG;tworki;0
MMG;uskbialystok;0
MMG;uskpoznan;0
MMG;wlodawa;0
MMG;zambrow;0
MMG;zgorzelec;0
MMG;zozbiala;0
MMG;zozswietochlowice;0
MMG;almed;0
MMG;dabrowatarnowska;75
MMG;grupazdrowie;75
MMG;komed;0
MMG;mswiapoznan;0
MMG;poddebice2;0
MMG;swp;0
MMG;puszczykowo;0
MMG;rodamed;0
MMG;sm4gliwice;0
MMG;spzozgrodzisk;0
MMG;spzozswidnica;0
MMG;szpitaljaslo;74
MMG;szpitalrydygier;0
MMG;tdmilicz;0
MMG;tdsuchab;0
MMG;tomograf;75
MMG;wsswroclaw;0
MMG;wysmaz;0
MMG;zozbol;0
MMG;zozboleslawiec;0
MMG;zozsochaczew;0
MMG SKRINING;alfasochaczew;0
MMG SKRINING;bimed;0
MMG SKRINING;diamed;0
MMG SKRINING;domchojna2;0
MMG SKRINING;domchojna;0
MMG SKRINING;gz;0
MMG SKRINING;gzplonsk;0
MMG SKRINING;gzszczecin;0
MMG SKRINING;kamienpomorski;0
MMG SKRINING;kosmowroclaw;0
MMG SKRINING;medinet;0
MMG SKRINING;nrkrakow;0
MMG SKRINING;nzozevita;0
MMG SKRINING;powiatsredzki;0
MMG SKRINING;smtorun;0
MMG SKRINING;szpitalsiemiatycze;79
MMG SKRINING;tdallmedica;77
MMG SKRINING;tdcmbatorego;0
MMG SKRINING;tdcrir;0
MMG SKRINING;tdkoszalinmswia;0
MMG SKRINING;tdorzesze;0
MMG SKRINING;tdstalowawola;80
MMG SKRINING;tdtargowek;70
MMG SKRINING;tdzozwola;0
MMG SKRINING;wegorzewo;0
MMG SKRINING;wimed;0
MMG SKRINING;wss5;0
MMG SKRINING;bialogard;0
MMG SKRINING;brodnica;79
MMG SKRINING;brzesko;0
MMG SKRINING;cobydgoszcz;0
MMG SKRINING;dcmdolmed;0
MMG SKRINING;dzierzoniow;0
MMG SKRINING;faceclinic;0
MMG SKRINING;goleniow;0
MMG SKRINING;gorlice;0
MMG SKRINING;grajewo;0
MMG SKRINING;grodzisk;0
MMG SKRINING;kartuzy;0
MMG SKRINING;klodzko;89
MMG SKRINING;lapy;0
MMG SKRINING;lubaczow;0
MMG SKRINING;mswsiedlce;0
MMG SKRINING;nml;0
MMG SKRINING;ostrow;0
MMG SKRINING;pczotwock;0
MMG SKRINING;radiomedica;0
MMG SKRINING;rybnik;0
MMG SKRINING;scanmed;0
MMG SKRINING;sokolow;0
MMG SKRINING;spbochnia;0
MMG SKRINING;spzozlezajsk;0
MMG SKRINING;spzozmc;0
MMG SKRINING;spzozturek;75
MMG SKRINING;spzzozsierpc;0
MMG SKRINING;starachowice;0
MMG SKRINING;swk;0
MMG SKRINING;szpitaldzieciecy;0
MMG SKRINING;szpitallubartow;0
MMG SKRINING;szpitalopole;0
MMG SKRINING;szpitalzakopane;0
MMG SKRINING;szpitalzawiercie;0
MMG SKRINING;tdbelzyce;0
MMG SKRINING;tdblachownia;0
MMG SKRINING;tdbonifratrzy;0
MMG SKRINING;tdbrodnowski;0
MMG SKRINING;tdemcpiaseczno;0
MMG SKRINING;tdgammaknife;70
MMG SKRINING;tdgniezno;0
MMG SKRINING;tdipin;0
MMG SKRINING;tdkluczbork;0
MMG SKRINING;tdksskrakow;0
MMG SKRINING;tdneuromedyka;0
MMG SKRINING;tdnowomedica;0
MMG SKRINING;tdonkologiaradom;70
MMG SKRINING;tdparczew;0
MMG SKRINING;tdpionki;0
MMG SKRINING;tdpraski;0
MMG SKRINING;tdpoludniowy;0
MMG SKRINING;tdpyrzyce;0
MMG SKRINING;tdscanmedak5;0
MMG SKRINING;tdscanmedpila;0
MMG SKRINING;tdsmswinoujscie;0
MMG SKRINING;tdspectrum;0
MMG SKRINING;tdspzozkolo;0
MMG SKRINING;tdspzozsiedlce;0
MMG SKRINING;tdsulechowNOWY;78
MMG SKRINING;tdszpitalchelm;79
MMG SKRINING;tdszpitalkolno;0
MMG SKRINING;tdzoznidzica;0
MMG SKRINING;tdzozplonsk;0
MMG SKRINING;td7szmw;0
MMG SKRINING;tworki;0
MMG SKRINING;uskbialystok;0
MMG SKRINING;uskpoznan;0
MMG SKRINING;wlodawa;0
MMG SKRINING;zambrow;0
MMG SKRINING;zgorzelec;0
MMG SKRINING;zozbiala;0
MMG SKRINING;zozswietochlowice;0
MMG SKRINING;almed;0
MMG SKRINING;dabrowatarnowska;85
MMG SKRINING;grupazdrowie;0
MMG SKRINING;komed;0
MMG SKRINING;mswiapoznan;0
MMG SKRINING;poddebice2;0
MMG SKRINING;swp;0
MMG SKRINING;puszczykowo;0
MMG SKRINING;rodamed;0
MMG SKRINING;sm4gliwice;0
MMG SKRINING;spzozgrodzisk;0
MMG SKRINING;spzozswidnica;0
MMG SKRINING;szpitaljaslo;89
MMG SKRINING;szpitalrydygier;0
MMG SKRINING;tdmilicz;0
MMG SKRINING;tdsuchab;0
MMG SKRINING;tomograf;85
MMG SKRINING;wsswroclaw;0
MMG SKRINING;wysmaz;0
MMG SKRINING;zozbol;0
MMG SKRINING;zozboleslawiec;0
MMG SKRINING;zozsochaczew;0
WSPARCIE;alfasochaczew;1500
WSPARCIE;bimed;0
WSPARCIE;diamed;1200
WSPARCIE;domchojna2;1750
WSPARCIE;domchojna;1750
WSPARCIE;gz;1500
WSPARCIE;gzplonsk;1500
WSPARCIE;gzszczecin;1500
WSPARCIE;kamienpomorski;1000
WSPARCIE;kosmowroclaw;2500
WSPARCIE;medinet;1750
WSPARCIE;nrkrakow;850
WSPARCIE;nzozevita;1500
WSPARCIE;powiatsredzki;1845
WSPARCIE;smtorun;0
WSPARCIE;szpitalsiemiatycze;0
WSPARCIE;tdallmedica;0
WSPARCIE;tdcmbatorego;750
WSPARCIE;tdkoszalinmswia;0
WSPARCIE;tdorzesze;0
WSPARCIE;tdstalowawola;1500
WSPARCIE;tdzozwola;0
WSPARCIE;wegorzewo;0
WSPARCIE;wimed;1750
WSPARCIE;wss5;0
WSPARCIE;bialogard;2000
WSPARCIE;brodnica;0
WSPARCIE;brzesko;0
WSPARCIE;cobydgoszcz;3075
WSPARCIE;dcmdolmed;0
WSPARCIE;dzierzoniow;1500
WSPARCIE;faceclinic;0
WSPARCIE;goleniow;0
WSPARCIE;gorlice;0
WSPARCIE;grajewo;0
WSPARCIE;grodzisk;0
WSPARCIE;kartuzy;0
WSPARCIE;klodzko;1500
WSPARCIE;lapy;0
WSPARCIE;lubaczow;1500
WSPARCIE;mswsiedlce;1500
WSPARCIE;nml;1500
WSPARCIE;ostrow;0
WSPARCIE;pczotwock;0
WSPARCIE;radiomedica;1500
WSPARCIE;rybnik;0
WSPARCIE;scanmed;1000
WSPARCIE;sokolow;0
WSPARCIE;spbochnia;0
WSPARCIE;spzozlezajsk;0
WSPARCIE;spzozmc;0
WSPARCIE;spzozturek;0
WSPARCIE;spzzozsierpc;1300
WSPARCIE;starachowice;0
WSPARCIE;swk;0
WSPARCIE;szpitaldzieciecy;0
WSPARCIE;szpitallubartow;0
WSPARCIE;szpitalopole;0
WSPARCIE;szpitalzakopane;0
WSPARCIE;szpitalzawiercie;0
WSPARCIE;tdbelzyce;0
WSPARCIE;tdblachownia;1000
WSPARCIE;tdbonifratrzy;1700
WSPARCIE;tdbrodnowski;0
WSPARCIE;tdemcpiaseczno;1500
WSPARCIE;tdgammaknife;0
WSPARCIE;tdgniezno;0
WSPARCIE;tdipin;0
WSPARCIE;tdkluczbork;1000
WSPARCIE;tdkolbuszowa;0
WSPARCIE;tdksskrakow;2000
WSPARCIE;tdneuromedyka;0
WSPARCIE;tdnowomedica;500
WSPARCIE;tdonkologiaradom;0
WSPARCIE;tdparczew;1500
WSPARCIE;tdpionki;1500
WSPARCIE;tdpraski;0
WSPARCIE;tdpyrzyce;0
WSPARCIE;tdscanmedak5;1000
WSPARCIE;tdscanmedpila;1000
WSPARCIE;tdsmswinoujscie;0
WSPARCIE;tdspectrum;1000
WSPARCIE;tdspzozkolo;0
WSPARCIE;tdspzozsiedlce;0
WSPARCIE;tdszpitalchelm;4000
WSPARCIE;tdszpitalkolno;0
WSPARCIE;tdzoznidzica;0
WSPARCIE;tdzozplonsk;0
WSPARCIE;td7szmw;0
WSPARCIE;tworki;0
WSPARCIE;uskbialystok;2000
WSPARCIE;uskpoznan;0
WSPARCIE;wlodawa;0
WSPARCIE;zambrow;1000
WSPARCIE;zgorzelec;2500
WSPARCIE;zozbiala;1750
WSPARCIE;zozswietochlowice;0
WSPARCIE;almed;2000
WSPARCIE;dabrowatarnowska;1000
WSPARCIE;grupazdrowie;1500
WSPARCIE;komed;1500
WSPARCIE;mswiapoznan;0
WSPARCIE;poddebice2;1200
WSPARCIE;swp;1500
WSPARCIE;puszczykowo;1500
WSPARCIE;rodamed;1000
WSPARCIE;sm4gliwice;0
WSPARCIE;spzozgrodzisk;1000
WSPARCIE;spzozswidnica;1700
WSPARCIE;szpitaljaslo;2000
WSPARCIE;szpitalrydygier;0
WSPARCIE;tdmilicz;1500
WSPARCIE;tdsuchab;0
WSPARCIE;tomograf;0
WSPARCIE;wsswroclaw;0
WSPARCIE;wysmaz;2500
WSPARCIE;zozbol;1500
WSPARCIE;zozboleslawiec;1500
WSPARCIE;zozsochaczew;0
RTG CITO;tdsulechow;36
RTG PILNE;tdsulechow;32
RTG PLANOWE;tdsulechow;28
TK CITO;tdsulechow;230
TK PILNE;tdsulechow;210
TK PLANOWE;tdsulechow;180
TK ANGIO CITO;tdsulechow;0
TK ANGIO PILNE;tdsulechow;0
TK ANGIO PLANOWE;tdsulechow;0
TK PORÓWNAWCZE CITO;tdsulechow;0
TK PORÓWNAWCZE PILNE;tdsulechow;0
TK PORÓWNAWCZE PLANOWE;tdsulechow;0
TK PORÓWNAWCZE CITO ANGIO;tdsulechow;0
TK PORÓWNAWCZE PILNE ANGIO;tdsulechow;0
TK PORÓWNAWCZE PLANOWE ANGIO ;tdsulechow;0
TK CITO ONKO;tdsulechow;0
TK PILNE ONKO;tdsulechow;0
TK PLANOWE ONKO;tdsulechow;0
TK PORÓWNAWCZE CITO ONKO;tdsulechow;0
TK PORÓWNAWCZE PILNE ONKO;tdsulechow;0
TK PORÓWNAWCZE PLANOWE ONKO;tdsulechow;0
MR PLANOWE GŁ/KRG;tdsulechow;0
MR PLANOWE  stawy;tdsulechow;0
MR PLANOWE  inne;tdsulechow;0
MR PILNE GŁ/KRG;tdsulechow;0
MR PILNE stawy;tdsulechow;0
MR PILNE inne ;tdsulechow;0
MR PLANOWE GŁ/KRG angio;tdsulechow;0
MR PLANOWE  stawy angio;tdsulechow;0
MR PLANOWE  inne angio;tdsulechow;0
MR PILNE GŁ/KRG angio;tdsulechow;0
MR PILNE stawy angio;tdsulechow;0
MR PILNE inne  angio;tdsulechow;0
MR PLANOWE GŁ/KRG PORÓWNAWCZE;tdsulechow;0
MR PLANOWE  stawy PORÓWNAWCZE;tdsulechow;0
MR PLANOWE  inne PORÓWNAWCZE;tdsulechow;0
MR PILNE GŁ/KRG PORÓWNAWCZE;tdsulechow;0
MR PILNE stawy PORÓWNAWCZE;tdsulechow;0
MR PILNE inne PORÓWNAWCZE;tdsulechow;0
MR PLANOWE GŁ/KRG angio PORÓWNAWCZE;tdsulechow;0
MR PLANOWE  stawy angio PORÓWNAWCZE;tdsulechow;0
MR PLANOWE  inne angio PORÓWNAWCZE;tdsulechow;0
MR PILNE GŁ/KRG angio PORÓWNAWCZE;tdsulechow;0
MR PILNE stawy angio PORÓWNAWCZE;tdsulechow;0
MR PILNE inne  angio PORÓWNAWCZE;tdsulechow;0
MR PLANOWE GŁ/KRG ONKO;tdsulechow;0
MR PLANOWE  stawy ONKO;tdsulechow;0
MR PLANOWE  inne ONKO;tdsulechow;0
MR PILNE GŁ/KRG ONKO;tdsulechow;0
MR PILNE stawy ONKO;tdsulechow;0
MR PILNE inne ONKO;tdsulechow;0
MR PLANOWE GŁ/KRG ONKO PORÓW.;tdsulechow;0
MR PLANOWE  stawy ONKO PORÓW.;tdsulechow;0
MR PLANOWE  inne ONKO PORÓW.;tdsulechow;0
MR PILNE GŁ/KRG ONKO PORÓW.;tdsulechow;0
MR PILNE stawy ONKO PORÓW.;tdsulechow;0
MR PILNE inne ONKO PORÓW.;tdsulechow;0
MMG;tdsulechow;78
MMG SKRINING;tdsulechow;78
RTG CITO;poddebice;34
RTG PILNE;poddebice;32
RTG PLANOWE;poddebice;29,5
TK CITO;poddebice;215
TK PILNE;poddebice;200
TK PLANOWE;poddebice;180
TK ANGIO CITO;poddebice;236,5
TK ANGIO PILNE;poddebice;220
TK ANGIO PLANOWE;poddebice;198
TK PORÓWNAWCZE CITO;poddebice;43
TK PORÓWNAWCZE PILNE;poddebice;40
TK PORÓWNAWCZE PLANOWE;poddebice;36
TK PORÓWNAWCZE CITO ANGIO;poddebice;47,3
TK PORÓWNAWCZE PILNE ANGIO;poddebice;44
TK PORÓWNAWCZE PLANOWE ANGIO ;poddebice;39,6
TK CITO ONKO;poddebice;258
TK PILNE ONKO;poddebice;240
TK PLANOWE ONKO;poddebice;216
TK PORÓWNAWCZE CITO ONKO;poddebice;51,6
TK PORÓWNAWCZE PILNE ONKO;poddebice;48
TK PORÓWNAWCZE PLANOWE ONKO;poddebice;43,2
MR PLANOWE GŁ/KRG;poddebice;0
MR PLANOWE  stawy;poddebice;0
MR PLANOWE  inne;poddebice;0
MR PILNE GŁ/KRG;poddebice;0
MR PILNE stawy;poddebice;0
MR PILNE inne ;poddebice;0
MR PLANOWE GŁ/KRG angio;poddebice;0
MR PLANOWE  stawy angio;poddebice;0
MR PLANOWE  inne angio;poddebice;0
MR PILNE GŁ/KRG angio;poddebice;0
MR PILNE stawy angio;poddebice;0
MR PILNE inne  angio;poddebice;0
MR PLANOWE GŁ/KRG PORÓWNAWCZE;poddebice;0
MR PLANOWE  stawy PORÓWNAWCZE;poddebice;0
MR PLANOWE  inne PORÓWNAWCZE;poddebice;0
MR PILNE GŁ/KRG PORÓWNAWCZE;poddebice;0
MR PILNE stawy PORÓWNAWCZE;poddebice;0
MR PILNE inne PORÓWNAWCZE;poddebice;0
MR PLANOWE GŁ/KRG angio PORÓWNAWCZE;poddebice;0
MR PLANOWE  stawy angio PORÓWNAWCZE;poddebice;0
MR PLANOWE  inne angio PORÓWNAWCZE;poddebice;0
MR PILNE GŁ/KRG angio PORÓWNAWCZE;poddebice;0
MR PILNE stawy angio PORÓWNAWCZE;poddebice;0
MR PILNE inne  angio PORÓWNAWCZE;poddebice;0
MR PLANOWE GŁ/KRG ONKO;poddebice;0
MR PLANOWE  stawy ONKO;poddebice;0
MR PLANOWE  inne ONKO;poddebice;0
MR PILNE GŁ/KRG ONKO;poddebice;0
MR PILNE stawy ONKO;poddebice;0
MR PILNE inne ONKO;poddebice;0
MR PLANOWE GŁ/KRG ONKO PORÓW.;poddebice;0
MR PLANOWE  stawy ONKO PORÓW.;poddebice;0
MR PLANOWE  inne ONKO PORÓW.;poddebice;0
MR PILNE GŁ/KRG ONKO PORÓW.;poddebice;0
MR PILNE stawy ONKO PORÓW.;poddebice;0
MR PILNE inne ONKO PORÓW.;poddebice;0
MMG;poddebice;0
MMG SKRINING;poddebice;0
WSPARCIE;poddebice;1200
RTG CITO;tdscanmed2;38
RTG PILNE;tdscanmed2;36
RTG PLANOWE;tdscanmed2;30,5
TK CITO;tdscanmed2;215
TK PILNE;tdscanmed2;195
TK PLANOWE;tdscanmed2;188
TK ANGIO CITO;tdscanmed2;0
TK ANGIO PILNE;tdscanmed2;0
TK ANGIO PLANOWE;tdscanmed2;0
TK PORÓWNAWCZE CITO;tdscanmed2;0
TK PORÓWNAWCZE PILNE;tdscanmed2;0
TK PORÓWNAWCZE PLANOWE;tdscanmed2;0
TK PORÓWNAWCZE CITO ANGIO;tdscanmed2;0
TK PORÓWNAWCZE PILNE ANGIO;tdscanmed2;0
TK PORÓWNAWCZE PLANOWE ANGIO ;tdscanmed2;0
TK CITO ONKO;tdscanmed2;0
TK PILNE ONKO;tdscanmed2;0
TK PLANOWE ONKO;tdscanmed2;0
TK PORÓWNAWCZE CITO ONKO;tdscanmed2;0
TK PORÓWNAWCZE PILNE ONKO;tdscanmed2;0
TK PORÓWNAWCZE PLANOWE ONKO;tdscanmed2;0
MR PLANOWE GŁ/KRG;tdscanmed2;198
MR PLANOWE  stawy;tdscanmed2;250
MR PLANOWE  inne;tdscanmed2;290
MR PILNE GŁ/KRG;tdscanmed2;0
MR PILNE stawy;tdscanmed2;0
MR PILNE inne ;tdscanmed2;0
MR PLANOWE GŁ/KRG angio;tdscanmed2;0
MR PLANOWE  stawy angio;tdscanmed2;0
MR PLANOWE  inne angio;tdscanmed2;0
MR PILNE GŁ/KRG angio;tdscanmed2;0
MR PILNE stawy angio;tdscanmed2;0
MR PILNE inne  angio;tdscanmed2;0
MR PLANOWE GŁ/KRG PORÓWNAWCZE;tdscanmed2;0
MR PLANOWE  stawy PORÓWNAWCZE;tdscanmed2;0
MR PLANOWE  inne PORÓWNAWCZE;tdscanmed2;0
MR PILNE GŁ/KRG PORÓWNAWCZE;tdscanmed2;0
MR PILNE stawy PORÓWNAWCZE;tdscanmed2;0
MR PILNE inne PORÓWNAWCZE;tdscanmed2;0
MR PLANOWE GŁ/KRG angio PORÓWNAWCZE;tdscanmed2;0
MR PLANOWE  stawy angio PORÓWNAWCZE;tdscanmed2;0
MR PLANOWE  inne angio PORÓWNAWCZE;tdscanmed2;0
MR PILNE GŁ/KRG angio PORÓWNAWCZE;tdscanmed2;0
MR PILNE stawy angio PORÓWNAWCZE;tdscanmed2;0
MR PILNE inne  angio PORÓWNAWCZE;tdscanmed2;0
MR PLANOWE GŁ/KRG ONKO;tdscanmed2;0
MR PLANOWE  stawy ONKO;tdscanmed2;0
MR PLANOWE  inne ONKO;tdscanmed2;0
MR PILNE GŁ/KRG ONKO;tdscanmed2;0
MR PILNE stawy ONKO;tdscanmed2;0
MR PILNE inne ONKO;tdscanmed2;0
MR PLANOWE GŁ/KRG ONKO PORÓW.;tdscanmed2;0
MR PLANOWE  stawy ONKO PORÓW.;tdscanmed2;0
MR PLANOWE  inne ONKO PORÓW.;tdscanmed2;0
MR PILNE GŁ/KRG ONKO PORÓW.;tdscanmed2;0
MR PILNE stawy ONKO PORÓW.;tdscanmed2;0
MR PILNE inne ONKO PORÓW.;tdscanmed2;0
MMG;tdscanmed2;0
MMG SKRINING;tdscanmed2;0
WSPARCIE;tdscanmed2;1000
